status,height_Mm,temperature_K,pressure_dyn_cm2,pressure_Pa,i_ne_over_nH,f_cm3,f_1e16_cm3,proton_fraction_np_over_nH,f_proton_cm3,f_proton_1e16_cm3,ne_cm3,nH_cm3,n2_cm3,hydrogen_population_sum_over_nH,reconstructed_pressure_Pa,pressure_relative_error,center_index,n_depth_points,iterations,duration_s,bc_type,boundary_source,Nhalf_points,Nrays,threads_per_model,JTol,popsTol,error_type,error_message
ok,1,6000,0.01,0.001,0.7746709493618363,8.299475111268715e+16,8.299475111268714,0.7740447728894271,8.286063389356997e+16,8.286063389356997,5025580234.679554,6487374076.463769,304.3139036697578,1.0000000000000002,0.0010000277848492,2.778484921848491e-05,45,91,62,22.242835202996503,cone,Promweaver FAL-C tabulated boundary,45,10,1,0.005,0.001,,
ok,1,6000,0.02,0.002,0.6528032073350837,7.516899236413605e+16,7.516899236413605,0.6522541494771947,7.504259969650619e+16,7.50425996965062,9063518369.283094,13883997914.597857,1092.8357910186046,1.0,0.0020000509394101,2.546970506744385e-05,45,91,63,22.7730097110034,cone,Promweaver FAL-C tabulated boundary,45,10,1,0.005,0.001,,
ok,1,6000,0.05,0.005,0.4199073568765975,6.9901062394324776e+16,6.990106239432477,0.4194230582908871,6.973991511745188e+16,6.973991511745188,16828790108.781197,40077388102.84013,4051.557541826508,0.9999999999999998,0.005000112060751,2.2412150199775657e-05,45,91,65,23.43476042999828,cone,Promweaver FAL-C tabulated boundary,45,10,1,0.005,0.001,,
ok,1,6000,0.1,0.01,0.2564369666433259,6.844387790690201e+16,6.844387790690201,0.2559789742785073,6.819961685913538e+16,6.819961685913539,23057005399.23351,89912954832.69046,7767.319945012542,1.0,0.0100000849524553,8.49524553446501e-06,45,91,66,13.292039791995194,cone,Promweaver FAL-C tabulated boundary,45,10,1,0.005,0.001,,
ok,1,6000,0.2,0.02,0.1497068926982942,6.817878683949024e+16,6.817878683949024,0.1492662917664813,6.77780647112601e+16,6.77780647112601,29246009188.74581,195355128021.29672,12545.383881380303,1.0000000000000002,0.0200000984205934,4.921029672297349e-06,45,91,66,13.527394268996431,cone,Promweaver FAL-C tabulated boundary,45,10,1,0.005,0.001,,
ok,1,8000,0.01,0.001,0.8460705665567327,1.0452745723489226e+17,10.452745723489226,0.844986399130572,1.042597427902365e+17,10.42597427902365,3964233538.3676753,4685464422.312882,150.34468418574744,1.0,0.0009999690929033,-3.090709663894353e-05,45,91,88,24.33856562699657,cone,Promweaver FAL-C tabulated boundary,45,10,1,0.005,0.001,,
ok,1,8000,0.02,0.002,0.7496311485973535,9.590802130190051e+16,9.590802130190053,0.7485773313711875,9.563855948896642e+16,9.56385594889664,7393778643.00111,9863222275.162558,570.0040713968523,1.0,0.0019999402351246,-2.9882437697697703e-05,45,91,90,25.30980477500998,cone,Promweaver FAL-C tabulated boundary,45,10,1,0.005,0.001,,
ok,1,8000,0.05,0.005,0.565599703432816,8.898288874090978e+16,8.898288874090978,0.5645702949897253,8.86592804388926e+16,8.86592804388926,15500583122.007248,27405571516.26665,2700.1604524420545,1.0,0.0049998908656006,-2.182687987677123e-05,45,91,92,29.31591278398992,cone,Promweaver FAL-C tabulated boundary,45,10,1,0.005,0.001,,
ok,1,8000,0.1,0.01,0.4119733882559812,8.663094220671221e+16,8.663094220671221,0.4109562870674893,8.620371234904683e+16,8.620371234904683,24896624175.347004,60432602893.945656,7154.9711862702925,1.0000000000000002,0.0099999181242592,-8.187574077229974e-06,45,91,93,25.460132074993453,cone,Promweaver FAL-C tabulated boundary,45,10,1,0.005,0.001,,
ok,1,8000,0.2,0.02,0.3150955755376176,8.610915030182898e+16,8.610915030182898,0.3140900785343404,8.55604637875465e+16,8.55604637875465,40717371121.75597,129222287721.063,19253.5207379882,0.9999999999999998,0.0199999698275521,-1.5086223941959685e-06,45,91,94,27.439319258992327,cone,Promweaver FAL-C tabulated boundary,45,10,1,0.005,0.001,,
ok,1,10000,0.01,0.001,0.9323284474742972,1.2951106498555872e+17,12.951106498555871,0.8856614915064404,1.1687039911300323e+17,11.687039911300324,3345384354.689919,3588203667.658812,86.41421087728693,1.0,0.0009999732881125,-2.6711887493591213e-05,45,91,103,32.48399983700074,cone,Promweaver FAL-C tabulated boundary,45,10,1,0.005,0.001,,
ok,1,10000,0.02,0.002,0.8511699579192465,1.146056119227498e+17,11.46056119227498,0.8179677801989692,1.058389944436512e+17,10.58389944436512,6364230140.634893,7477038024.453736,353.41572374542244,1.0,0.0019999456052762,-2.719736186176241e-05,45,91,118,40.48037134300103,cone,Promweaver FAL-C tabulated boundary,45,10,1,0.005,0.001,,
ok,1,10000,0.05,0.005,0.7585635813135295,1.0099287758546754e+17,10.099287758546753,0.7399771186772952,9.610441769983405e+16,9.610441769983405,14891621012.95064,19631341893.799187,2195.802136697048,1.0,0.0049999565530176,-8.689396461224184e-06,45,91,130,44.55461282200122,cone,Promweaver FAL-C tabulated boundary,45,10,1,0.005,0.001,,
ok,1,10000,0.1,0.01,0.7474840082974157,1.0001417370470205e+17,10.001417370470206,0.736580876634372,9.71177513854549e+16,9.71177513854549,29525765510.51203,39500196904.23137,8716.472842696257,0.9999999999999998,0.0099999820770501,-1.7922949815257767e-06,45,91,131,44.90666356399015,cone,Promweaver FAL-C tabulated boundary,45,10,1,0.005,0.001,,
ok,1,10000,0.2,0.02,0.7561685865587661,1.0345246486576451e+17,10.345246486576452,0.7499213372893234,1.0175013657189146e+17,10.175013657189146,59456114397.27783,78628120043.77963,34170.568519649,1.0000000000000002,0.0199999967863516,-1.606824161573539e-07,45,91,129,36.67398821600364,cone,Promweaver FAL-C tabulated boundary,45,10,1,0.005,0.001,,
ok,1,12000,0.01,0.001,0.9999165991029602,1.506286023598972e+17,15.06286023598972,0.914139500162384,1.2589394453054122e+17,12.58939445305412,2893063836.9972234,2893305141.2414126,55.56592993502704,1.0,0.0009999788529906,-2.114700931358203e-05,45,91,88,30.863224065993563,cone,Promweaver FAL-C tabulated boundary,45,10,1,0.005,0.001,,
ok,1,12000,0.02,0.002,0.9578979838315812,1.2808497300701194e+17,12.808497300701193,0.8725157002291636,1.0626889475307718e+17,10.62688947530772,5656941042.455342,5905577773.352901,249.8418136533773,1.0,0.0019999627604314,-1.86197842550178e-05,45,91,107,37.19147176000115,cone,Promweaver FAL-C tabulated boundary,45,10,1,0.005,0.001,,
ok,1,12000,0.05,0.005,0.946163346353902,1.0858169423393715e+17,10.858169423393717,0.8619517869486266,9.011359647116258e+16,9.011359647116258,14049977644.016323,14849420766.677095,1818.0032388522127,1.0,0.004999984039137,-3.192172585986252e-06,45,91,127,43.48240078399249,cone,Promweaver FAL-C tabulated boundary,45,10,1,0.005,0.001,,
ok,1,12000,0.1,0.01,0.9675608239089752,1.0866855197377469e+17,10.866855197377468,0.8852799442182265,9.09721753379895e+16,9.09721753379895,28436118343.849503,29389489157.86681,7441.093230547136,1.0,0.0099999943244802,-5.675519800657501e-07,45,91,137,42.731703715006006,cone,Promweaver FAL-C tabulated boundary,45,10,1,0.005,0.001,,
ok,1,12000,0.2,0.02,0.9869917104537982,1.1619607893700942e+17,11.619607893700945,0.908345703947695,9.84162461072966e+16,9.841624610729658,57470642653.981705,58228090515.12489,28425.010527697486,1.0,0.0199999979947023,-1.0026488458936277e-07,45,91,141,47.946347854012856,cone,Promweaver FAL-C tabulated boundary,45,10,1,0.005,0.001,,
ok,1,14000,0.01,0.001,1.021955431852056,1.6519702465699222e+17,16.519702465699222,0.9356543740062664,1.38474310926417e+17,13.8474310926417,2507937522.1827507,2454057627.1880064,38.07423667727622,1.0,0.0009999822021221,-1.7797877849019123e-05,45,91,68,24.44058087799931,cone,Promweaver FAL-C tabulated boundary,45,10,1,0.005,0.001,,
ok,1,14000,0.02,0.002,0.99893431018336,1.3396727147981408e+17,13.396727147981409,0.9126791171802958,1.118307092896358e+17,11.18307092896358,4957045084.69476,4962333392.858302,183.4201421008936,1.0,0.0019999758750395,-1.2062480216068485e-05,45,91,88,17.635897123007453,cone,Promweaver FAL-C tabulated boundary,45,10,1,0.005,0.001,,
ok,1,14000,0.05,0.005,1.006608857333044,1.1103765694968376e+17,11.103765694968375,0.9204161471856152,9.28361778917055e+16,9.28361778917055,12442153185.860271,12360464638.494326,1394.186262148553,1.0,0.0049999904995019,-1.9000996083831648e-06,45,91,109,37.5985846399999,cone,Promweaver FAL-C tabulated boundary,45,10,1,0.005,0.001,,
ok,1,14000,0.1,0.01,1.0246264879657176,1.1015729375101362e+17,11.015729375101362,0.9385011743553036,9.241697333753091e+16,9.241697333753091,25113542575.787277,24509948621.031094,5725.358705084173,1.0,0.009999996172942,-3.827057904956521e-07,45,91,122,26.52479750099883,cone,Promweaver FAL-C tabulated boundary,45,10,1,0.005,0.001,,
ok,1,14000,0.2,0.02,1.0397442444956129,1.170299217511222e+17,11.70299217511222,0.9537300112470992,9.846791961274114e+16,9.846791961274114,50605724756.3959,48671319917.66406,21882.7744204276,1.0,0.0199999982585651,-8.707174477956546e-08,45,91,131,45.79757880800753,cone,Promweaver FAL-C tabulated boundary,45,10,1,0.005,0.001,,
ok,2,6000,0.01,0.001,0.7690543751659447,8.177773599411312e+16,8.177773599411312,0.768427602729893,8.164449406518066e+16,8.164449406518065,5004249569.004375,6507016578.541109,306.22654741485144,1.0000000000000002,0.0010000281275418,2.81275418310533e-05,45,91,62,18.41515947600419,cone,Promweaver FAL-C tabulated boundary,45,10,1,0.005,0.001,,
ok,2,6000,0.02,0.002,0.6453737950739366,7.406381266005194e+16,7.4063812660051935,0.644823882401256,7.3937649257158e+16,7.3937649257158,8998800770.576502,13943548435.438978,1093.3600688397437,1.0000000000000002,0.0020000479157073,2.3957853662959563e-05,45,91,64,22.966656938006054,cone,Promweaver FAL-C tabulated boundary,45,10,1,0.005,0.001,,
ok,2,6000,0.05,0.005,0.4122154540642979,6.890244426229176e+16,6.890244426229176,0.4117299456453712,6.874023289395739e+16,6.87402328939574,16605325580.717968,40283122374.46548,4001.844065095801,0.9999999999999998,0.0050001116288782,2.2325775653371512e-05,45,91,65,13.03051279799547,cone,Promweaver FAL-C tabulated boundary,45,10,1,0.005,0.001,,
ok,2,6000,0.1,0.01,0.2513401900353681,6.751752836053968e+16,6.751752836053968,0.2508809354477759,6.727101461664193e+16,6.727101461664192,22684854785.603203,90255580623.26218,7621.763549991883,1.0,0.0100000844648137,8.446481371618407e-06,45,91,66,12.353548177008634,cone,Promweaver FAL-C tabulated boundary,45,10,1,0.005,0.001,,
ok,2,6000,0.2,0.02,0.1466849934580856,6.7261805517185176e+16,6.726180551718517,0.1462431439718166,6.685719926085979e+16,6.685719926085979,28725905865.506107,195833978570.6461,12268.146259961572,1.0000000000000002,0.0200000986369074,4.931845372889431e-06,45,91,66,18.292979543999536,cone,Promweaver FAL-C tabulated boundary,45,10,1,0.005,0.001,,
ok,2,8000,0.01,0.001,0.8417317245512539,1.0308281092868426e+17,10.308281092868423,0.8406473836707816,1.028173940369714e+17,10.28173940369714,3952782707.755257,4696012509.048028,151.57222619335118,1.0,0.0009999697585891,-3.0241410834287025e-05,45,91,89,22.507440291010425,cone,Promweaver FAL-C tabulated boundary,45,10,1,0.005,0.001,,
ok,2,8000,0.02,0.002,0.7434923940025345,9.449551483976776e+16,9.449551483976776,0.742438383261606,9.422778193481184e+16,9.422778193481184,7357840117.370603,9896321975.48146,572.9140825846342,1.0,0.0019999416578075,-2.917109623800339e-05,45,91,91,16.48497525100538,cone,Promweaver FAL-C tabulated boundary,45,10,1,0.005,0.001,,
ok,2,8000,0.05,0.005,0.5577504727441369,8.766203282413206e+16,8.766203282413207,0.5567208067547649,8.733866493462058e+16,8.733866493462058,15358470422.358751,27536454333.772152,2690.818432053673,1.0,0.0049998959830246,-2.0803395069969585e-05,45,91,93,24.983841608001967,cone,Promweaver FAL-C tabulated boundary,45,10,1,0.005,0.001,,
ok,2,8000,0.1,0.01,0.4058853416364951,8.539999294277978e+16,8.539999294277978,0.4048679757938796,8.497241333252973e+16,8.497241333252973,24628805508.973354,60679218938.21568,7102.788184130875,1.0,0.0099999230495035,-7.695049644533545e-06,45,91,94,32.66720145000727,cone,Promweaver FAL-C tabulated boundary,45,10,1,0.005,0.001,,
ok,2,8000,0.2,0.02,0.3112374473254991,8.489677720244482e+16,8.489677720244481,0.310231729416399,8.434900083439238e+16,8.434900083439238,40329868658.61547,129579101117.73148,19158.540048494742,1.0000000000000002,0.0199999755935864,-1.2203206768007788e-06,45,91,94,32.6038065419998,cone,Promweaver FAL-C tabulated boundary,45,10,1,0.005,0.001,,
ok,2,10000,0.01,0.001,0.9289851883867868,1.27759493826212e+17,12.7759493826212,0.8822772663658538,1.1523536476546493e+17,11.523536476546491,3338919793.432944,3594158265.570505,87.26071975631928,1.0,0.0009999737099363,-2.629006369287562e-05,45,91,104,35.60968138500175,cone,Promweaver FAL-C tabulated boundary,45,10,1,0.005,0.001,,
ok,2,10000,0.02,0.002,0.8467790674235178,1.1281309111964342e+17,11.281309111964342,0.8135187751336413,1.041248605654037e+17,10.41248605654037,6345787501.131147,7494029724.234188,356.95342277967694,1.0,0.0019999473974726,-2.630126366915189e-05,45,91,119,41.22420214800513,cone,Promweaver FAL-C tabulated boundary,45,10,1,0.005,0.001,,
ok,2,10000,0.05,0.005,0.7547857162288315,9.944364841445843e+16,9.944364841445845,0.7361582620001658,9.459585020539123e+16,9.459585020539125,14847862221.95415,19671625870.371742,2216.924017543185,1.0,0.0049999559804489,-8.803910216820253e-06,45,91,130,33.47195456099871,cone,Promweaver FAL-C tabulated boundary,45,10,1,0.005,0.001,,
ok,2,10000,0.1,0.01,0.7451096339335607,9.85921904749045e+16,9.85921904749045,0.7341900662635601,9.57236315753318e+16,9.57236315753318,29470141777.120674,39551416912.35795,8808.905169671194,1.0,0.0099999833384542,-1.6661545790622174e-06,45,91,132,45.433815248994506,cone,Promweaver FAL-C tabulated boundary,45,10,1,0.005,0.001,,
ok,2,10000,0.2,0.02,0.754151442434201,1.019820935252713e+17,10.19820935252713,0.747896501415159,1.0029742754858077e+17,10.029742754858075,59362499051.735146,78714294916.85216,34554.1670292739,1.0,0.019999994567166,-2.716416987180725e-07,45,91,129,35.99016498499259,cone,Promweaver FAL-C tabulated boundary,45,10,1,0.005,0.001,,
ok,2,12000,0.01,0.001,0.9974197464411452,1.4833865976326038e+17,14.833865976326038,0.9116421044039904,1.239216470244782e+17,12.392164702447818,2889294800.460874,2896769199.497057,56.27679565996611,1.0,0.0009999777707383,-2.22292616497248e-05,45,91,88,16.331676945002982,cone,Promweaver FAL-C tabulated boundary,45,10,1,0.005,0.001,,
ok,2,12000,0.02,0.002,0.9551147096940934,1.2583617359087085e+17,12.583617359087086,0.8697311855947004,1.0434328896880776e+17,10.434328896880777,5648199943.928051,5913635175.545638,253.5213976730716,1.0,0.0019999644983079,-1.7750846032860493e-05,45,91,108,22.74650994798867,cone,Promweaver FAL-C tabulated boundary,45,10,1,0.005,0.001,,
ok,2,12000,0.05,0.005,0.9446949530725224,1.068629028996582e+17,10.686290289965822,0.8604817903618179,8.865988128036875e+16,8.865988128036875,14038319079.208416,14860160979.531263,1844.179759506583,1.0,0.0049999851941587,-2.961168241340239e-06,45,91,128,23.72638278499653,cone,Promweaver FAL-C tabulated boundary,45,10,1,0.005,0.001,,
ok,2,12000,0.1,0.01,0.966727055461618,1.0712202622453955e+17,10.712202622453956,0.8844444762878486,8.96627759083551e+16,8.96627759083551,28423154756.31987,29401426799.571304,7541.639705435672,1.0,0.009999994745652,-5.254347956729076e-07,45,91,138,39.39591541100526,cone,Promweaver FAL-C tabulated boundary,45,10,1,0.005,0.001,,
ok,2,12000,0.2,0.02,0.9863714454103906,1.1459578274512864e+17,11.459578274512864,0.9077231753876,9.704976769285987e+16,9.704976769285988,57451714801.99156,58245517010.16462,28802.975594925952,1.0,0.0199999979985649,-1.0007175279408421e-07,45,91,141,39.93140152399428,cone,Promweaver FAL-C tabulated boundary,45,10,1,0.005,0.001,,
ok,2,14000,0.01,0.001,1.020102123180716,1.625569243964997e+17,16.25569243964997,0.9338009962420334,1.3621559653341898e+17,13.621559653341896,2505593268.3076897,2456218070.103764,38.62030270009213,1.0,0.0009999826509604,-1.7349039525956997e-05,45,91,69,24.49608299099782,cone,Promweaver FAL-C tabulated boundary,45,10,1,0.005,0.001,,
ok,2,14000,0.02,0.002,0.997307912728728,1.3145229312336253e+17,13.145229312336252,0.9110526657846012,1.0969746800178051e+17,10.96974680017805,4952836956.521848,4966206417.605192,186.6121414471458,0.9999999999999998,0.001999975600014,-1.219999297614495e-05,45,91,88,26.17856562900124,cone,Promweaver FAL-C tabulated boundary,45,10,1,0.005,0.001,,
ok,2,14000,0.05,0.005,1.0058761389202646,1.0927201944473304e+17,10.927201944473303,0.9196833991885114,9.134749698544669e+16,9.134749698544669,12437452939.65018,12364795682.499125,1415.6436058569525,1.0,0.0049999912608866,-1.7478226789491287e-06,45,91,110,29.80314179598645,cone,Promweaver FAL-C tabulated boundary,45,10,1,0.005,0.001,,
ok,2,14000,0.1,0.01,1.0241915817699014,1.0856769732141731e+17,10.856769732141732,0.9380662420858598,9.107627039270253e+16,9.107627039270252,25108057072.68475,24515000435.07057,5806.649173914384,1.0,0.0099999964725728,-3.527427112556824e-07,45,91,123,23.04914987699885,cone,Promweaver FAL-C tabulated boundary,45,10,1,0.005,0.001,,
ok,2,14000,0.2,0.02,1.039436512230582,1.1540015387560077e+17,11.540015387560077,0.9534222473907932,9.709145620632253e+16,9.709145620632253,50598071321.3225,48678366332.10182,22185.10751898519,1.0,0.0199999982708268,-8.645865585965584e-08,45,91,131,45.53158864099533,cone,Promweaver FAL-C tabulated boundary,45,10,1,0.005,0.001,,
ok,3,6000,0.01,0.001,0.7652991280379178,8.097834378248963e+16,8.097834378248963,0.7646719534806209,8.084567213958435e+16,8.084567213958435,4989915513.556504,6520215861.671898,307.4804406880937,1.0000000000000002,0.0010000283273807,2.8327380775057184e-05,45,91,62,18.37749816699943,cone,Promweaver FAL-C tabulated boundary,45,10,1,0.005,0.001,,
ok,3,6000,0.02,0.002,0.6401165582289349,7.326766470881088e+16,7.326766470881088,0.639566030778956,7.314169229074926e+16,7.314169229074927,8952680083.637428,13986015466.32003,1093.9407035627778,1.0,0.00200004833756,2.41687800150818e-05,45,91,64,23.22871403899626,cone,Promweaver FAL-C tabulated boundary,45,10,1,0.005,0.001,,
ok,3,6000,0.05,0.005,0.4066734504198348,6.8151009559524616e+16,6.815100955952461,0.4061870472258147,6.79880825487674e+16,6.79880825487674,16442892097.591984,40432666751.70691,3967.200226093597,1.0,0.0050001112059786,2.2241195722118298e-05,45,91,65,23.584688603004903,cone,Promweaver FAL-C tabulated boundary,45,10,1,0.005,0.001,,
ok,3,6000,0.1,0.01,0.2476059687510032,6.6804326274817e+16,6.6804326274817,0.2471457634292053,6.655622937960018e+16,6.655622937960017,22410388409.05141,90508272163.61523,7517.859046710693,1.0,0.0100000841178763,8.411787636060373e-06,45,91,66,23.78832051399513,cone,Promweaver FAL-C tabulated boundary,45,10,1,0.005,0.001,,
ok,3,6000,0.2,0.02,0.1444818110480098,6.655344912327597e+16,6.655344912327597,0.1440390266758644,6.614614980532431e+16,6.614614980532431,28345103120.406944,196184577939.6284,12072.174793199589,1.0,0.0200000988460168,4.942300842539215e-06,45,91,66,14.907848375005416,cone,Promweaver FAL-C tabulated boundary,45,10,1,0.005,0.001,,
ok,3,8000,0.01,0.001,0.8388698739272329,1.0226653098442038e+17,10.22665309844204,0.8377854176739289,1.0200229001762424e+17,10.200229001762423,3945204455.183344,4702999330.1745,152.19679442895807,1.0,0.0009999709203701,-2.907962987769297e-05,45,91,90,26.14910808300192,cone,Promweaver FAL-C tabulated boundary,45,10,1,0.005,0.001,,
ok,3,8000,0.02,0.002,0.7392603065501774,9.351231026156752e+16,9.351231026156752,0.7382061608392954,9.32458132830787e+16,9.32458132830787,7332913116.4330845,9919257197.309511,575.0217765206459,1.0,0.0019999399132849,-3.0043357521171085e-05,45,91,91,18.81458421199932,cone,Promweaver FAL-C tabulated boundary,45,10,1,0.005,0.001,,
ok,3,8000,0.05,0.005,0.5521400821008294,8.668662274755986e+16,8.668662274755986,0.5511102285209383,8.63635479552106e+16,8.63635479552106,15256050056.079998,27630759929.676693,2684.924800812708,1.0,0.0049998971020648,-2.0579587035364496e-05,45,91,93,32.99582196598931,cone,Promweaver FAL-C tabulated boundary,45,10,1,0.005,0.001,,
ok,3,8000,0.1,0.01,0.4014307361129611,8.446229107794078e+16,8.446229107794078,0.4004131730503885,8.403463683769285e+16,8.403463683769285,24431444176.46382,60860920648.55966,7067.005369258337,1.0,0.0099999224856186,-7.751438136499587e-06,45,91,94,33.684767172002466,cone,Promweaver FAL-C tabulated boundary,45,10,1,0.005,0.001,,
ok,3,8000,0.2,0.02,0.3083649113743678,8.396511507559328e+16,8.396511507559328,0.307359026807914,8.341822107092054e+16,8.341822107092055,40039943793.29361,129845978956.67662,19093.609262927377,1.0000000000000002,0.0199999696117791,-1.519411045071417e-06,45,91,95,34.04140504999668,cone,Promweaver FAL-C tabulated boundary,45,10,1,0.005,0.001,,
ok,3,10000,0.01,0.001,0.9268671416807828,1.2682970423837693e+17,12.682970423837691,0.8801331847416635,1.1436227843774632e+17,11.436227843774631,3334809587.8471203,3597937005.0811915,87.68415139008131,1.0000000000000002,0.0009999728941543,-2.710584561665952e-05,45,91,104,37.05233508700621,cone,Promweaver FAL-C tabulated boundary,45,10,1,0.005,0.001,,
ok,3,10000,0.02,0.002,0.8438019560106821,1.1163299456599315e+17,11.163299456599317,0.8105020213101096,1.029958494761422e+17,10.29958494761422,6333227589.025115,7505585337.7814865,359.30032917532736,1.0,0.0019999461929471,-2.690352644222488e-05,45,91,119,38.600220945008914,cone,Promweaver FAL-C tabulated boundary,45,10,1,0.005,0.001,,
ok,3,10000,0.05,0.005,0.7520456738959131,9.830546705668198e+16,9.830546705668198,0.7333882503001129,9.348827184389456e+16,9.348827184389457,14816021101.875046,19700959152.017742,2232.983453144439,1.0,0.0049999586549809,-8.269003805815021e-06,45,91,131,29.135965045003104,cone,Promweaver FAL-C tabulated boundary,45,10,1,0.005,0.001,,
ok,3,10000,0.1,0.01,0.7433420218557092,9.75152323684155e+16,9.75152323684155,0.7324101560184447,9.4668131743108e+16,9.4668131743108,29428636035.862988,39589630574.625854,8881.12141967063,1.0,0.0099999833688789,-1.6631121048035764e-06,45,91,132,40.82662545899802,cone,Promweaver FAL-C tabulated boundary,45,10,1,0.005,0.001,,
ok,3,10000,0.2,0.02,0.7525962087150803,1.0085578568084694e+17,10.085578568084694,0.7463353094783608,9.918471326468307e+16,9.918471326468309,59290186561.207405,78780873295.16913,34854.97831117842,1.0000000000000002,0.0199999948364226,-2.581788659597461e-07,45,91,129,45.11498640599893,cone,Promweaver FAL-C tabulated boundary,45,10,1,0.005,0.001,,
ok,3,12000,0.01,0.001,0.9957874698928212,1.472842108124949e+17,14.728421081249492,0.9100094713924064,1.230027164213283e+17,12.30027164213283,2886830460.867624,2899042765.800557,56.58305166466747,0.9999999999999998,0.0009999786166771,-2.1383322880387176e-05,45,91,89,26.343116767995525,cone,Promweaver FAL-C tabulated boundary,45,10,1,0.005,0.001,,
ok,3,12000,0.02,0.002,0.9532548636014958,1.2441069813213517e+17,12.441069813213517,0.8678705094174392,1.0312157318881917e+17,10.312157318881916,5642340939.042543,5919026647.003084,255.89448295340992,1.0000000000000002,0.001999963996131,-1.8001934475866607e-05,45,91,108,38.07185195200145,cone,Promweaver FAL-C tabulated boundary,45,10,1,0.005,0.001,,
ok,3,12000,0.05,0.005,0.9436317756967768,1.0561321265063155e+17,10.561321265063157,0.8594174510010318,8.760350369906021e+16,8.760350369906021,14029864975.710823,14867944612.559477,1863.7546032030516,1.0,0.0049999852154808,-2.956903826303869e-06,45,91,128,45.08371043599618,cone,Promweaver FAL-C tabulated boundary,45,10,1,0.005,0.001,,
ok,3,12000,0.1,0.01,0.966096998586871,1.059558305355279e+17,10.59558305355279,0.8838131343239758,8.867563292344656e+16,8.867563292344656,28413350650.91281,29410453290.377235,7619.387164739618,1.0,0.0099999947560926,-5.243907384711032e-07,45,91,138,39.90232907400059,cone,Promweaver FAL-C tabulated boundary,45,10,1,0.005,0.001,,
ok,3,12000,0.2,0.02,0.985891667523657,1.1337480773160176e+17,11.337480773160175,0.9072416456391014,9.600727136485565e+16,9.600727136485563,57437066254.6228,58259003647.82682,29098.321275638828,1.0,0.0199999980038688,-9.980655555491545e-08,45,91,141,26.801597005003718,cone,Promweaver FAL-C tabulated boundary,45,10,1,0.005,0.001,,
ok,3,14000,0.01,0.001,1.0189582957263998,1.6121266915886138e+17,16.12126691588614,0.9326571260999916,1.3506112890685229e+17,13.506112890685229,2504142474.3829,2457551486.5382543,38.89725022683696,1.0,0.0009999821683191,-1.7831680803378352e-05,45,91,69,24.913760904004448,cone,Promweaver FAL-C tabulated boundary,45,10,1,0.005,0.001,,
ok,3,14000,0.02,0.002,0.996214209072005,1.2988673090377907e+17,12.988673090377908,0.9099589257791316,1.0836845989217026e+17,10.836845989217023,4950003468.505736,4968814360.835881,188.64540024777787,1.0000000000000002,0.0019999754342952,-1.2282852373873485e-05,45,91,88,22.967254654999124,cone,Promweaver FAL-C tabulated boundary,45,10,1,0.005,0.001,,
ok,3,14000,0.05,0.005,1.005341905492373,1.0799680766214846e+17,10.799680766214848,0.9191491441822864,9.027246911171789e+16,9.027246911171789,12434022569.284204,12367954127.202686,1431.569326911281,1.0,0.0049999912976598,-1.7404680330637683e-06,45,91,110,38.85054647701327,cone,Promweaver FAL-C tabulated boundary,45,10,1,0.005,0.001,,
ok,3,14000,0.1,0.01,1.0238610470350364,1.073743059654702e+17,10.73743059654702,0.9377356875291984,9.006980392888478e+16,9.006980392888478,25103885946.83032,24518840734.81239,5869.2355118377045,1.0000000000000002,0.0099999964793459,-3.5206540807686254e-07,45,91,123,43.15679712500423,cone,Promweaver FAL-C tabulated boundary,45,10,1,0.005,0.001,,
ok,3,14000,0.2,0.02,1.039198374522394,1.1416075804769882e+17,11.416075804769882,0.9531840852291852,9.60447192813222e+16,9.60447192813222,50592147187.920135,48683820556.56295,22420.710941799574,1.0,0.0199999982708172,-8.645913863319919e-08,45,91,131,25.08177269800217,cone,Promweaver FAL-C tabulated boundary,45,10,1,0.005,0.001,,
ok,4,6000,0.01,0.001,0.7618551628031247,8.022304665566746e+16,8.022304665566745,0.7612276168466381,8.009094040561485e+16,8.009094040561484,4976718323.036463,6532368048.442987,308.7357847820794,1.0,0.0010000284904345,2.84904345298001e-05,45,91,62,22.441949226995348,cone,Promweaver FAL-C tabulated boundary,45,10,1,0.005,0.001,,
ok,4,6000,0.02,0.002,0.635536593561792,7.254338172505712e+16,7.254338172505712,0.6349855238801453,7.241763246997714e+16,7.241763246997714,8912271455.093145,14023223124.171877,1094.911494342878,1.0,0.0020000487232869,2.4361643464251157e-05,45,91,64,12.745969563999097,cone,Promweaver FAL-C tabulated boundary,45,10,1,0.005,0.001,,
ok,4,6000,0.05,0.005,0.4018332794210967,6.7448766746566376e+16,6.744876674656638,0.4013460783310058,6.728530994392548e+16,6.728530994392548,16300039504.400412,40564185046.80138,3939.157091534807,0.9999999999999998,0.0050001109297111,2.21859422213852e-05,45,91,65,17.918071139996755,cone,Promweaver FAL-C tabulated boundary,45,10,1,0.005,0.001,,
ok,4,6000,0.1,0.01,0.2443655264077206,6.613934681627844e+16,6.613934681627844,0.2439044775280977,6.589000963764426e+16,6.589000963764426,22170966513.07583,90728699907.05588,7432.062452768997,0.9999999999999998,0.0100000838533774,8.385337746906472e-06,45,91,66,23.836561000003712,cone,Promweaver FAL-C tabulated boundary,45,10,1,0.005,0.001,,
ok,4,6000,0.2,0.02,0.1425778338328377,6.589454635632383e+16,6.589454635632383,0.1421342241037826,6.548514208362186e+16,6.548514208362185,28014915692.831284,196488577079.07632,11910.477341060328,1.0000000000000002,0.0200000990753101,4.953765509428664e-06,45,91,66,23.761475273000546,cone,Promweaver FAL-C tabulated boundary,45,10,1,0.005,0.001,,
ok,4,8000,0.01,0.001,0.8361563336865939,1.0134963090451578e+17,10.134963090451578,0.8350717675104513,1.0108688316427462e+17,10.108688316427465,3937990719.425815,4709634503.470547,153.01260367582526,1.0,0.0009999701572656,-2.984273432234466e-05,45,91,90,26.584509889988112,cone,Promweaver FAL-C tabulated boundary,45,10,1,0.005,0.001,,
ok,4,8000,0.02,0.002,0.7354466828292014,9.262567124770992e+16,9.262567124770992,0.7343924142071849,9.23603023273818e+16,9.236030232738178,7310366770.431924,9940036363.084211,576.9616737817331,1.0,0.0019999424591628,-2.8770418596113512e-05,45,91,92,26.88109838499804,cone,Promweaver FAL-C tabulated boundary,45,10,1,0.005,0.001,,
ok,4,8000,0.05,0.005,0.5471799265352251,8.577800642968139e+16,8.577800642968139,0.5461499045403139,8.545537005319685e+16,8.545537005319686,15164925679.022873,27714696653.892365,2681.0482129683774,1.0,0.0049999019529732,-1.9609405342395355e-05,45,91,94,27.05054439400556,cone,Promweaver FAL-C tabulated boundary,45,10,1,0.005,0.001,,
ok,4,8000,0.1,0.01,0.3975132172148229,8.358857690805173e+16,8.358857690805173,0.3964954780854468,8.316110703186094e+16,8.316110703186094,24256912495.079216,61021650210.866745,7039.213078614482,1.0,0.0099999275158253,-7.248417465723075e-06,45,91,95,33.683993985992856,cone,Promweaver FAL-C tabulated boundary,45,10,1,0.005,0.001,,
ok,4,8000,0.2,0.02,0.3058182368662721,8.31010581777874e+16,8.310105817778739,0.3048122028723343,8.255521121338104e+16,8.255521121338104,39781932299.98318,130083583986.4546,19044.30788516082,1.0000000000000002,0.0199999767255668,-1.163721656018135e-06,45,91,95,29.312336529008466,cone,Promweaver FAL-C tabulated boundary,45,10,1,0.005,0.001,,
ok,4,10000,0.01,0.001,0.9246822839967616,1.2575054995173933e+17,12.575054995173932,0.8779213368576357,1.1335378527533464e+17,11.335378527533464,3330566745.861634,3601849849.946188,88.2117402500149,1.0000000000000002,0.0009999738763765,-2.612362341963652e-05,45,91,105,37.06177758099511,cone,Promweaver FAL-C tabulated boundary,45,10,1,0.005,0.001,,
ok,4,10000,0.02,0.002,0.8410245766750166,1.1052227601181112e+17,11.052227601181112,0.8076874122677903,1.0193400187578074e+17,10.193400187578074,6321487061.602079,7516411811.167308,361.5669176567806,1.0,0.001999948774935,-2.561253249311161e-05,45,91,120,38.42574892099947,cone,Promweaver FAL-C tabulated boundary,45,10,1,0.005,0.001,,
ok,4,10000,0.05,0.005,0.7496528318229002,9.726421001167808e+16,9.726421001167807,0.730969089869254,9.247635789688643e+16,9.247635789688644,14788129033.534307,19726636658.69789,2248.399080054249,1.0,0.0049999583353294,-8.33293411651309e-06,45,91,131,45.78216665300715,cone,Promweaver FAL-C tabulated boundary,45,10,1,0.005,0.001,,
ok,4,10000,0.1,0.01,0.7417389798306456,9.651594042841258e+16,9.651594042841255,0.730795913665551,9.36890989101033e+16,9.368909891010327,29390925144.96617,39624350268.98106,8950.09132214506,1.0,0.0099999833799089,-1.6620091029123647e-06,45,91,132,46.10785085300449,cone,Promweaver FAL-C tabulated boundary,45,10,1,0.005,0.001,,
ok,4,10000,0.2,0.02,0.7511549525882181,9.981426986338973e+16,9.981426986338972,0.7448885098140877,9.81558333426621e+16,9.81558333426621,59223070625.22502,78842681421.67334,35138.98462695502,1.0,0.0199999972210583,-1.389470843937701e-07,45,91,130,30.533022695002728,cone,Promweaver FAL-C tabulated boundary,45,10,1,0.005,0.001,,
ok,4,12000,0.01,0.001,0.9941511363177702,1.45821238744131e+17,14.5821238744131,0.9083727805729194,1.217430508624565e+17,12.17430508624565,2884351818.365148,2901321250.8597827,57.05263159027425,1.0,0.0009999779780697,-2.20219302088636e-05,45,91,89,19.68323857600626,cone,Promweaver FAL-C tabulated boundary,45,10,1,0.005,0.001,,
ok,4,12000,0.02,0.002,0.9514936171729051,1.2297723454197085e+17,12.297723454197085,0.8661084754827999,1.0189609507218258e+17,10.189609507218258,5636782761.642408,5924141433.959924,258.3674939535668,1.0,0.001999963544523,-1.8227738458366505e-05,45,91,108,31.93258032099402,cone,Promweaver FAL-C tabulated boundary,45,10,1,0.005,0.001,,
ok,4,12000,0.05,0.005,0.9426726578466724,1.0446174751677294e+17,10.446174751677294,0.8584572838237986,8.663090380812565e+16,8.663090380812564,14022230717.441557,14874973407.49465,1882.248372894496,1.0,0.0049999852325009,-2.953499813294901e-06,45,91,128,40.23865209099313,cone,Promweaver FAL-C tabulated boundary,45,10,1,0.005,0.001,,
ok,4,12000,0.1,0.01,0.9655187524092664,1.04877767980798e+17,10.4877767980798,0.8832337080032946,8.776336780220451e+16,8.77633678022045,28404347445.63084,29418742385.638023,7692.831086563863,1.0,0.0099999947622656,-5.237734367752321e-07,45,91,138,48.20164237200515,cone,Promweaver FAL-C tabulated boundary,45,10,1,0.005,0.001,,
ok,4,12000,0.2,0.02,0.9854448489922064,1.1224740879529395e+17,11.224740879529396,0.906793194757115,9.50447606004505e+16,9.50447606004505,57423418188.39072,58271569684.61141,29376.61538764225,1.0,0.0199999981029238,-9.485380675355869e-08,45,91,142,45.16385760701087,cone,Promweaver FAL-C tabulated boundary,45,10,1,0.005,0.001,,
ok,4,14000,0.01,0.001,1.0177258772504152,1.595335959964932e+17,15.953359599649318,0.9314246614390008,1.336244668117822e+17,13.362446681178222,2502580774.452533,2458992966.960556,39.25762779644928,1.0,0.0009999829359374,-1.70640625043756e-05,45,91,70,25.208313726005144,cone,Promweaver FAL-C tabulated boundary,45,10,1,0.005,0.001,,
ok,4,14000,0.02,0.002,0.9951290731124816,1.2828763145612883e+17,12.828763145612886,0.908873753635153,1.0701214813850957e+17,10.701214813850957,4947193600.10516,4971408969.724642,190.7800794131209,1.0,0.0019999770345808,-1.1482709593715544e-05,45,91,89,17.570012886993936,cone,Promweaver FAL-C tabulated boundary,45,10,1,0.005,0.001,,
ok,4,14000,0.05,0.005,1.0048456745577048,1.0680075781719907e+17,10.680075781719909,0.9186528931915487,8.926444184715278e+16,8.926444184715278,12430834644.481604,12370889340.746964,1446.859115203389,1.0,0.0049999913309375,-1.7338124829943675e-06,45,91,110,21.16510935401311,cone,Promweaver FAL-C tabulated boundary,45,10,1,0.005,0.001,,
ok,4,14000,0.1,0.01,1.0235530589896844,1.0626556709925064e+17,10.626556709925064,0.9374276810077272,8.913481966091222e+16,8.913481966091222,25099998166.270782,24522420157.72604,5928.636388477332,1.0,0.0099999964846914,-3.515308540785744e-07,45,91,123,36.08366627299984,cone,Promweaver FAL-C tabulated boundary,45,10,1,0.005,0.001,,
ok,4,14000,0.2,0.02,1.0389758602665,1.1301523579441698e+17,11.301523579441698,0.9529615481188952,9.507729899995262e+16,9.507729899995262,50586610516.78375,48688918050.327126,22643.010436502504,1.0000000000000002,0.0199999982703096,-8.648451833154212e-08,45,91,131,45.89713349699741,cone,Promweaver FAL-C tabulated boundary,45,10,1,0.005,0.001,,
ok,5,6000,0.01,0.001,0.7587048128393189,7.958267587966478e+16,7.958267587966478,0.7580769249323998,7.945100853737016e+16,7.945100853737016,4964603138.2029295,6543523982.171378,309.70665471368415,1.0,0.0010000286468967,2.864689670678197e-05,45,91,62,22.62460800098779,cone,Promweaver FAL-C tabulated boundary,45,10,1,0.005,0.001,,
ok,5,6000,0.02,0.002,0.6310853123771919,7.188685674181563e+16,7.188685674181564,0.6305337096534956,7.176124565319953e+16,7.176124565319953,8872791657.35559,14059575596.733952,1095.1436098755566,1.0,0.00200004910628,2.4553140047164912e-05,45,91,64,12.403784877009455,cone,Promweaver FAL-C tabulated boundary,45,10,1,0.005,0.001,,
ok,5,6000,0.05,0.005,0.3972918167390476,6.68327882164894e+16,6.68327882164894,0.3968038530798217,6.666871766127038e+16,6.666871766127039,16165125820.341484,40688292935.465096,3909.9265459494713,0.9999999999999998,0.005000101545979,2.0309195801135323e-05,45,91,66,23.78590931800136,cone,Promweaver FAL-C tabulated boundary,45,10,1,0.005,0.001,,
ok,5,6000,0.1,0.01,0.2413392204427041,6.555775302381004e+16,6.555775302381004,0.2408773676389348,6.530707631796116e+16,6.530707631796116,21946310748.597137,90935533430.24644,7346.813050457396,0.9999999999999998,0.0100000836469279,8.364692796226923e-06,45,91,66,19.82218059099978,cone,Promweaver FAL-C tabulated boundary,45,10,1,0.005,0.001,,
ok,5,6000,0.2,0.02,0.1408027012130782,6.53171691252714e+16,6.53171691252714,0.1403583068927452,6.490551831709669e+16,6.490551831709669,27706149464.89916,196772854683.88245,11752.357434522277,1.0000000000000002,0.0200000993506228,4.967531140077918e-06,45,91,66,19.273122024998884,cone,Promweaver FAL-C tabulated boundary,45,10,1,0.005,0.001,,
ok,5,8000,0.01,0.001,0.83378927932096,1.0068628515801293e+17,10.068628515801292,0.8327046167203355,1.004244933229387e+17,10.04244933229387,3931681320.830385,4715437603.170379,153.52754334224596,1.0,0.0009999694578081,-3.054219183573799e-05,45,91,90,26.73418715999287,cone,Promweaver FAL-C tabulated boundary,45,10,1,0.005,0.001,,
ok,5,8000,0.02,0.002,0.7318739514057716,9.182768622733024e+16,9.182768622733024,0.7308195667307775,9.156329107806896e+16,9.156329107806895,7289144825.028792,9959563133.826422,578.6014486819414,1.0,0.0019999410403905,-2.947980470586337e-05,45,91,92,26.97823039599461,cone,Promweaver FAL-C tabulated boundary,45,10,1,0.005,0.001,,
ok,5,8000,0.05,0.005,0.5424701492536681,8.497467342929493e+16,8.497467342929493,0.5414399651880378,8.465223565763398e+16,8.465223565763399,15077863492.693584,27794826154.83589,2675.408546211912,1.0,0.0049998987359798,-2.0252804021174405e-05,45,91,94,33.55562299200392,cone,Promweaver FAL-C tabulated boundary,45,10,1,0.005,0.001,,
ok,5,8000,0.1,0.01,0.3938812947875702,8.282507962346866e+16,8.282507962346866,0.3928633902440888,8.239754428390421e+16,8.239754428390421,24094266564.782894,61171390679.462265,7009.153313633757,1.0,0.0099999270114313,-7.29885686421433e-06,45,91,95,33.82455020399357,cone,Promweaver FAL-C tabulated boundary,45,10,1,0.005,0.001,,
ok,5,8000,0.2,0.02,0.303488212624057,8.23439899523039e+16,8.234398995230391,0.3024820406051573,8.179889546231394e+16,8.179889546231394,39545015345.25608,130301651597.3952,18991.16425573188,1.0,0.0199999699082692,-1.504586537824648e-06,45,91,96,20.22367923099955,cone,Promweaver FAL-C tabulated boundary,45,10,1,0.005,0.001,,
ok,5,10000,0.01,0.001,0.9228873540392196,1.2503532707403086e+17,12.503532707403089,0.8761042022307475,1.1268000854085933e+17,11.268000854085932,3327069322.949389,3605065459.384331,88.53010216190297,1.0,0.0009999732174526,-2.678254730319185e-05,45,91,105,36.97943329099508,cone,Promweaver FAL-C tabulated boundary,45,10,1,0.005,0.001,,
ok,5,10000,0.02,0.002,0.8385303229274449,1.0957555143541523e+17,10.957555143541525,0.8051596010808211,1.0102760849510672e+17,10.102760849510672,6310904153.602716,7526149002.662575,363.4707807921431,1.0000000000000002,0.0019999478349216,-2.608253915235489e-05,45,91,120,23.820098061987665,cone,Promweaver FAL-C tabulated boundary,45,10,1,0.005,0.001,,
ok,5,10000,0.05,0.005,0.7473862062987633,9.633525554985162e+16,9.633525554985162,0.7286773977719758,9.157263151566264e+16,9.157263151566264,14761641157.154451,19751021670.9212,2261.955380808993,1.0,0.0049999580629793,-8.387404137021047e-06,45,91,131,28.37689516499813,cone,Promweaver FAL-C tabulated boundary,45,10,1,0.005,0.001,,
ok,5,10000,0.1,0.01,0.7402709179342407,9.563947002114568e+16,9.563947002114569,0.7293175549080988,9.283016430400029e+16,9.283016430400028,29356331586.71481,39656200014.76618,9010.863444126247,1.0,0.0099999834079984,-1.659200158342366e-06,45,91,132,46.366732620008406,cone,Promweaver FAL-C tabulated boundary,45,10,1,0.005,0.001,,
ok,5,10000,0.2,0.02,0.749859564046306,9.890038087775475e+16,9.890038087775476,0.7435881220102741,9.72529943082755e+16,9.725299430827553,59162651292.661606,78898308602.50005,35391.36327799889,1.0,0.0199999972776504,-1.361174783998109e-07,45,91,130,45.44129026100563,cone,Promweaver FAL-C tabulated boundary,45,10,1,0.005,0.001,,
ok,5,12000,0.01,0.001,0.9928076654669228,1.4494217133695706e+17,14.494217133695706,0.9070290159905552,1.2097813372053704e+17,12.097813372053704,2882313859.409611,2903194606.2322598,57.317570914755855,1.0,0.0009999774471369,-2.255286303868252e-05,45,91,89,26.32684589599376,cone,Promweaver FAL-C tabulated boundary,45,10,1,0.005,0.001,,
ok,5,12000,0.02,0.002,0.9499109015698832,1.2185622848867805e+17,12.185622848867803,0.8645250498754821,1.0093392266921976e+17,10.093392266921976,5631786862.870991,5928752742.560952,260.2823315818705,1.0000000000000002,0.0019999656481946,-1.7175902656532335e-05,45,91,109,31.44843122099701,cone,Promweaver FAL-C tabulated boundary,45,10,1,0.005,0.001,,
ok,5,12000,0.05,0.005,0.9417918888055894,1.034545603196306e+17,10.345456031963058,0.857575549809513,8.577970110908648e+16,8.577970110908648,14015216666.928225,14881437006.96209,1898.672205595084,1.0,0.0049999862962564,-2.740748712877494e-06,45,91,129,45.17805845099792,cone,Promweaver FAL-C tabulated boundary,45,10,1,0.005,0.001,,
ok,5,12000,0.1,0.01,0.9649947091354766,1.0393356382782134e+17,10.393356382782134,0.8827085944468089,8.69642318177572e+16,8.69642318177572,28396184856.415565,29426259633.957226,7758.257147186168,1.0,0.0099999951446336,-4.855366397132909e-07,45,91,139,40.280157732006046,cone,Promweaver FAL-C tabulated boundary,45,10,1,0.005,0.001,,
ok,5,12000,0.2,0.02,0.9850440034852108,1.112589610824786e+17,11.12589610824786,0.9063908842268216,9.420084430301248e+16,9.420084430301248,57411169106.00938,58282847165.08234,29624.96059688514,1.0,0.0199999981045471,-9.477264372587113e-08,45,91,142,49.42970734198752,cone,Promweaver FAL-C tabulated boundary,45,10,1,0.005,0.001,,
ok,5,14000,0.01,0.001,1.0167592301492503,1.5847565815147565e+17,15.847565815147563,0.9304579781250616,1.3271494913076125e+17,13.271494913076124,2501352104.341773,2460122347.7210035,39.4809046567557,1.0,0.0009999825517668,-1.7448233111810874e-05,45,91,70,20.633082997999736,cone,Promweaver FAL-C tabulated boundary,45,10,1,0.005,0.001,,
ok,5,14000,0.02,0.002,0.9942248730310792,1.2703792223696138e+17,12.703792223696135,0.907969523407663,1.0595139447151178e+17,10.595139447151178,4944846424.052584,4973569418.935679,192.4740717331373,1.0,0.0019999769199069,-1.154004654335683e-05,45,91,89,25.729082492005546,cone,Promweaver FAL-C tabulated boundary,45,10,1,0.005,0.001,,
ok,5,14000,0.05,0.005,1.0044058135172915,1.057760210449182e+17,10.57760210449182,0.9182130143630888,8.840069484949698e+16,8.840069484949698,12428007592.58502,12373492292.984486,1460.2115980119993,1.0,0.0049999913614348,-1.7277130255968771e-06,45,91,110,38.67221260999213,cone,Promweaver FAL-C tabulated boundary,45,10,1,0.005,0.001,,
ok,5,14000,0.1,0.01,1.023278873726586,1.053023507525001e+17,10.53023507525001,0.9371534792910952,8.832252866187862e+16,8.832252866187863,25096536129.862656,24525607607.30442,5981.216195238148,1.0000000000000002,0.0099999964901027,-3.5098972235581e-07,45,91,123,35.70046426600311,cone,Promweaver FAL-C tabulated boundary,45,10,1,0.005,0.001,,
ok,5,14000,0.2,0.02,1.038777505175172,1.120144518107234e+17,11.20144518107234,0.9527631726502384,9.42321085221962e+16,9.42321085221962,50581674005.1983,48693462992.02789,22840.85404882749,1.0,0.0199999982702555,-8.648722502058169e-08,45,91,131,46.06149112599087,cone,Promweaver FAL-C tabulated boundary,45,10,1,0.005,0.001,,
ok,6,6000,0.01,0.001,0.7554155556155469,7.884398660496392e+16,7.884398660496392,0.7547873084017898,7.871289871017061e+16,7.871289871017061,4951909520.501936,6555212536.584444,311.01177090522555,1.0,0.0010000288096356,2.880963564412531e-05,45,91,62,22.575931510000373,cone,Promweaver FAL-C tabulated boundary,45,10,1,0.005,0.001,,
ok,6,6000,0.02,0.002,0.6268497313749892,7.120804299939426e+16,7.120804299939427,0.6262976158546057,7.108266126969233e+16,7.108266126969233,8835032642.247984,14094339041.78027,1096.1936110258134,1.0,0.0020000490628483,2.453142418173092e-05,45,91,64,13.431973532991831,cone,Promweaver FAL-C tabulated boundary,45,10,1,0.005,0.001,,
ok,6,6000,0.05,0.005,0.3929681280215439,6.617055585103341e+16,6.617055585103341,0.3924794246230592,6.600607601029365e+16,6.600607601029365,16035939853.45086,40807227634.93866,3886.190219746773,1.0,0.0050001011778075,2.0235561502997265e-05,45,91,66,13.247840393989463,cone,Promweaver FAL-C tabulated boundary,45,10,1,0.005,0.001,,
ok,6,6000,0.1,0.01,0.238481427308433,6.492493122202336e+16,6.492493122202336,0.2380188004980716,6.467328159916019e+16,6.467328159916019,21733227780.32833,91131741476.12048,7275.066463087971,0.9999999999999998,0.0100000860814457,8.608144571979613e-06,45,91,66,13.389980838997872,cone,Promweaver FAL-C tabulated boundary,45,10,1,0.005,0.001,,
ok,6,6000,0.2,0.02,0.1391263995661691,6.469026528615156e+16,6.469026528615156,0.1386812505325513,6.427696141269802e+16,6.427696141269801,27413752294.084698,197042059447.8664,11617.108254498267,1.0,0.0200000994283789,4.971418945780292e-06,45,91,66,24.215310581988888,cone,Promweaver FAL-C tabulated boundary,45,10,1,0.005,0.001,,
ok,6,8000,0.01,0.001,0.8311120588693806,9.97975498127656e+16,9.97975498127656,0.8300272864321536,9.953720710462966e+16,9.953720710462967,3924534648.1365175,4722028282.77493,154.3321678069282,1.0,0.0009999707641462,-2.9235853774792903e-05,45,91,91,26.71262285500416,cone,Promweaver FAL-C tabulated boundary,45,10,1,0.005,0.001,,
ok,6,8000,0.02,0.002,0.7283261597508636,9.096888828769082e+16,9.096888828769082,0.7272716588431434,9.070566190043907e+16,9.070566190043907,7267988726.933392,9979030177.111216,580.6783080362052,1.0000000000000002,0.0019999397292024,-3.01353987664562e-05,45,91,92,29.699441264994675,cone,Promweaver FAL-C tabulated boundary,45,10,1,0.005,0.001,,
ok,6,8000,0.05,0.005,0.5380127845209107,8.412331904977514e+16,8.412331904977513,0.5369824450175894,8.38014211850193e+16,8.38014211850193,14995000984.98491,27871086740.69455,2672.862377275632,1.0,0.0049998952358993,-2.0952820128927737e-05,45,91,94,33.5969949769933,cone,Promweaver FAL-C tabulated boundary,45,10,1,0.005,0.001,,
ok,6,8000,0.1,0.01,0.3903666947014878,8.199680223825678e+16,8.199680223825679,0.3893486280082077,8.156966867442e+16,8.156966867442,23936113254.783733,61316996505.26695,6987.315384337286,1.0,0.0099999267011267,-7.329887325401017e-06,45,91,95,18.26983012299752,cone,Promweaver FAL-C tabulated boundary,45,10,1,0.005,0.001,,
ok,6,8000,0.2,0.02,0.3011687696262097,8.152378885925179e+16,8.15237888592518,0.3001624588636279,8.097989975089851e+16,8.09798997508985,39308397083.58061,130519499523.03333,18953.364446150816,1.0,0.0199999697270495,-1.5136475219057477e-06,45,91,96,28.233050649010693,cone,Promweaver FAL-C tabulated boundary,45,10,1,0.005,0.001,,
ok,6,10000,0.01,0.001,0.9207742579284602,1.239327512296814e+17,12.39327512296814,0.8739648418203548,1.1165230068101933e+17,11.165230068101932,3322949938.705391,3608864941.751628,89.09667691212881,1.0000000000000002,0.0009999742450286,-2.575497131968724e-05,45,91,106,26.821043178992117,cone,Promweaver FAL-C tabulated boundary,45,10,1,0.005,0.001,,
ok,6,10000,0.02,0.002,0.8359268822444108,1.0847860859971462e+17,10.847860859971462,0.8025209655258566,9.998164928295325e+16,9.998164928295324,6299828876.335862,7536339613.126472,365.8587106105229,1.0,0.0019999469106516,-2.6544674156664397e-05,45,91,120,42.029789257998345,cone,Promweaver FAL-C tabulated boundary,45,10,1,0.005,0.001,,
ok,6,10000,0.05,0.005,0.7451720997870638,9.5357225652388e+16,9.5357225652388,0.7264386646650377,9.0622979752987e+16,9.0622979752987,14735712191.92063,19774911320.66193,2277.134347371614,1.0,0.004999960672158,-7.865568395562515e-06,45,91,132,46.2156490769994,cone,Promweaver FAL-C tabulated boundary,45,10,1,0.005,0.001,,
ok,6,10000,0.1,0.01,0.7387642868875709,9.469468672340653e+16,9.469468672340652,0.727800315441197,9.190482344570013e+16,9.190482344570013,29320774593.104027,39688944245.84741,9078.733480060324,1.0000000000000002,0.0099999845564017,-1.5443598280415192e-06,45,91,133,38.80631970900868,cone,Promweaver FAL-C tabulated boundary,45,10,1,0.005,0.001,,
ok,6,10000,0.2,0.02,0.7484712452944347,9.791342300769904e+16,9.791342300769903,0.7421944277139179,9.627806910844394e+16,9.627806910844392,59097795602.44495,78958004030.19756,35669.77170018597,0.9999999999999998,0.0199999949027882,-2.548605864544084e-07,45,91,130,45.30086286600272,cone,Promweaver FAL-C tabulated boundary,45,10,1,0.005,0.001,,
ok,6,12000,0.01,0.001,0.9911830101929534,1.4353554529082776e+17,14.353554529082777,0.9054040042848096,1.1976683885849418e+17,11.976683885849418,2879850312.181959,2905467792.0895147,57.78037630867247,1.0,0.0009999783558915,-2.1644108418083025e-05,45,91,90,26.15286942200328,cone,Promweaver FAL-C tabulated boundary,45,10,1,0.005,0.001,,
ok,6,12000,0.02,0.002,0.9482318236189878,1.204645755710246e+17,12.04645755710246,0.8628452186611881,9.974613933904898e+16,9.974613933904898,5626470918.283783,5933644893.7244,262.7924005395962,1.0,0.0019999652654802,-1.7367259888675587e-05,45,91,109,38.30091143900063,cone,Promweaver FAL-C tabulated boundary,45,10,1,0.005,0.001,,
ok,6,12000,0.05,0.005,0.940885934766248,1.0236487596995134e+17,10.236487596995136,0.856668602785295,8.485993839549594e+16,8.485993839549593,14007992664.461985,14888088074.078932,1916.9061323849128,1.0,0.0049999863107634,-2.7378473084135875e-06,45,91,129,31.41201843500312,cone,Promweaver FAL-C tabulated boundary,45,10,1,0.005,0.001,,
ok,6,12000,0.1,0.01,0.9644393315486578,1.0291189402796182e+17,10.291189402796183,0.8821520821215667,8.609990484427933e+16,8.609990484427932,28387528505.061176,29434229377.059547,7830.501831078004,1.0000000000000002,0.009999995148814,-4.851185966825432e-07,45,91,139,26.83024134401057,cone,Promweaver FAL-C tabulated boundary,45,10,1,0.005,0.001,,
ok,6,12000,0.2,0.02,0.9846098435029416,1.1019021677608958e+17,11.019021677608958,0.9059551367606624,9.328849236442928e+16,9.328849236442927,57397896641.93293,58295066843.66341,29898.46680865139,1.0,0.0199999981047662,-9.476168860017564e-08,45,91,142,35.05505388601159,cone,Promweaver FAL-C tabulated boundary,45,10,1,0.005,0.001,,
ok,6,14000,0.01,0.001,1.0156098520048606,1.5671412234207155e+17,15.671412234207155,0.9293085568444788,1.3121219377353848e+17,13.121219377353848,2499889800.6668973,2461466670.2297144,39.87802070471507,1.0,0.0009999821340596,-1.7865940351267928e-05,45,91,70,25.351842944000964,cone,Promweaver FAL-C tabulated boundary,45,10,1,0.005,0.001,,
ok,6,14000,0.02,0.002,0.9932172856358766,1.2548045044415362e+17,12.548045044415362,0.9069619023703768,1.0463226329932616e+17,10.463226329932615,4942228502.895686,4975979148.139349,194.65679704190583,1.0,0.0019999768074779,-1.1596261004177474e-05,45,91,89,30.793967461009743,cone,Promweaver FAL-C tabulated boundary,45,10,1,0.005,0.001,,
ok,6,14000,0.05,0.005,1.003926469142276,1.0464111165795005e+17,10.464111165795003,0.917733650581586,8.744436889004997e+16,8.744436889004996,12424926999.239208,12376331714.666996,1475.3170000817224,1.0,0.004999992029995,-1.5940009997703062e-06,45,91,111,32.808575953997206,cone,Promweaver FAL-C tabulated boundary,45,10,1,0.005,0.001,,
ok,6,14000,0.1,0.01,1.0229798369089118,1.0424891202511309e+17,10.42489120251131,0.9368544245229844,8.743425382109357e+16,8.743425382109356,25092759271.07539,24529084900.53622,6039.838264062276,1.0,0.0099999964941154,-3.50588457570522e-07,45,91,123,43.32101559100556,cone,Promweaver FAL-C tabulated boundary,45,10,1,0.005,0.001,,
ok,6,14000,0.2,0.02,1.0385603993580936,1.1092691447749293e+17,11.092691447749292,0.9525460445248568,9.331369165245117e+16,9.331369165245116,50576269788.64403,48698438550.03895,23059.85952807438,1.0,0.0199999982723477,-8.638261512344812e-08,45,91,131,24.607542051002383,cone,Promweaver FAL-C tabulated boundary,45,10,1,0.005,0.001,,
ok,7,6000,0.01,0.001,0.7529716601584607,7.83545093659924e+16,7.83545093659924,0.7523431444644872,7.82237568082323e+16,7.822375680823231,4942448766.830831,6563924020.448135,311.75997412791924,1.0,0.0010000289147073,2.891470732963551e-05,45,91,62,22.973402292001992,cone,Promweaver FAL-C tabulated boundary,45,10,1,0.005,0.001,,
ok,7,6000,0.02,0.002,0.623345300152888,7.068423312113974e+16,7.068423312113975,0.6227927561109213,7.055897720972549e+16,7.055897720972549,8803651464.573011,14123233884.03464,1096.4861000451183,1.0,0.0020000493197072,2.4659853647144084e-05,45,91,64,23.13065432300209,cone,Promweaver FAL-C tabulated boundary,45,10,1,0.005,0.001,,
ok,7,6000,0.05,0.005,0.3893713318866807,6.566685912726723e+16,6.566685912726723,0.3888820029415212,6.55019137322019e+16,6.550191373220191,15927896141.317966,40906699689.83101,3863.40810052947,1.0,0.0050001010420322,2.0208406450485102e-05,45,91,66,23.808947323996108,cone,Promweaver FAL-C tabulated boundary,45,10,1,0.005,0.001,,
ok,7,6000,0.1,0.01,0.2361139375236403,6.444760977537477e+16,6.444760977537477,0.235650658401425,6.419495259669996e+16,6.419495259669996,21556000428.44801,91294908951.6995,7209.905163136033,1.0,0.0100000859011064,8.59011064623799e-06,45,91,66,19.581067428996903,cone,Promweaver FAL-C tabulated boundary,45,10,1,0.005,0.001,,
ok,7,6000,0.2,0.02,0.1377491596848239,6.42162950065771e+16,6.42162950065771,0.1373033802343941,6.380133806609832e+16,6.380133806609832,27172921400.975315,197263790669.56296,11498.13544035759,1.0,0.0200000997257251,4.986286256461469e-06,45,91,66,19.39556587098923,cone,Promweaver FAL-C tabulated boundary,45,10,1,0.005,0.001,,
ok,7,8000,0.01,0.001,0.8292561678429302,9.93080414051636e+16,9.93080414051636,0.8281713189917054,9.904837798913837e+16,9.904837798913835,3919563190.878912,4726601191.371925,154.7002175243189,0.9999999999999998,0.0009999702594254,-2.974057452718136e-05,45,91,91,23.69130619900534,cone,Promweaver FAL-C tabulated boundary,45,10,1,0.005,0.001,,
ok,7,8000,0.02,0.002,0.7254716716874318,9.03555797675378e+16,9.03555797675378,0.7244170764166589,9.009307659384909e+16,9.009307659384907,7250921450.066555,9994768552.714216,581.8773119523969,1.0,0.0019999427157329,-2.8642133532551933e-05,45,91,93,33.052918742992915,cone,Promweaver FAL-C tabulated boundary,45,10,1,0.005,0.001,,
ok,7,8000,0.05,0.005,0.5342619920147706,8.34697768324142e+16,8.346977683241422,0.533231520028284,8.314809826330872e+16,8.314809826330873,14924947161.91925,27935633425.157864,2668.6790864831733,1.0,0.0049999011874368,-1.9762512638507587e-05,45,91,95,19.723720021997,cone,Promweaver FAL-C tabulated boundary,45,10,1,0.005,0.001,,
ok,7,8000,0.1,0.01,0.3874946251153348,8.137309486431552e+16,8.137309486431551,0.3864764243316091,8.094601646016342e+16,8.094601646016342,23806325134.603783,61436529932.55847,6964.723627133428,0.9999999999999996,0.0099999315294034,-6.847059653806996e-06,45,91,96,34.09842070400191,cone,Promweaver FAL-C tabulated boundary,45,10,1,0.005,0.001,,
ok,7,8000,0.2,0.02,0.2993256441414185,8.090554095929632e+16,8.090554095929631,0.2983192221341464,8.036239852716722e+16,8.036239852716722,39119823998.36394,130693192394.43948,18915.399508086808,1.0000000000000002,0.019999979038356,-1.048082195337363e-06,45,91,96,28.16050003899727,cone,Promweaver FAL-C tabulated boundary,45,10,1,0.005,0.001,,
ok,7,10000,0.01,0.001,0.9193568448110152,1.2341932940009986e+17,12.341932940009986,0.8725297925338084,1.1116689726568678e+17,11.116689726568678,3320177998.522485,3611413802.227129,89.31811569107306,1.0,0.0009999737642079,-2.623579205165809e-05,45,91,106,22.325414117003675,cone,Promweaver FAL-C tabulated boundary,45,10,1,0.005,0.001,,
ok,7,10000,0.02,0.002,0.8339197318565124,1.0776925420207683e+17,10.776925420207684,0.8004865169883641,9.930118241914909e+16,9.93011824191491,6291280994.574997,7544228484.160032,367.2681679552516,1.0000000000000002,0.0019999497624313,-2.511878434549239e-05,45,91,121,42.43506989399612,cone,Promweaver FAL-C tabulated boundary,45,10,1,0.005,0.001,,
ok,7,10000,0.05,0.005,0.7433773433453067,9.461286861775437e+16,9.461286861775434,0.7246238609572035,8.989940774776002e+16,8.989940774776002,14714641272.047993,19794309584.1877,2288.490677096197,1.0,0.0049999604791002,-7.904179944936971e-06,45,91,132,31.2357915629982,cone,Promweaver FAL-C tabulated boundary,45,10,1,0.005,0.001,,
ok,7,10000,0.1,0.01,0.7375733392567707,9.3981671315663e+16,9.3981671315663,0.7266009547697793,9.120626521145555e+16,9.120626521145557,29292623651.424057,39714862363.30248,9130.054705049326,0.9999999999999998,0.009999984577395,-1.54226049067091e-06,45,91,133,46.48269386299944,cone,Promweaver FAL-C tabulated boundary,45,10,1,0.005,0.001,,
ok,7,10000,0.2,0.02,0.7473991271764819,9.716927862196562e+16,9.71692786219656,0.7411181444655719,9.554296132102893e+16,9.554296132102891,59047650302.27084,79004173480.02606,35881.968618743005,1.0,0.019999995162373,-2.4188135019226337e-07,45,91,130,25.170525542998803,cone,Promweaver FAL-C tabulated boundary,45,10,1,0.005,0.001,,
ok,7,12000,0.01,0.001,0.9901199285161664,1.4290000959456355e+17,14.290000959456355,0.9043406895188696,1.1921222610027488e+17,11.921222610027488,2878233394.896964,2906954311.292774,57.97219677594245,1.0,0.0009999779703616,-2.2029638377819155e-05,45,91,90,32.20495570699859,cone,Promweaver FAL-C tabulated boundary,45,10,1,0.005,0.001,,
ok,7,12000,0.02,0.002,0.9470135949767972,1.195944709667363e+17,11.95944709667363,0.8616264427097307,9.900034593828115e+16,9.900034593828115,5622608528.039889,5937199379.04128,264.3410385449998,1.0,0.0019999649891069,-1.7505446526589266e-05,45,91,109,38.48775139800273,cone,Promweaver FAL-C tabulated boundary,45,10,1,0.005,0.001,,
ok,7,12000,0.05,0.005,0.9401873640430336,1.0156346516269502e+17,10.156346516269505,0.8559692657582878,8.418312284900458e+16,8.418312284900457,14002417919.102917,14893220707.507835,1930.4944673474129,1.0,0.0049999863257201,-2.7348559753642694e-06,45,91,129,45.20623867100221,cone,Promweaver FAL-C tabulated boundary,45,10,1,0.005,0.001,,
ok,7,12000,0.1,0.01,0.96401136267986,1.0214832124463926e+17,10.214832124463928,0.8817232383917423,8.545382400971726e+16,8.545382400971727,28380854806.73912,29440373739.83128,7885.327039610826,1.0,0.0099999951541539,-4.845846088979976e-07,45,91,139,39.01195124200604,cone,Promweaver FAL-C tabulated boundary,45,10,1,0.005,0.001,,
ok,7,12000,0.2,0.02,0.9842767688177586,1.0938805495245763e+17,10.938805495245765,0.9056208436917336,9.260368087406707e+16,9.26036808740671,57387710761.420265,58304445029.57252,30107.02903409143,1.0,0.019999998151706,-9.241469811627213e-08,45,91,142,36.69499632601219,cone,Promweaver FAL-C tabulated boundary,45,10,1,0.005,0.001,,
ok,7,14000,0.01,0.001,1.014846068027361,1.559393288182866e+17,15.59393288182866,0.9285447441588288,1.3054522347418243e+17,13.054522347418246,2498917132.821322,2462360757.507462,40.04497700502896,1.0,0.0009999818343701,-1.8165629816786072e-05,45,91,70,20.932803675998,cone,Promweaver FAL-C tabulated boundary,45,10,1,0.005,0.001,,
ok,7,14000,0.02,0.002,0.9925028391740628,1.2452083581364189e+17,12.452083581364189,0.9062474320230232,1.0381786404322963e+17,10.381786404322964,4940370685.721329,4977689222.362918,196.00946582837423,1.0,0.0019999767279481,-1.1636025902149114e-05,45,91,89,26.327213338008733,cone,Promweaver FAL-C tabulated boundary,45,10,1,0.005,0.001,,
ok,7,14000,0.05,0.005,1.0035707233763087,1.0382472446247126e+17,10.382472446247126,0.917377890413692,8.6756367259279e+16,8.6756367259279,12422638641.706526,12378438661.416004,1486.3699530279202,1.0000000000000002,0.0049999920518919,-1.5896216140273698e-06,45,91,111,39.30774306200328,cone,Promweaver FAL-C tabulated boundary,45,10,1,0.005,0.001,,
ok,7,14000,0.1,0.01,1.0227539636432377,1.0347125643402867e+17,10.347125643402867,0.9366285376948048,8.677850263122117e+16,8.677850263122117,25089905765.5725,24531712080.780064,6083.847756566748,1.0,0.0099999964978929,-3.502107078293126e-07,45,91,123,31.96772381299525,cone,Promweaver FAL-C tabulated boundary,45,10,1,0.005,0.001,,
ok,7,14000,0.2,0.02,1.0383956451808145,1.1011665202253192e+17,11.011665202253193,0.9523812734153374,9.262942690237533e+16,9.262942690237534,50572167971.97248,48702215005.1163,23225.771274466988,1.0,0.0199999982721581,-8.639209035654627e-08,45,91,131,45.49656680799672,cone,Promweaver FAL-C tabulated boundary,45,10,1,0.005,0.001,,
ok,8,6000,0.01,0.001,0.7503197218491822,7.781970175302594e+16,7.781970175302593,0.749690913339379,7.768932217021994e+16,7.768932217021994,4932154184.294315,6573403364.820127,312.5962237025155,1.0,0.0010000290352443,2.9035244377426453e-05,45,91,62,18.1736941679992,cone,Promweaver FAL-C tabulated boundary,45,10,1,0.005,0.001,,
ok,8,6000,0.02,0.002,0.619629675729395,7.013633302722238e+16,7.013633302722239,0.6190766731119456,7.001119935552895e+16,7.001119935552895,8770238226.904257,14153999671.788477,1096.6794988668498,1.0,0.0020000495829347,2.4791467376390763e-05,45,91,64,23.19340150099015,cone,Promweaver FAL-C tabulated boundary,45,10,1,0.005,0.001,,
ok,8,6000,0.05,0.005,0.3856459845921021,6.514377145944278e+16,6.514377145944279,0.3851559977691797,6.497833832652231e+16,6.497833832652232,15815433849.134604,41010238615.24863,3839.62951841186,1.0000000000000002,0.005000100796233,2.015924660224433e-05,45,91,66,23.945533389996854,cone,Promweaver FAL-C tabulated boundary,45,10,1,0.005,0.001,,
ok,8,6000,0.1,0.01,0.2336632645581422,6.394965284625474e+16,6.394965284625473,0.2331992992391177,6.3695946178914376e+16,6.369594617891438,21371876178.82381,91464425181.41684,7142.448333552245,1.0000000000000002,0.0100000856241366,8.562413661254707e-06,45,91,66,23.970044165005675,cone,Promweaver FAL-C tabulated boundary,45,10,1,0.005,0.001,,
ok,8,6000,0.2,0.02,0.1363177410407356,6.3721823477061656e+16,6.372182347706166,0.1358712962076306,6.330512504687339e+16,6.33051250468734,26922041343.237743,197494773150.56647,11374.381185872871,1.0000000000000002,0.0200000999516002,4.997580014404201e-06,45,91,66,13.034521017994848,cone,Promweaver FAL-C tabulated boundary,45,10,1,0.005,0.001,,
ok,8,8000,0.01,0.001,0.8272376219066356,9.875522201903238e+16,9.87552220190324,0.8261526895849528,9.849635450633238e+16,9.849635450633238,3914145059.134471,4731584922.495501,155.1364194289814,1.0000000000000002,0.0009999697041691,-3.0295830864184373e-05,45,91,91,31.82753883600526,cone,Promweaver FAL-C tabulated boundary,45,10,1,0.005,0.001,,
ok,8,8000,0.02,0.002,0.7224619304925645,8.968949835089266e+16,8.968949835089266,0.7214072351441495,8.942782075989998e+16,8.942782075989998,7232852394.092787,10011395879.588465,583.2807041696772,0.9999999999999998,0.0019999416994366,-2.915028168393001e-05,45,91,93,27.23678368300898,cone,Promweaver FAL-C tabulated boundary,45,10,1,0.005,0.001,,
ok,8,8000,0.05,0.005,0.5303857345033575,8.279251863273789e+16,8.279251863273789,0.5293551241361122,8.247107738056038e+16,8.24710773805604,14852186281.386751,28002612655.66285,2664.340220346768,1.0,0.0049998999666945,-2.0006661081289897e-05,45,91,95,33.800511248991825,cone,Promweaver FAL-C tabulated boundary,45,10,1,0.005,0.001,,
ok,8,8000,0.1,0.01,0.3845195565525567,8.072284683192978e+16,8.072284683192978,0.3835012154080008,8.02958488117553e+16,8.029584881175529,23671335114.9572,61560809356.96639,6941.431430078943,1.0000000000000002,0.0099999311652121,-6.883478784885931e-06,45,91,96,34.10070574100246,cone,Promweaver FAL-C tabulated boundary,45,10,1,0.005,0.001,,
ok,8,8000,0.2,0.02,0.2974031781119571,8.025986479602362e+16,8.025986479602361,0.2963966391917404,7.971751704240363e+16,7.971751704240363,38922581829.25842,130874801259.20528,18875.77782625888,1.0,0.0199999804978212,-9.751089368251196e-07,45,91,96,18.79356736000045,cone,Promweaver FAL-C tabulated boundary,45,10,1,0.005,0.001,,
ok,8,10000,0.01,0.001,0.917821045434022,1.2282188888802666e+17,12.282188888802663,0.8709748406050685,1.1060403438480042e+17,11.060403438480042,3317170092.5667205,3614179593.1450734,89.59003580421077,1.0,0.0009999732356605,-2.676433948989657e-05,45,91,106,37.190809125007945,cone,Promweaver FAL-C tabulated boundary,45,10,1,0.005,0.001,,
ok,8,10000,0.02,0.002,0.831807029872533,1.0697968065350498e+17,10.697968065350498,0.7983450184141602,9.854562850591411e+16,9.854562850591412,6282252522.76096,7552535981.480776,368.9176908983733,1.0,0.0019999490387203,-2.5480639834424623e-05,45,91,121,38.25996748400212,cone,Promweaver FAL-C tabulated boundary,45,10,1,0.005,0.001,,
ok,8,10000,0.05,0.005,0.7414950485679289,9.383442977829645e+16,9.383442977829644,0.7227204497130164,8.914282549137451e+16,8.914282549137452,14692498204.47565,19814694963.71109,2300.5362104139954,1.0,0.0049999602878801,-7.942423968856914e-06,45,91,132,45.95141695899656,cone,Promweaver FAL-C tabulated boundary,45,10,1,0.005,0.001,,
ok,8,10000,0.1,0.01,0.7363250981039987,9.323794850906264e+16,9.323794850906264,0.7253438686699349,9.047766625523606e+16,9.047766625523606,29263078946.858784,39742063691.98848,9184.326801944331,1.0,0.0099999845988651,-1.5401134898646027e-06,45,91,133,27.364764429992647,cone,Promweaver FAL-C tabulated boundary,45,10,1,0.005,0.001,,
ok,8,10000,0.2,0.02,0.7462671259916756,9.639150180479837e+16,9.639150180479836,0.7399817330968832,9.477463557782424e+16,9.477463557782425,58994639623.457344,79052979246.62357,36106.5803430438,1.0,0.019999995155503,-2.422248474714949e-07,45,91,130,25.54296468400571,cone,Promweaver FAL-C tabulated boundary,45,10,1,0.005,0.001,,
ok,8,12000,0.01,0.001,0.988971176136866,1.4216393528983126e+17,14.216393528983126,0.9031916849950848,1.1857196850155054e+17,11.857196850155054,2876484303.003756,2908562324.5764565,58.2015539212415,0.9999999999999998,0.0009999775495087,-2.2450491293920724e-05,45,91,90,32.578059114995995,cone,Promweaver FAL-C tabulated boundary,45,10,1,0.005,0.001,,
ok,8,12000,0.02,0.002,0.9456707350558112,1.186609945355414e+17,11.86609945355414,0.8602829776120571,9.819983188193442e+16,9.819983188193442,5618352405.2725,5941129609.917472,266.01735366693435,1.0,0.0019999670960929,-1.6451953522818655e-05,45,91,110,25.176564150999184,cone,Promweaver FAL-C tabulated boundary,45,10,1,0.005,0.001,,
ok,8,12000,0.05,0.005,0.9394478980369906,1.0071913191510605e+17,10.071913191510603,0.855228987996462,8.347018991469733e+16,8.347018991469733,13996512630.182064,14898657668.43299,1945.03628140846,1.0000000000000002,0.0049999863412202,-2.7317559533890363e-06,45,91,129,37.892085668994696,cone,Promweaver FAL-C tabulated boundary,45,10,1,0.005,0.001,,
ok,8,12000,0.1,0.01,0.963558609133188,1.0134851361679309e+17,10.134851361679308,0.8812695589006075,8.477711811867922e+16,8.477711811867922,28373791584.677025,29446876729.37916,7943.599961758999,1.0,0.0099999951595829,-4.840417070633983e-07,45,91,139,39.702192714001285,cone,Promweaver FAL-C tabulated boundary,45,10,1,0.005,0.001,,
ok,8,12000,0.2,0.02,0.983923896505746,1.0854834077288986e+17,10.854834077288986,0.9052666801251684,9.188682470642509e+16,9.188682470642508,57376915728.402725,58314383797.53557,30328.51939572381,1.0,0.019999998153335,-9.233324538976405e-08,45,91,142,49.11596554899006,cone,Promweaver FAL-C tabulated boundary,45,10,1,0.005,0.001,,
ok,8,14000,0.01,0.001,1.0139847143863172,1.5513365819720134e+17,15.513365819720134,0.9276833579981876,1.29850237659871e+17,12.9850237659871,2497822546.0427184,2463372978.5112667,40.21769062899519,1.0,0.0009999827703215,-1.7229678499035284e-05,45,91,71,25.591870272997767,cone,Promweaver FAL-C tabulated boundary,45,10,1,0.005,0.001,,
ok,8,14000,0.02,0.002,0.9917159292006156,1.2349537296094429e+17,12.349537296094429,0.9054604956539212,1.0294733829838722e+17,10.29473382983872,4938327047.168828,4979578225.741948,197.4735849618566,1.0,0.0019999782959292,-1.0852035384895098e-05,45,91,90,31.90313317200344,cone,Promweaver FAL-C tabulated boundary,45,10,1,0.005,0.001,,
ok,8,14000,0.05,0.005,1.0031931290428528,1.0296360127955746e+17,10.296360127955746,0.9170002807869028,8.603072117459645e+16,8.603072117459645,12420208886.72372,12380675791.284424,1498.2147756372055,1.0,0.0049999920740981,-1.585180363014582e-06,45,91,111,32.68073358300899,cone,Promweaver FAL-C tabulated boundary,45,10,1,0.005,0.001,,
ok,8,14000,0.1,0.01,1.0225142692833689,1.0265499663944914e+17,10.265499663944912,0.9363888289388916,8.609021379268718e+16,8.609021379268718,25086876986.00274,24534500632.04001,6130.7429498174215,1.0,0.0099999965016461,-3.498353832315226e-07,45,91,123,43.05491521200747,cone,Promweaver FAL-C tabulated boundary,45,10,1,0.005,0.001,,
ok,8,14000,0.2,0.02,1.038220791990225,1.0926705298692738e+17,10.926705298692738,0.9522064022515356,9.191195001000842e+16,9.19119500100084,50567814028.31803,48706223587.9342,23402.33167914291,1.0,0.0199999982719166,-8.640416611360724e-08,45,91,131,24.95480924900039,cone,Promweaver FAL-C tabulated boundary,45,10,1,0.005,0.001,,
ok,9,6000,0.01,0.001,0.7475946617580236,7.71934782325669e+16,7.7193478232566894,0.7469655511460974,7.706361426880723e+16,7.706361426880723,4921534985.122961,6583159614.261572,313.77659310564053,1.0,0.0010000271796622,2.7179662210555927e-05,45,91,63,22.60853644300369,cone,Promweaver FAL-C tabulated boundary,45,10,1,0.005,0.001,,
ok,9,6000,0.02,0.002,0.6161006229727254,6.957112757177516e+16,6.957112757177516,0.6155471807221699,6.944619243579663e+16,6.944619243579663,8738367504.850542,14183344698.934656,1097.5683349540334,1.0,0.002000049792261,2.489613050633312e-05,45,91,64,23.08706275200529,cone,Promweaver FAL-C tabulated boundary,45,10,1,0.005,0.001,,
ok,9,6000,0.05,0.005,0.3821079311072742,6.458181912892572e+16,6.458181912892572,0.3816173098635008,6.441608129328626e+16,6.441608129328626,15708096775.379648,41109057144.82462,3820.646547786349,1.0000000000000002,0.005000100396081,2.007921620379021e-05,45,91,66,19.52124800000456,cone,Promweaver FAL-C tabulated boundary,45,10,1,0.005,0.001,,
ok,9,6000,0.1,0.01,0.2313320194982761,6.340810282079017e+16,6.340810282079016,0.2308673907978266,6.315364917320123e+16,6.315364917320124,21196088814.16138,91626264535.84969,7085.437996585346,0.9999999999999998,0.0100000852318732,8.523187323972168e-06,45,91,66,12.948240935991636,cone,Promweaver FAL-C tabulated boundary,45,10,1,0.005,0.001,,
ok,9,6000,0.2,0.02,0.1349592431800417,6.318493299023374e+16,6.318493299023374,0.1345121570236871,6.276699469929557e+16,6.276699469929556,26683397651.983364,197714487894.58984,11268.56794109322,1.0000000000000002,0.0200000999999708,4.999998540547445e-06,45,91,66,19.29607881899574,cone,Promweaver FAL-C tabulated boundary,45,10,1,0.005,0.001,,
ok,9,8000,0.01,0.001,0.8249420897323209,9.802020882334816e+16,9.802020882334816,0.823857061862376,9.7762530819612e+16,9.7762530819612,3907977648.339651,4737275133.588736,155.8075572706237,1.0,0.0009999711445406,-2.885545930344548e-05,45,91,92,26.66220599001099,cone,Promweaver FAL-C tabulated boundary,45,10,1,0.005,0.001,,
ok,9,8000,0.02,0.002,0.7194697161833825,8.89756941384228e+16,8.89756941384228,0.718414920607896,8.87149955432433e+16,8.87149955432433,7214829482.641825,10027982165.691135,585.0335304225413,1.0,0.001999940856317,-2.9571841472309304e-05,45,91,93,33.02640691799752,cone,Promweaver FAL-C tabulated boundary,45,10,1,0.005,0.001,,
ok,9,8000,0.05,0.005,0.5266976527890497,8.20753768331689e+16,8.20753768331689,0.5256669092684273,8.175444932214502e+16,8.175444932214502,14782633176.124817,28066639556.575893,2662.506735291085,1.0,0.0049998988660832,-2.022678334320099e-05,45,91,95,28.699581524997484,cone,Promweaver FAL-C tabulated boundary,45,10,1,0.005,0.001,,
ok,9,8000,0.1,0.01,0.3816220096836221,8.00175102884941e+16,8.00175102884941,0.3806035303413295,7.959097602168261e+16,7.959097602168261,23539336967.370075,61682335845.57925,6924.739133542758,1.0000000000000002,0.0099999309950848,-6.900491511876992e-06,45,91,96,34.574070781003684,cone,Promweaver FAL-C tabulated boundary,45,10,1,0.005,0.001,,
ok,9,8000,0.2,0.02,0.2954734269037509,7.956013675671125e+16,7.956013675671125,0.2944667697136285,7.901894864094618e+16,7.901894864094618,38724022630.726654,131057547328.4128,18848.00592148978,1.0000000000000002,0.0199999729168375,-1.3541581243489695e-06,45,91,97,34.515665070008254,cone,Promweaver FAL-C tabulated boundary,45,10,1,0.005,0.001,,
ok,9,10000,0.01,0.001,0.916005305958989,1.2191792154522454e+17,12.191792154522457,0.8691363537969323,1.0976083520779416e+17,10.976083520779415,3313613924.670729,3617461496.253696,90.0608959093745,1.0,0.0009999744075195,-2.5592480472303933e-05,45,91,107,37.51337719199364,cone,Promweaver FAL-C tabulated boundary,45,10,1,0.005,0.001,,
ok,9,10000,0.02,0.002,0.8295934458498935,1.0606790883263325e+17,10.606790883263324,0.7961011384995642,9.767645114539408e+16,9.767645114539407,6272771809.933589,7561260086.267102,370.9667383146491,1.0000000000000002,0.0019999483508073,-2.582459630623597e-05,45,91,121,23.126315332992817,cone,Promweaver FAL-C tabulated boundary,45,10,1,0.005,0.001,,
ok,9,10000,0.05,0.005,0.739644909584925,9.301449815008973e+16,9.30144981500897,0.7208494520168716,8.834729301679664e+16,8.834729301679664,14670696918.349192,19834783864.84416,2313.933336744589,1.0,0.0049999628248333,-7.435033334488026e-06,45,91,133,46.18661361299746,cone,Promweaver FAL-C tabulated boundary,45,10,1,0.005,0.001,,
ok,9,10000,0.1,0.01,0.7350390016040855,9.24359976224181e+16,9.243599762241807,0.7240486297680454,8.969243973746893e+16,8.969243973746893,29232595845.15196,39770128906.57131,9244.717229500064,1.0,0.0099999846088582,-1.5391141789874994e-06,45,91,133,25.460599398997147,cone,Promweaver FAL-C tabulated boundary,45,10,1,0.005,0.001,,
ok,9,10000,0.2,0.02,0.7450513096983546,9.555068402647714e+16,9.555068402647713,0.7387611648089433,9.394410866390366e+16,9.394410866390366,58937638337.96614,79105475785.05423,36353.95443003158,1.0,0.0199999976536612,-1.173169391494033e-07,45,91,131,31.161994271009466,cone,Promweaver FAL-C tabulated boundary,45,10,1,0.005,0.001,,
ok,9,12000,0.01,0.001,0.987582985203898,1.410261040081604e+17,14.10261040081604,0.9018031882831824,1.1759147638964194e+17,11.759147638964194,2874372465.7457275,2910512340.542481,58.58501963125278,1.0,0.0009999785738021,-2.1426197869536465e-05,45,91,91,17.608574497993686,cone,Promweaver FAL-C tabulated boundary,45,10,1,0.005,0.001,,
ok,9,12000,0.02,0.002,0.9442439678143124,1.1750668657199197e+17,11.750668657199196,0.8588555676391172,9.72152534786015e+16,9.721525347860153,5613817109.080391,5945303650.787377,268.1970146004899,0.9999999999999998,0.0019999668242649,-1.658786752162418e-05,45,91,110,38.75578732299618,cone,Promweaver FAL-C tabulated boundary,45,10,1,0.005,0.001,,
ok,9,12000,0.05,0.005,0.9386775683854326,9.980543299156355e+16,9.980543299156356,0.8544578120600808,8.26994370721285e+16,8.26994370721285,13990356282.842276,14904325781.329062,1961.1163746707973,1.0000000000000002,0.0049999863581216,-2.7283756759075013e-06,45,91,129,44.95876156199665,cone,Promweaver FAL-C tabulated boundary,45,10,1,0.005,0.001,,
ok,9,12000,0.1,0.01,0.963076280459952,1.0048266033452614e+17,10.048266033452617,0.8807862433251412,8.404479012868725e+16,8.404479012868725,28366263533.22712,29453807666.906487,8007.798600849864,1.0000000000000002,0.0099999951631007,-4.836899299490159e-07,45,91,139,48.30270574300084,cone,Promweaver FAL-C tabulated boundary,45,10,1,0.005,0.001,,
ok,9,12000,0.2,0.02,0.9835413357691336,1.0763949428570842e+17,10.76394942857084,0.9048827189504324,9.111103988904514e+16,9.111103988904514,57365208308.70304,58325162575.74796,30572.11617481388,1.0,0.0199999981540824,-9.229587667053397e-08,45,91,142,49.339451697000186,cone,Promweaver FAL-C tabulated boundary,45,10,1,0.005,0.001,,
ok,9,14000,0.01,0.001,1.0130172682943783,1.537185524555053e+17,15.371855245550533,0.9267158754352964,1.2864289199706989e+17,12.864289199706986,2496588626.38155,2464507471.412672,40.54783674327065,1.0,0.0009999824447236,-1.7555276332235567e-05,45,91,71,20.304583788994933,cone,Promweaver FAL-C tabulated boundary,45,10,1,0.005,0.001,,
ok,9,14000,0.02,0.002,0.9908619741784588,1.2220920586786994e+17,12.220920586786994,0.9046065120133594,1.018584393006582e+17,10.18584393006582,4936103152.109569,4981625373.404987,199.3721680395263,1.0,0.0019999782233827,-1.0888308649668887e-05,45,91,90,31.98035719599284,cone,Promweaver FAL-C tabulated boundary,45,10,1,0.005,0.001,,
ok,9,14000,0.05,0.005,1.0027829178822665,1.0200995062311811e+17,10.200995062311812,0.9165900530038872,8.522734560428598e+16,8.522734560428598,12417568248.839184,12383107078.711817,1511.5780399136297,1.0,0.0049999920967506,-1.580649878867024e-06,45,91,111,26.33213058199908,cone,Promweaver FAL-C tabulated boundary,45,10,1,0.005,0.001,,
ok,9,14000,0.1,0.01,1.0222518295180891,1.0176236505166435e+17,10.176236505166436,0.9361263734038404,8.533758734569454e+16,8.533758734569455,25083560661.922028,24537555167.54315,6182.885147774302,1.0,0.0099999967674288,-3.232571153463648e-07,45,91,124,43.47803897500853,cone,Promweaver FAL-C tabulated boundary,45,10,1,0.005,0.001,,
ok,9,14000,0.2,0.02,1.03802941736435,1.0834312777997587e+17,10.834312777997589,0.9520150079505848,9.113173444650083e+16,9.113173444650084,50563047868.94953,48710611687.03066,23597.45248438545,1.0000000000000002,0.0199999982712503,-8.643748251879746e-08,45,91,131,45.445573719000095,cone,Promweaver FAL-C tabulated boundary,45,10,1,0.005,0.001,,
ok,10,6000,0.01,0.001,0.7456555184272059,7.67921742654311e+16,7.679217426543111,0.7450261915585786,7.6662605091932e+16,7.6662605091932,4913965890.307077,6590128777.792718,314.4468951697792,1.0,0.0010000272208527,2.7220852728783093e-05,45,91,63,18.627831985999364,cone,Promweaver FAL-C tabulated boundary,45,10,1,0.005,0.001,,
ok,10,6000,0.02,0.002,0.6133091531049565,6.912823737560543e+16,6.912823737560543,0.612755360239646,6.90034538448337e+16,6.900345384483369,8713064413.18721,14206643369.13317,1098.212457752319,1.0,0.0020000500305278,2.5015263919970707e-05,45,91,64,22.969020136006293,cone,Promweaver FAL-C tabulated boundary,45,10,1,0.005,0.001,,
ok,10,6000,0.05,0.005,0.3792263856872321,6.4139486544545016e+16,6.413948654454502,0.3787352406495073,6.397345700456191e+16,6.397345700456191,15620294264.815472,41189893041.08799,3804.108920484934,1.0,0.0050001002142526,2.0042850532031583e-05,45,91,66,19.511612592003075,cone,Promweaver FAL-C tabulated boundary,45,10,1,0.005,0.001,,
ok,10,6000,0.1,0.01,0.2294345063127357,6.298349805806414e+16,6.298349805806415,0.2289693298058182,6.2728359954227336e+16,6.272835995422733,21052547431.792267,91758418426.8086,7036.918669700921,1.0,0.0100000850853712,8.508537129199576e-06,45,91,66,19.347702023995225,cone,Promweaver FAL-C tabulated boundary,45,10,1,0.005,0.001,,
ok,10,6000,0.2,0.02,0.133864955609593,6.276329130182495e+16,6.276329130182496,0.1334173457982215,6.234426458627915e+16,6.234426458627915,26490776829.39327,197891798557.4329,11181.078022979878,1.0000000000000002,0.0200000971872685,4.859363424841722e-06,45,91,66,19.295471485995225,cone,Promweaver FAL-C tabulated boundary,45,10,1,0.005,0.001,,
ok,10,8000,0.01,0.001,0.8234343229383833,9.761919681732942e+16,9.761919681732945,0.8223492321467939,9.736208851821405e+16,9.736208851821404,3903913499.379357,4741013813.279536,156.12237252018517,1.0,0.0009999707730668,-2.922693311284072e-05,45,91,92,32.364161139004864,cone,Promweaver FAL-C tabulated boundary,45,10,1,0.005,0.001,,
ok,10,8000,0.02,0.002,0.7171739860674083,8.846668340622587e+16,8.846668340622587,0.7161191129785498,8.82066279843716e+16,8.82066279843716,7200975196.203586,10040764634.659733,586.1420568716609,1.0,0.0019999441098732,-2.7945063351460936e-05,45,91,94,27.371254715995747,cone,Promweaver FAL-C tabulated boundary,45,10,1,0.005,0.001,,
ok,10,8000,0.05,0.005,0.5236726083081702,8.150853299395971e+16,8.15085329939597,0.5226417543877451,8.118794838029637e+16,8.118794838029636,14725366636.447914,28119413547.371086,2660.2910715358144,1.0,0.0049999048521816,-1.9029563661128453e-05,45,91,96,19.592355122993467,cone,Promweaver FAL-C tabulated boundary,45,10,1,0.005,0.001,,
ok,10,8000,0.1,0.01,0.3792879597843721,7.946623644959016e+16,7.946623644959016,0.3782693680306658,7.903999057237272e+16,7.903999057237272,23432629172.575752,61780577442.78876,6909.703220785664,1.0000000000000002,0.0099999307532506,-6.924674935716855e-06,45,91,96,23.922926797997206,cone,Promweaver FAL-C tabulated boundary,45,10,1,0.005,0.001,,
ok,10,8000,0.2,0.02,0.293936005607559,7.901274536514043e+16,7.901274536514043,0.2929292534741693,7.847242350861888e+16,7.847242350861888,38565446225.2595,131203545974.38857,18823.46494455008,1.0,0.0199999730006431,-1.349967841159094e-06,45,91,97,29.73807843599934,cone,Promweaver FAL-C tabulated boundary,45,10,1,0.005,0.001,,
ok,10,10000,0.01,0.001,0.9148327813890782,1.2148416194033006e+17,12.148416194033006,0.8679491341838206,1.093515073255004e+17,10.93515073255004,3311310357.98682,3619579911.597549,90.25683769622924,1.0,0.0009999740431369,-2.5956863052836385e-05,45,91,107,20.471618932991987,cone,Promweaver FAL-C tabulated boundary,45,10,1,0.005,0.001,,
ok,10,10000,0.02,0.002,0.8279615095680154,1.0548410746315645e+17,10.548410746315644,0.7944467403314884,9.711723562509824e+16,9.711723562509825,6265779029.204724,7567717770.447883,372.1886432658536,1.0,0.0019999512868386,-2.435658069113375e-05,45,91,122,42.72248978099378,cone,Promweaver FAL-C tabulated boundary,45,10,1,0.005,0.001,,
ok,10,10000,0.05,0.005,0.7381773937368191,9.237539301776174e+16,9.237539301776174,0.7193653349867133,8.772711132942421e+16,8.77271113294242,14653366506.769085,19850738631.523872,2324.4409898252434,1.0,0.0049999626782844,-7.464343107846381e-06,45,91,133,46.34307330800221,cone,Promweaver FAL-C tabulated boundary,45,10,1,0.005,0.001,,
ok,10,10000,0.1,0.01,0.7340100105519991,9.180903166137427e+16,9.180903166137428,0.7230123011505026,8.90784832356505e+16,8.90784832356505,29208178733.971058,39792616332.310745,9292.306971521204,1.0000000000000002,0.0099999856746539,-1.4325346018792538e-06,45,91,134,37.96334423799999,cone,Promweaver FAL-C tabulated boundary,45,10,1,0.005,0.001,,
ok,10,10000,0.2,0.02,0.7440890816790571,9.489435465920496e+16,9.489435465920495,0.7377951660331836,9.329580654610397e+16,9.329580654610396,58892466653.05485,79147064650.0583,36549.304128122254,1.0,0.0199999976909599,-1.1545200490070681e-07,45,91,131,45.700760167994304,cone,Promweaver FAL-C tabulated boundary,45,10,1,0.005,0.001,,
ok,10,12000,0.01,0.001,0.9866880585692548,1.4046322236242829e+17,14.046322236242828,0.9009080647346212,1.1710187051508163e+17,11.710187051508164,2873006790.6000896,2911768076.6969934,58.76390901482044,1.0,0.0009999782836981,-2.1716301833391363e-05,45,91,91,27.188907882999047,cone,Promweaver FAL-C tabulated boundary,45,10,1,0.005,0.001,,
ok,10,12000,0.02,0.002,0.9432420984728755,1.1678168460378605e+17,11.678168460378604,0.8578532464289437,9.659494119022253e+16,9.659494119022252,5610628620.772152,5948238135.104287,269.55556966855977,1.0,0.001999966628201,-1.6685899482645275e-05,45,91,110,39.62237719100085,cone,Promweaver FAL-C tabulated boundary,45,10,1,0.005,0.001,,
ok,10,12000,0.05,0.005,0.938081457352246,9.911743187994605e+16,9.911743187994604,0.853861045257716,8.211894084484704e+16,8.211894084484705,13985591727.87206,14908717807.24318,1973.384219797341,1.0,0.0049999873300082,-2.533998343795529e-06,45,91,130,45.4343142889993,cone,Promweaver FAL-C tabulated boundary,45,10,1,0.005,0.001,,
ok,10,12000,0.1,0.01,0.9626980078906658,9.981317839198563e+16,9.981317839198566,0.880407196423252,8.347855186374842e+16,8.347855186374842,28360357078.270832,29459245626.16497,8058.152906907203,1.0,0.0099999951650663,-4.834933613195868e-07,45,91,139,34.17259303299943,cone,Promweaver FAL-C tabulated boundary,45,10,1,0.005,0.001,,
ok,10,12000,0.2,0.02,0.9832397203494884,1.0693334314161757e+17,10.693334314161756,0.9045799990073368,9.0508272831759e+16,9.0508272831759,57355974993.949234,58333663507.37164,30764.098183573984,1.0,0.0199999981565542,-9.217228924551789e-08,45,91,142,40.78877683299652,cone,Promweaver FAL-C tabulated boundary,45,10,1,0.005,0.001,,
ok,10,14000,0.01,0.001,1.0123639284834154,1.5300817234328637e+17,15.300817234328637,0.926062510961614,1.2803299638155123e+17,12.803299638155124,2495754691.5570884,2465274217.4406443,40.708881003129775,1.0000000000000002,0.0009999822263486,-1.7773651340849753e-05,45,91,71,20.849121121005737,cone,Promweaver FAL-C tabulated boundary,45,10,1,0.005,0.001,,
ok,10,14000,0.02,0.002,0.9902653631870878,1.2139690012773245e+17,12.139690012773244,0.904009881005924,1.0116977270583974e+17,10.116977270583975,4934548354.525745,4983056600.752254,200.5798124790024,1.0000000000000002,0.0019999781725862,-1.0913706892639458e-05,45,91,90,32.0146448440064,cone,Promweaver FAL-C tabulated boundary,45,10,1,0.005,0.001,,
ok,10,14000,0.05,0.005,1.0024734112204592,1.013035875191522e+17,10.13035875191522,0.9162805337948348,8.463227605362304e+16,8.463227605362304,12415575179.855415,12384942125.038609,1521.6293008132543,1.0,0.0049999921114061,-1.577718765008451e-06,45,91,111,27.95878764799272,cone,Promweaver FAL-C tabulated boundary,45,10,1,0.005,0.001,,
ok,10,14000,0.1,0.01,1.0220491453158185,1.0107960553525635e+17,10.107960553525636,0.935923677021946,8.476193217961096e+16,8.476193217961097,25080998363.35027,24539914228.4886,6223.376867878312,1.0,0.0099999967688492,-3.231150737595389e-07,45,91,124,36.47199915901001,cone,Promweaver FAL-C tabulated boundary,45,10,1,0.005,0.001,,
ok,10,14000,0.2,0.02,1.0378797325627085,1.0762996692707328e+17,10.762996692707327,0.9518653077573266,9.052950410630125e+16,9.052950410630125,50559319390.1475,48714044415.63533,23750.30718839649,1.0,0.0199999982706029,-8.646985245885917e-08,45,91,131,45.67888437400688,cone,Promweaver FAL-C tabulated boundary,45,10,1,0.005,0.001,,
ok,11,6000,0.01,0.001,0.7433383814812491,7.632823529274451e+16,7.632823529274451,0.742708795089451,7.619899437434755e+16,7.619899437434755,4904900520.272915,6598476067.519786,315.1919996774821,1.0,0.0010000273103789,2.731037894508452e-05,45,91,63,12.256107719993452,cone,Promweaver FAL-C tabulated boundary,45,10,1,0.005,0.001,,
ok,11,6000,0.02,0.002,0.6101186180754457,6.86597608171747e+16,6.86597608171747,0.6095644213446166,6.8535084296319e+16,6.8535084296319,8684041864.32223,14233366442.274973,1098.3519634172285,1.0,0.0020000502667478,2.5133373935445208e-05,45,91,64,14.810534586998983,cone,Promweaver FAL-C tabulated boundary,45,10,1,0.005,0.001,,
ok,11,6000,0.05,0.005,0.3761075998575627,6.368964869026842e+16,6.368964869026843,0.3756158805823232,6.352322314682437e+16,6.352322314682437,15524872766.671406,41277742785.71051,3784.3147101259297,1.0,0.0050000999611094,1.9992221886484803e-05,45,91,66,23.592450590003864,cone,Promweaver FAL-C tabulated boundary,45,10,1,0.005,0.001,,
ok,11,6000,0.1,0.01,0.2274014796207324,6.2552900872775976e+16,6.255290087277597,0.2269357081943419,6.229691735056896e+16,6.229691735056896,20898294524.67416,91900433363.62196,6981.909838654685,1.0,0.0100000848643006,8.486430068919968e-06,45,91,66,23.64676969099673,cone,Promweaver FAL-C tabulated boundary,45,10,1,0.005,0.001,,
ok,11,6000,0.2,0.02,0.1326841573830355,6.233559248648269e+16,6.233559248648269,0.1322359751041248,6.191518775586962e+16,6.191518775586961,26282544403.631557,198083515937.4644,11081.504366524736,1.0,0.0200000973837284,4.869186422638837e-06,45,91,66,12.87110216698784,cone,Promweaver FAL-C tabulated boundary,45,10,1,0.005,0.001,,
ok,11,8000,0.01,0.001,0.821645648160296,9.713329599804182e+16,9.713329599804185,0.820560482449125,9.687689321267267e+16,9.68768932126727,3899083763.792277,4745456599.840227,156.51537447442365,1.0000000000000002,0.0009999703113084,-2.968869156354421e-05,45,91,92,17.881132827998954,cone,Promweaver FAL-C tabulated boundary,45,10,1,0.005,0.001,,
ok,11,8000,0.02,0.002,0.7145541823700464,8.789409205520984e+16,8.789409205520984,0.7134992204338351,8.763475140711003e+16,8.763475140711003,7185105328.251476,10055368095.978094,587.3630112208172,1.0,0.0019999431991985,-2.8400400729289635e-05,45,91,94,28.020808442001,cone,Promweaver FAL-C tabulated boundary,45,10,1,0.005,0.001,,
ok,11,8000,0.05,0.005,0.5203912036139458,8.092831177117686e+16,8.092831177117686,0.5193602288819971,8.060796663409131e+16,8.060796663409132,14662981110.688795,28176842746.10949,2656.709504336789,1.0000000000000002,0.004999903911956,-1.921760879528e-05,45,91,96,33.91667659999803,cone,Promweaver FAL-C tabulated boundary,45,10,1,0.005,0.001,,
ok,11,8000,0.1,0.01,0.3767853581229878,7.890619367066163e+16,7.890619367066163,0.3757666447063896,7.848009360571986e+16,7.848009360571986,23317848709.06863,61886292039.66405,6890.740043657393,1.0,0.0099999353898322,-6.461016775066718e-06,45,91,97,34.282305087006534,cone,Promweaver FAL-C tabulated boundary,45,10,1,0.005,0.001,,
ok,11,8000,0.2,0.02,0.2923148782236504,7.845631257952626e+16,7.8456312579526255,0.2913080252741815,7.791677161393752e+16,7.791677161393752,38397866028.90419,131357891402.0447,18792.57470938583,0.9999999999999998,0.0199999799444466,-1.0027776664589536e-06,45,91,97,18.738987851000275,cone,Promweaver FAL-C tabulated boundary,45,10,1,0.005,0.001,,
ok,11,10000,0.01,0.001,0.9134658806155428,1.2095084900689229e+17,12.095084900689228,0.8665650690815938,1.088495449991673e+17,10.884954499916727,3308621445.6545043,3622052575.652826,90.5076397605204,1.0,0.0009999735991418,-2.6400858153070517e-05,45,91,107,32.44610690099944,cone,Promweaver FAL-C tabulated boundary,45,10,1,0.005,0.001,,
ok,11,10000,0.02,0.002,0.8261102910798032,1.0480123034123885e+17,10.480123034123883,0.7925700092823688,9.64640709406632e+16,9.64640709406632,6257819883.343653,7575041675.324124,373.66269045566486,1.0000000000000002,0.0019999507000983,-2.464995081902059e-05,45,91,122,42.69624464899243,cone,Promweaver FAL-C tabulated boundary,45,10,1,0.005,0.001,,
ok,11,10000,0.05,0.005,0.736570562329614,9.171059015725709e+16,9.171059015725708,0.7177402598897428,8.708139698760986e+16,8.708139698760986,14634358924.311972,19868237576.623543,2335.220619105814,0.9999999999999998,0.0049999625381261,-7.492374764703212e-06,45,91,133,46.345248084995546,cone,Promweaver FAL-C tabulated boundary,45,10,1,0.005,0.001,,
ok,11,10000,0.1,0.01,0.7329300585035158,9.1170367613582e+16,9.1170367613582,0.7219246289652803,8.845295707701259e+16,8.84529570770126,29182519425.2452,39816240426.58256,9340.967490822584,1.0,0.0099999856912467,-1.4308753270783623e-06,45,91,134,38.09818791400176,cone,Promweaver FAL-C tabulated boundary,45,10,1,0.005,0.001,,
ok,11,10000,0.2,0.02,0.7430907947456092,9.422559090680429e+16,9.422559090680428,0.736792958002767,9.263519918153645e+16,9.263519918153644,58845544548.75782,79190248304.58717,36750.08116069859,1.0,0.0199999952112202,-2.394389896423487e-07,45,91,131,27.277809942010208,cone,Promweaver FAL-C tabulated boundary,45,10,1,0.005,0.001,,
ok,11,12000,0.01,0.001,0.9856655965194374,1.3980267946961278e+17,13.98026794696128,0.8998853775056553,1.1652810620522264e+17,11.652810620522263,2871444996.469392,2913204038.5795965,58.97738440371784,0.9999999999999998,0.0009999779329717,-2.20670282791071e-05,45,91,91,32.40747452201322,cone,Promweaver FAL-C tabulated boundary,45,10,1,0.005,0.001,,
ok,11,12000,0.02,0.002,0.9420963287113254,1.1595947354935053e+17,11.595947354935053,0.8567069593429613,9.589151981352184e+16,9.589151981352185,5606978289.734805,5951597643.315814,271.1137311965963,1.0,0.0019999663988544,-1.6800572784966133e-05,45,91,110,38.7512531879911,cone,Promweaver FAL-C tabulated boundary,45,10,1,0.005,0.001,,
ok,11,12000,0.05,0.005,0.937441069148874,9.839554927709738e+16,9.839554927709738,0.8532199525936112,8.150974008648627e+16,8.150974008648626,13980467263.43854,14913435866.567862,1986.4055472026373,1.0,0.0049999873431715,-2.531365689804887e-06,45,91,130,35.70914200200059,cone,Promweaver FAL-C tabulated boundary,45,10,1,0.005,0.001,,
ok,11,12000,0.1,0.01,0.962299711366874,9.912709264426642e+16,9.912709264426642,0.8800080841066786,8.289817719355979e+16,8.289817719355979,28354136589.724277,29464974638.150284,8110.366604152012,1.0,0.0099999955140953,-4.485904635601056e-07,45,91,140,35.73964882901055,cone,Promweaver FAL-C tabulated boundary,45,10,1,0.005,0.001,,
ok,11,12000,0.2,0.02,0.9829266953213044,1.0621253422897506e+17,10.621253422897505,0.9042658273001092,8.98929739634069e+16,8.989297396340689,57346389547.93024,58342488632.05872,30962.526391596275,1.0,0.0199999981578102,-9.210948549026597e-08,45,91,142,34.165428466003505,cone,Promweaver FAL-C tabulated boundary,45,10,1,0.005,0.001,,
ok,11,14000,0.01,0.001,1.0116327024933116,1.5221617366990195e+17,15.221617366990197,0.9253312573386756,1.2735310732855293e+17,12.735310732855291,2494820679.444937,2466132889.23549,40.89007148533264,1.0,0.0009999819631968,-1.803680310511792e-05,45,91,71,20.90586679399712,cone,Promweaver FAL-C tabulated boundary,45,10,1,0.005,0.001,,
ok,11,14000,0.02,0.002,0.9895984472936432,1.2049734886784858e+17,12.049734886784858,0.903342942716343,1.0040718547483338e+17,10.040718547483335,4932809276.486398,4984657453.714342,201.9347943071862,1.0,0.0019999781139149,-1.0943042512943923e-05,45,91,90,32.19937667099293,cone,Promweaver FAL-C tabulated boundary,45,10,1,0.005,0.001,,
ok,11,14000,0.05,0.005,1.0021430631836103,1.0056613466480846e+17,10.056613466480846,0.915950172360508,8.401097135595851e+16,8.401097135595851,12413447257.713982,12386901345.481466,1532.2620615145254,1.0,0.0049999921297697,-1.5740460461086123e-06,45,91,111,23.104310124006588,cone,Promweaver FAL-C tabulated boundary,45,10,1,0.005,0.001,,
ok,11,14000,0.1,0.01,1.0218374498048892,1.0037938743540242e+17,10.03793874354024,0.935711968786995,8.417154128250963e+16,8.417154128250964,25078321622.000885,24542378659.922253,6265.451816801036,1.0,0.0099999967714117,-3.228588254383657e-07,45,91,124,36.03266645999975,cone,Promweaver FAL-C tabulated boundary,45,10,1,0.005,0.001,,
ok,11,14000,0.2,0.02,1.0377244050146357,1.0690138860400989e+17,10.690138860400989,0.95170996423369,8.991424836529338e+16,8.991424836529337,50555450095.34471,48717607344.53546,23908.51576129124,1.0,0.0199999983862604,-8.068697567725769e-08,45,91,132,45.81666008599859,cone,Promweaver FAL-C tabulated boundary,45,10,1,0.005,0.001,,
ok,12,6000,0.01,0.001,0.741376041221217,7.592719170063387e+16,7.592719170063387,0.7407462341241142,7.579824452686586e+16,7.5798244526865854,4897204633.936015,6605560959.144554,315.8632986348705,1.0,0.0010000272610367,2.726103671296144e-05,45,91,63,22.7259679120034,cone,Promweaver FAL-C tabulated boundary,45,10,1,0.005,0.001,,
ok,12,6000,0.02,0.002,0.6073723369426918,6.823049892694466e+16,6.823049892694466,0.6068177898775938,6.8105963291958856e+16,6.810596329195886,8658972773.821367,14256449046.408216,1098.88994917155,1.0,0.002000050448677,2.522433853392909e-05,45,91,64,23.299398560004192,cone,Promweaver FAL-C tabulated boundary,45,10,1,0.005,0.001,,
ok,12,6000,0.05,0.005,0.3732829851661374,6.325333157528463e+16,6.325333157528463,0.3727907391186569,6.308661798729847e+16,6.308661798729848,15438099646.866776,41357630163.6029,3767.942569521733,0.9999999999999998,0.0050000997090958,1.9941819172711317e-05,45,91,66,24.2933792820113,cone,Promweaver FAL-C tabulated boundary,45,10,1,0.005,0.001,,
ok,12,6000,0.1,0.01,0.2255198801373913,6.212978255931459e+16,6.212978255931459,0.225053550574206,6.187310452955405e+16,6.187310452955405,20755104821.77524,92032262562.089,6933.460224999539,1.0,0.0100000846360432,8.463604328143302e-06,45,91,66,13.323896258996683,cone,Promweaver FAL-C tabulated boundary,45,10,1,0.005,0.001,,
ok,12,6000,0.2,0.02,0.1315897280744156,6.191504365168304e+16,6.191504365168304,0.1311410082653527,6.149350409961446e+16,6.149350409961446,26089182434.317924,198261542265.3975,10993.21586398689,1.0,0.0200000975678699,4.878393497324828e-06,45,91,66,23.752492529005394,cone,Promweaver FAL-C tabulated boundary,45,10,1,0.005,0.001,,
ok,12,8000,0.01,0.001,0.8201197120909269,9.672890642662522e+16,9.67289064266252,0.8190344822238648,9.647308122580051e+16,9.647308122580052,3894956429.15876,4749253519.621444,156.83714564221862,1.0,0.0009999699477976,-3.0052202385465188e-05,45,91,92,27.000092069996757,cone,Promweaver FAL-C tabulated boundary,45,10,1,0.005,0.001,,
ok,12,8000,0.02,0.002,0.7123010547079573,8.73861802136044e+16,8.73861802136044,0.7112460159002705,8.712750438560611e+16,8.712750438560612,7171419867.702671,10067961882.55392,588.5285613030378,1.0000000000000002,0.0019999424640403,-2.8767979842487384e-05,45,91,94,27.588006142992526,cone,Promweaver FAL-C tabulated boundary,45,10,1,0.005,0.001,,
ok,12,8000,0.05,0.005,0.517456862453517,8.037469866961406e+16,8.037469866961406,0.5164257786647476,8.005470877876653e+16,8.005470877876652,14606977786.933989,28228397083.527187,2654.6139966885603,1.0,0.0049999031033688,-1.9379326226566514e-05,45,91,96,34.1827025419916,cone,Promweaver FAL-C tabulated boundary,45,10,1,0.005,0.001,,
ok,12,8000,0.1,0.01,0.3744680522621935,7.8358286390037e+16,7.835828639003699,0.3734492251932061,7.793248269356981e+16,7.79324826935698,23211205369.59889,61984474321.31531,6875.597713150068,1.0,0.0099999351512489,-6.4848751098189874e-06,45,91,97,28.684979042009218,cone,Promweaver FAL-C tabulated boundary,45,10,1,0.005,0.001,,
ok,12,8000,0.2,0.02,0.2907739452834331,7.791013433733918e+16,7.7910134337339185,0.2897669958809299,7.737146348520526e+16,7.737146348520526,38238198494.69152,131504899647.79572,18767.26098030452,1.0,0.0199999806305651,-9.684717408239838e-07,45,91,97,34.28400919500564,cone,Promweaver FAL-C tabulated boundary,45,10,1,0.005,0.001,,
ok,12,10000,0.01,0.001,0.9122933048093828,1.205225420615598e+17,12.05225420615598,0.8653777395468274,1.0844530309151533e+17,10.844530309151532,3306311950.2756224,3624176493.2895694,90.70252357398634,1.0000000000000002,0.0009999732413378,-2.6758662153908083e-05,45,91,107,37.66525776400522,cone,Promweaver FAL-C tabulated boundary,45,10,1,0.005,0.001,,
ok,12,10000,0.02,0.002,0.8245014487534534,1.0420465613277458e+17,10.420465613277456,0.7909389211734998,9.589372142828115e+16,9.589372142828116,6250890455.063266,7581418400.79706,374.9701110420109,1.0,0.0019999502422983,-2.4878850836667493e-05,45,91,122,30.342683708004188,cone,Promweaver FAL-C tabulated boundary,45,10,1,0.005,0.001,,
ok,12,10000,0.05,0.005,0.7351219038242925,9.10832948576324e+16,9.10832948576324,0.7162750936858983,8.647283673339405e+16,8.647283673339405,14617193684.20406,19884040467.52201,2345.790757081193,0.9999999999999998,0.0049999624206854,-7.51586291258821e-06,45,91,133,29.67856125900289,cone,Promweaver FAL-C tabulated boundary,45,10,1,0.005,0.001,,
ok,12,10000,0.1,0.01,0.7319013355850514,9.05482570604596e+16,9.05482570604596,0.7208885324260398,8.784382737161763e+16,8.784382737161764,29158048945.8855,39838769965.59621,9389.378061280368,1.0,0.0099999857040651,-1.429593482482616e-06,45,91,134,46.81081547500799,cone,Promweaver FAL-C tabulated boundary,45,10,1,0.005,0.001,,
ok,12,10000,0.2,0.02,0.7421116462473906,9.357017514641898e+16,9.357017514641898,0.7358099528391918,9.198780670026338e+16,9.198780670026338,58799479366.08466,79232659483.80394,36949.58108513206,1.0,0.0199999952019851,-2.3990074423524405e-07,45,91,131,25.24624688300537,cone,Promweaver FAL-C tabulated boundary,45,10,1,0.005,0.001,,
ok,12,12000,0.01,0.001,0.9847840299271818,1.3927437613523411e+17,13.927437613523413,0.899003616573938,1.1606789421821342e+17,11.606789421821343,2870097233.697513,2914443315.972272,59.1455396136876,1.0,0.000999977648767,-2.2351232954742617e-05,45,91,91,28.172488280004472,cone,Promweaver FAL-C tabulated boundary,45,10,1,0.005,0.001,,
ok,12,12000,0.02,0.002,0.9410514061277024,1.1525063969957389e+17,11.525063969957388,0.8556615633832555,9.52841570451517e+16,9.528415704515169,5603652177.800334,5954671701.579613,272.45764371998126,1.0,0.0019999685182067,-1.5740896609382424e-05,45,91,111,39.1969066390011,cone,Promweaver FAL-C tabulated boundary,45,10,1,0.005,0.001,,
ok,12,12000,0.05,0.005,0.9368463050663102,9.771272359672275e+16,9.771272359672276,0.8526245338291306,8.093382619564683e+16,8.093382619564684,13975704980.836117,14917820463.461096,1998.924219096462,1.0,0.0049999873546668,-2.5290666245264544e-06,45,91,130,45.43675302399788,cone,Promweaver FAL-C tabulated boundary,45,10,1,0.005,0.001,,
ok,12,12000,0.1,0.01,0.9619164425426228,9.846077606022504e+16,9.846077606022504,0.879624030094208,8.23346659886533e+16,8.233466598865329,28348147569.99404,29470488616.5182,8161.803134261445,1.0,0.0099999955166847,-4.4833152693796164e-07,45,91,140,27.024303655998665,cone,Promweaver FAL-C tabulated boundary,45,10,1,0.005,0.001,,
ok,12,12000,0.2,0.02,0.982618983442297,1.0550716389795693e+17,10.55071638979569,0.9039569878341552,8.929089610880138e+16,8.929089610880137,57336963972.53969,58351166564.76312,31159.281665156912,1.0000000000000002,0.0199999981586216,-9.206891967566964e-08,45,91,142,49.67978759900143,cone,Promweaver FAL-C tabulated boundary,45,10,1,0.005,0.001,,
ok,12,14000,0.01,0.001,1.010962708156906,1.5165085617208758e+17,15.165085617208758,0.9246612375534672,1.2686443772412083e+17,12.686443772412083,2493967468.152513,2466923307.882725,41.01443202631829,1.0,0.0009999829887855,-1.7011214471784886e-05,45,91,72,26.165916279001976,cone,Promweaver FAL-C tabulated boundary,45,10,1,0.005,0.001,,
ok,12,14000,0.02,0.002,0.9890004501284204,1.1969699026196115e+17,11.969699026196116,0.9027449254498516,9.972874721615843e+16,9.972874721615844,4931248982.270041,4986093769.350383,203.1564575844407,1.0,0.0019999780689245,-1.0965537708754192e-05,45,91,90,25.2394828240067,cone,Promweaver FAL-C tabulated boundary,45,10,1,0.005,0.001,,
ok,12,14000,0.05,0.005,1.0018288508554996,9.98635910705961e+16,9.98635910705961,0.9156359472842814,8.34191536317324e+16,8.34191536317324,12411422642.52496,12388765438.254623,1542.5382800672976,1.0,0.0049999921449547,-1.5710090594742152e-06,45,91,111,32.66609795499244,cone,Promweaver FAL-C tabulated boundary,45,10,1,0.005,0.001,,
ok,12,14000,0.1,0.01,1.021630843587098,9.96982964048565e+16,9.96982964048565,0.935505350148249,8.359730875331154e+16,8.359730875331154,25075708710.5601,24544784320.053955,6306.939937904796,1.0000000000000002,0.0099999967730393,-3.226960693450409e-07,45,91,124,44.74439079000149,cone,Promweaver FAL-C tabulated boundary,45,10,1,0.005,0.001,,
ok,12,14000,0.2,0.02,1.0375714348315954,1.0618827939426024e+17,10.618827939426025,0.9515569783163528,8.931207250434752e+16,8.931207250434753,50551638681.13144,48721116430.24974,24065.444773425665,1.0000000000000002,0.0199999983856609,-8.07169518723949e-08,45,91,132,29.49028777799685,cone,Promweaver FAL-C tabulated boundary,45,10,1,0.005,0.001,,
ok,13,6000,0.01,0.001,0.7388871537677926,7.540306139415613e+16,7.540306139415613,0.738257065461096,7.527451583850194e+16,7.527451583850193,4887420581.146258,6614569702.86184,316.78925888894094,1.0,0.0010000273305841,2.7330584145010897e-05,45,91,63,22.893484382002494,cone,Promweaver FAL-C tabulated boundary,45,10,1,0.005,0.001,,
ok,13,6000,0.02,0.002,0.6041888512849157,6.77383680317793e+16,6.77383680317793,0.6036338949449107,6.761398780730606e+16,6.761398780730606,8629810644.162739,14283300040.723862,1099.4305578658964,1.0000000000000002,0.0020000506319985,2.5315999279545972e-05,45,91,64,23.11004036599479,cone,Promweaver FAL-C tabulated boundary,45,10,1,0.005,0.001,,
ok,13,6000,0.05,0.005,0.3701861546548372,6.276578788805314e+16,6.276578788805314,0.369693323605461,6.259877819239594e+16,6.259877819239594,15342576874.678112,41445571860.95623,3750.365813542391,0.9999999999999998,0.00500009934005,1.98680099998752e-05,45,91,66,23.727110673004063,cone,Promweaver FAL-C tabulated boundary,45,10,1,0.005,0.001,,
ok,13,6000,0.1,0.01,0.2234951691260159,6.165940956366911e+16,6.165940956366911,0.2230282307094412,6.140203423733893e+16,6.140203423733893,20600564588.52035,92174540814.81683,6882.700700005621,1.0,0.010000084305274,8.430527408467834e-06,45,91,66,23.711709921990405,cone,Promweaver FAL-C tabulated boundary,45,10,1,0.005,0.001,,
ok,13,6000,0.2,0.02,0.1304108104618476,6.14485687527577e+16,6.14485687527577,0.1299615039947985,6.1025878671233096e+16,6.10258786712331,25880503809.62155,198453668970.89435,10900.180281412597,1.0,0.0200000976311223,4.881556117664053e-06,45,91,66,16.443095403999905,cone,Promweaver FAL-C tabulated boundary,45,10,1,0.005,0.001,,
ok,13,8000,0.01,0.001,0.8180554764658546,9.612394524482622e+16,9.612394524482625,0.8169701592980496,9.58690584630519e+16,9.586905846305193,3889370341.422294,4754409026.420882,157.37183502202933,1.0,0.0009999714490615,-2.855093848321e-05,45,91,93,28.41459526999097,cone,Promweaver FAL-C tabulated boundary,45,10,1,0.005,0.001,,
ok,13,8000,0.02,0.002,0.7095995429681652,8.67700264106075e+16,8.677002641060751,0.7085444114269573,8.651217471063853e+16,8.651217471063854,7154965722.669677,10083103623.124332,589.9909981624678,1.0,0.0019999415950766,-2.9202461654127126e-05,45,91,94,33.21457527800521,cone,Promweaver FAL-C tabulated boundary,45,10,1,0.005,0.001,,
ok,13,8000,0.05,0.005,0.5141778883154308,7.975117930203794e+16,7.975117930203794,0.5131466815005168,7.943161094448283e+16,7.943161094448283,14544154085.793207,28286230147.78664,2652.4048913454726,1.0000000000000002,0.0049999022167333,-1.955665332575157e-05,45,91,96,27.609552531997902,cone,Promweaver FAL-C tabulated boundary,45,10,1,0.005,0.001,,
ok,13,8000,0.1,0.01,0.3719384580506881,7.774716009597075e+16,7.774716009597075,0.3709195057679112,7.732175568185715e+16,7.732175568185715,23094405847.41225,62092008361.94498,6860.077985956302,1.0,0.0099999350537544,-6.494624557595862e-06,45,91,97,18.518900148992543,cone,Promweaver FAL-C tabulated boundary,45,10,1,0.005,0.001,,
ok,13,8000,0.2,0.02,0.2890899269511683,7.730355812647934e+16,7.730355812647934,0.2880828714086975,7.676591655192333e+16,7.6765916551923326,38063294504.377525,131665931448.407,18741.884896895885,1.0,0.0199999807974014,-9.601299278197415e-07,45,91,97,28.15852566000831,cone,Promweaver FAL-C tabulated boundary,45,10,1,0.005,0.001,,
ok,13,10000,0.01,0.001,0.9106668312667494,1.1979942242909763e+17,11.979942242909765,0.8637307125120897,1.0776864234107774e+17,10.776864234107776,3303109766.817738,3627133056.139828,91.0733450163672,1.0000000000000002,0.0009999744980353,-2.5501964618810866e-05,45,91,108,37.69011827198847,cone,Promweaver FAL-C tabulated boundary,45,10,1,0.005,0.001,,
ok,13,10000,0.02,0.002,0.8225164896530531,1.0342560485959245e+17,10.342560485959243,0.788926421888841,9.515066879166867e+16,9.515066879166866,6242324952.503388,7589300677.894583,376.75990259420166,1.0,0.0019999496724158,-2.5163792053122663e-05,45,91,122,23.331054667010903,cone,Promweaver FAL-C tabulated boundary,45,10,1,0.005,0.001,,
ok,13,10000,0.05,0.005,0.7334867842319114,9.037275519210214e+16,9.037275519210214,0.714621273102249,8.578370843716523e+16,8.578370843716524,14597786215.3848,19901907613.333797,2357.96022747242,1.0,0.0049999622855934,-7.542881313646331e-06,45,91,133,46.18349125300301,cone,Promweaver FAL-C tabulated boundary,45,10,1,0.005,0.001,,
ok,13,10000,0.1,0.01,0.730750643753732,8.985316666472154e+16,8.985316666472153,0.7197295698632854,8.716330034469115e+16,8.716330034469115,29130644317.948544,39864000896.81723,9444.23518811837,1.0,0.0099999857144213,-1.4285578607206582e-06,45,91,134,47.01015863500652,cone,Promweaver FAL-C tabulated boundary,45,10,1,0.005,0.001,,
ok,13,10000,0.2,0.02,0.7410149090798608,9.284142336795528e+16,9.284142336795528,0.7347088841036914,9.126798888393742e+16,9.126798888393742,58747824213.44702,79280218918.12657,37174.21302488679,0.9999999999999998,0.0199999954458567,-2.277071623271731e-07,45,91,131,37.81917403000989,cone,Promweaver FAL-C tabulated boundary,45,10,1,0.005,0.001,,
ok,13,12000,0.01,0.001,0.9835487690946628,1.3836860742901498e+17,13.836860742901498,0.8977680824646477,1.1528534252535197e+17,11.528534252535197,2868211085.853689,2916185934.017101,59.454488889283496,1.0,0.0009999787431622,-2.1256837754411728e-05,45,91,92,20.413860493004904,cone,Promweaver FAL-C tabulated boundary,45,10,1,0.005,0.001,,
ok,13,12000,0.02,0.002,0.9397865774806444,1.1427523980511603e+17,11.427523980511603,0.8543961623487416,9.445223597731842e+16,9.44522359773184,5599613693.03416,5958388667.398782,274.3872912862782,0.9999999999999998,0.0019999683055359,-1.5847232036391226e-05,45,91,111,33.61473628100066,cone,Promweaver FAL-C tabulated boundary,45,10,1,0.005,0.001,,
ok,13,12000,0.05,0.005,0.9361622389956524,9.692671691898595e+16,9.692671691898596,0.8519397142882438,8.027105881723763e+16,8.027105881723763,13970224196.339647,14922866587.021704,2013.5538507831636,1.0,0.004999987369248,-2.526150386962522e-06,45,91,130,37.763894142000936,cone,Promweaver FAL-C tabulated boundary,45,10,1,0.005,0.001,,
ok,13,12000,0.1,0.01,0.9614828651522892,9.771203202712467e+16,9.771203202712467,0.87918956407779,8.170149357181834e+16,8.170149357181833,28341369717.20591,29476728857.478832,8220.41278626137,1.0,0.0099999955193922,-4.480607794510315e-07,45,91,140,39.431263848993694,cone,Promweaver FAL-C tabulated boundary,45,10,1,0.005,0.001,,
ok,13,12000,0.2,0.02,0.98227194984083,1.0472023338806877e+17,10.472023338806876,0.9036086820801612,8.861921668196691e+16,8.861921668196691,57326330805.20771,58360956774.23856,31381.78838286021,1.0,0.0199999982444381,-8.777809087229249e-08,45,91,143,40.14588103200367,cone,Promweaver FAL-C tabulated boundary,45,10,1,0.005,0.001,,
ok,13,14000,0.01,0.001,1.0101108998343298,1.505116658434958e+17,15.05116658434958,0.9238093969603902,1.2589161317785478e+17,12.58916131778548,2492878014.321402,2467925071.128589,41.28876495692288,0.9999999999999998,0.0009999827213389,-1.7278661029089884e-05,45,91,72,25.96947761300544,cone,Promweaver FAL-C tabulated boundary,45,10,1,0.005,0.001,,
ok,13,14000,0.02,0.002,0.988250782600107,1.1861922493989187e+17,11.861922493989187,0.9019952326961568,9.881644653745949e+16,9.881644653745948,4929291681.520558,4987895550.713855,204.83961595449887,1.0000000000000002,0.0019999780134783,-1.0993260846775543e-05,45,91,90,31.9817074790044,cone,Promweaver FAL-C tabulated boundary,45,10,1,0.005,0.001,,
ok,13,14000,0.05,0.005,1.0014605725837713,9.90465414890498e+16,9.90465414890498,0.9152676540547232,8.273091597220442e+16,8.273091597220441,12409050325.255726,12390952439.835287,1554.6684180966902,1.0000000000000002,0.0049999927452245,-1.4509550944410974e-06,45,91,112,39.747851400999934,cone,Promweaver FAL-C tabulated boundary,45,10,1,0.005,0.001,,
ok,13,14000,0.1,0.01,1.0213954388139623,9.892799355110275e+16,9.892799355110276,0.9352699312193968,8.294788497273418e+16,8.294788497273418,25072730965.41708,24547525877.47148,6354.539453379797,1.0000000000000002,0.009999996775213,-3.224786982586325e-07,45,91,124,43.30542046300252,cone,Promweaver FAL-C tabulated boundary,45,10,1,0.005,0.001,,
ok,13,14000,0.2,0.02,1.0373984028339482,1.0538965404384998e+17,10.538965404384998,0.9513839285179592,8.863769427780165e+16,8.863769427780165,50547326743.67407,48725086336.73398,24243.67234253054,1.0,0.0199999983849753,-8.07512310491143e-08,45,91,132,45.89123147299688,cone,Promweaver FAL-C tabulated boundary,45,10,1,0.005,0.001,,
ok,14,6000,0.01,0.001,0.7366143898854504,7.496417974524648e+16,7.496417974524648,0.7359840435475706,7.483593577216438e+16,7.483593577216438,4878462908.7595005,6622817821.300155,317.4769661059533,1.0,0.0010000274186402,2.741864020419996e-05,45,91,63,22.83152153600531,cone,Promweaver FAL-C tabulated boundary,45,10,1,0.005,0.001,,
ok,14,6000,0.02,0.002,0.6010103721723153,6.727913021959099e+16,6.7279130219591,0.6004550037509958,6.715484803581938e+16,6.715484803581939,8600585048.66427,14310210683.34974,1099.450348687297,1.0,0.0020000509247901,2.546239507477191e-05,45,91,64,12.580326285009503,cone,Promweaver FAL-C tabulated boundary,45,10,1,0.005,0.001,,
ok,14,6000,0.05,0.005,0.367175119084838,6.233335170701322e+16,6.233335170701323,0.3666817115888579,6.2165937976058696e+16,6.21659379760587,15249310628.400476,41531437822.93438,3730.6107929903615,1.0,0.0050000991329954,1.982659909929851e-05,45,91,66,12.934204100994975,cone,Promweaver FAL-C tabulated boundary,45,10,1,0.005,0.001,,
ok,14,6000,0.1,0.01,0.2215929535017072,6.1252257206793256e+16,6.1252257206793255,0.2211254350772861,6.099406894295593e+16,6.099406894295593,20454938399.916862,92308613954.90752,6830.842225647645,0.9999999999999998,0.0100000841418621,8.414186216873508e-06,45,91,66,23.545602850994328,cone,Promweaver FAL-C tabulated boundary,45,10,1,0.005,0.001,,
ok,14,6000,0.2,0.02,0.129313436478217,6.104520310256644e+16,6.104520310256644,0.1288635766493405,6.062120977458711e+16,6.062120977458712,25685895558.870945,198632843255.98883,10807.814490398325,1.0000000000000002,0.020000097863146,4.893157303301198e-06,45,91,66,19.216835931001697,cone,Promweaver FAL-C tabulated boundary,45,10,1,0.005,0.001,,
ok,14,8000,0.01,0.001,0.8162746131627424,9.565447312548547e+16,9.565447312548548,0.8151892204908654,9.54002605443766e+16,9.54002605443766,3884534577.297907,4758857515.177235,157.75121004981693,1.0,0.0009999710055201,-2.8994479845919144e-05,45,91,93,32.78126727700874,cone,Promweaver FAL-C tabulated boundary,45,10,1,0.005,0.001,,
ok,14,8000,0.02,0.002,0.7069734363396986,8.622489975125234e+16,8.622489975125234,0.7059182139395191,8.59676947751987e+16,8.59676947751987,7138936975.662436,10097885731.921898,591.0638491840069,1.0,0.001999944567895,-2.771605246546828e-05,45,91,95,27.50376538799901,cone,Promweaver FAL-C tabulated boundary,45,10,1,0.005,0.001,,
ok,14,8000,0.05,0.005,0.5109389399519978,7.918521212617314e+16,7.918521212617313,0.5099076103907834,7.886586426563054e+16,7.8865864265630545,14481844059.855783,28343590451.75993,2648.522391274369,1.0,0.0049999013504475,-1.9729910490789975e-05,45,91,96,33.90029444800166,cone,Promweaver FAL-C tabulated boundary,45,10,1,0.005,0.001,,
ok,14,8000,0.1,0.01,0.369573946103932,7.721581652715218e+16,7.7215816527152175,0.3685548756787241,7.679057082244165e+16,7.679057082244165,22984861296.749603,62192861642.59471,6841.912351532862,1.0000000000000002,0.0099999348049888,-6.519501113098901e-06,45,91,97,28.548370857999544,cone,Promweaver FAL-C tabulated boundary,45,10,1,0.005,0.001,,
ok,14,8000,0.2,0.02,0.2875665966030372,7.677952130078629e+16,7.677952130078629,0.2865594444047262,7.624264915047666e+16,7.624264915047665,37904699820.39025,131811901201.84462,18712.883906182666,1.0000000000000002,0.0199999753960963,-1.2301951839155387e-06,45,91,98,19.18918331801251,cone,Promweaver FAL-C tabulated boundary,45,10,1,0.005,0.001,,
ok,14,10000,0.01,0.001,0.9092746380672344,1.1925447185520963e+17,11.925447185520964,0.8623209232531482,1.0725619001549938e+17,10.725619001549935,3300359688.98265,3629662096.369405,91.33723798539314,1.0,0.0009999740633959,-2.593660400557543e-05,45,91,108,20.6787764949986,cone,Promweaver FAL-C tabulated boundary,45,10,1,0.005,0.001,,
ok,14,10000,0.02,0.002,0.8206707161984362,1.027847737098462e+17,10.27847737098462,0.7870549019111208,9.453681500012483e+16,9.453681500012484,6234354375.801185,7596657529.929132,378.1413635524512,1.0,0.0019999524482517,-2.3775874136893263e-05,45,91,123,42.94944760200451,cone,Promweaver FAL-C tabulated boundary,45,10,1,0.005,0.001,,
ok,14,10000,0.05,0.005,0.7319040922131336,8.973324938644226e+16,8.973324938644225,0.7130203994858552,8.516260827868458e+16,8.516260827868457,14578975162.253128,19919242585.69068,2368.64839103561,1.0,0.0049999646899195,-7.062016086668841e-06,45,91,134,26.8761747690005,cone,Promweaver FAL-C tabulated boundary,45,10,1,0.005,0.001,,
ok,14,10000,0.1,0.01,0.729695637585758,8.924578328060454e+16,8.924578328060454,0.7186669594009175,8.656843437554653e+16,8.656843437554652,29105488004.20933,39887161859.02741,9492.094761493085,1.0,0.0099999857257354,-1.4274264568958637e-06,45,91,134,46.96256105699285,cone,Promweaver FAL-C tabulated boundary,45,10,1,0.005,0.001,,
ok,14,10000,0.2,0.02,0.7400460431606405,9.221115253178147e+16,9.221115253178148,0.7337361814412551,9.064541441474038e+16,9.064541441474038,58702139386.61134,79322279916.39835,37370.11276783975,0.9999999999999998,0.0199999954373177,-2.2813411472422107e-07,45,91,131,25.072687160005444,cone,Promweaver FAL-C tabulated boundary,45,10,1,0.005,0.001,,
ok,14,12000,0.01,0.001,0.9824880162291418,1.3764923849460158e+17,13.76492384946016,0.8967070952493688,1.1466226113052755e+17,11.466226113052755,2866585924.137212,2917680294.095973,59.69749597113726,1.0,0.0009999784026928,-2.1597307173996244e-05,45,91,92,33.22979407499952,cone,Promweaver FAL-C tabulated boundary,45,10,1,0.005,0.001,,
ok,14,12000,0.02,0.002,0.9386708890031144,1.1348058738677394e+17,11.348058738677391,0.8532799683829319,9.377303599957394e+16,9.377303599957392,5596047155.233663,5961671146.71764,275.95683530316825,0.9999999999999998,0.0019999680973825,-1.5951308732003663e-05,45,91,111,38.92044001699833,cone,Promweaver FAL-C tabulated boundary,45,10,1,0.005,0.001,,
ok,14,12000,0.05,0.005,0.9355474631631494,9.624385353088467e+16,9.624385353088469,0.8513242608616322,7.969505461022963e+16,7.969505461022964,13965295387.881376,14927404474.663172,2026.409667898385,1.0,0.0049999873760483,-2.52479032559344e-06,45,91,130,45.32468764600344,cone,Promweaver FAL-C tabulated boundary,45,10,1,0.005,0.001,,
ok,14,12000,0.1,0.01,0.9610971114932824,9.70631516444577e+16,9.706315164445767,0.8788030194758244,8.11526910268489e+16,8.11526910268489,28335337049.1752,29482283018.362038,8271.844794730665,1.0,0.0099999955213421,-4.478657821341269e-07,45,91,140,48.864088676011306,cone,Promweaver FAL-C tabulated boundary,45,10,1,0.005,0.001,,
ok,14,12000,0.2,0.02,0.9819666648225088,1.040408679406477e+17,10.404086794064767,0.9033022775918916,8.803932158874373e+16,8.803932158874373,57316973655.33134,58369571706.07356,31576.39429613445,1.0,0.0199999982447197,-8.776401081572736e-08,45,91,143,41.35120808199281,cone,Promweaver FAL-C tabulated boundary,45,10,1,0.005,0.001,,
ok,14,14000,0.01,0.001,1.009340785933352,1.4961560389586573e+17,14.961560389586571,0.9230392538452368,1.2512427825235885e+17,12.512427825235886,2491892271.452588,2468831445.4154344,41.50320508579469,1.0000000000000002,0.0009999824739492,-1.7526050761487375e-05,45,91,72,21.6092508110014,cone,Promweaver FAL-C tabulated boundary,45,10,1,0.005,0.001,,
ok,14,14000,0.02,0.002,0.9875743817568928,1.177502045160724e+17,11.77502045160724,0.901318809013798,9.80796499835717e+16,9.80796499835717,4927528295.689624,4989526244.011678,206.2037616376938,1.0,0.001999979521138,-1.0239430989298498e-05,45,91,91,32.24988540299819,cone,Promweaver FAL-C tabulated boundary,45,10,1,0.005,0.001,,
ok,14,14000,0.05,0.005,1.001142649495862,9.834921391662718e+16,9.834921391662718,0.9149497180572492,8.21435413703268e+16,8.21435413703268,12407000454.909227,12392839782.779137,1565.174282110793,1.0,0.0049999927600484,-1.4479903040487403e-06,45,91,112,39.36345836300461,cone,Promweaver FAL-C tabulated boundary,45,10,1,0.005,0.001,,
ok,14,14000,0.1,0.01,1.0211902957086814,9.826703063129533e+16,9.826703063129532,0.9350647757751716,8.239063867023914e+16,8.239063867023914,25070135471.331497,24549915502.2164,6395.9568994114925,1.0,0.0099999967769254,-3.223074541633397e-07,45,91,124,43.78157344600186,cone,Promweaver FAL-C tabulated boundary,45,10,1,0.005,0.001,,
ok,14,14000,0.2,0.02,1.037247585078132,1.0470361068449789e+17,10.470361068449789,0.951233095244168,8.80583811878247e+16,8.80583811878247,50543567809.36258,48728547105.32329,24398.89350709725,1.0,0.0199999983843784,-8.078107870124196e-08,45,91,132,38.26525262799987,cone,Promweaver FAL-C tabulated boundary,45,10,1,0.005,0.001,,
ok,15,6000,0.01,0.001,0.734571758095337,7.455721205988653e+16,7.455721205988652,0.7339411788396978,7.44292625395686e+16,7.442926253956861,4870393189.772616,6630248353.681614,318.15473201881935,1.0000000000000002,0.0010000275007474,2.7500747467679512e-05,45,91,63,12.471214185003191,cone,Promweaver FAL-C tabulated boundary,45,10,1,0.005,0.001,,
ok,15,6000,0.02,0.002,0.5982818813719494,6.687258989162409e+16,6.687258989162409,0.5977261568319102,6.674841605054125e+16,6.674841605054125,8575393634.452657,14333366764.823303,1099.663944599547,1.0,0.002000047584722,2.379236100128433e-05,45,91,65,19.0578268100071,cone,Promweaver FAL-C tabulated boundary,45,10,1,0.005,0.001,,
ok,15,6000,0.05,0.005,0.3645546749181515,6.194133727519421e+16,6.194133727519421,0.3640607595016831,6.177360903814062e+16,6.177360903814062,15167827481.818909,41606454464.54453,3714.207678405335,1.0,0.0050000988477213,1.9769544261534485e-05,45,91,66,12.983969192995572,cone,Promweaver FAL-C tabulated boundary,45,10,1,0.005,0.001,,
ok,15,6000,0.1,0.01,0.2199026519531839,6.087439425372137e+16,6.087439425372136,0.2194346115070523,6.061554009647944e+16,6.061554009647944,20325179426.05944,92428077813.2069,6786.316706161812,0.9999999999999996,0.0100000839179602,8.391796021967045e-06,45,91,66,19.56295443601266,cone,Promweaver FAL-C tabulated boundary,45,10,1,0.005,0.001,,
ok,15,6000,0.2,0.02,0.1283388367557333,6.066975166808433e+16,6.066975166808433,0.1278884794651251,6.024470301377758e+16,6.024470301377758,25512765176.740677,198792242642.02264,10728.594877468764,1.0,0.020000098034073,4.901703650958544e-06,45,91,66,23.50877826400392,cone,Promweaver FAL-C tabulated boundary,45,10,1,0.005,0.001,,
ok,15,8000,0.01,0.001,0.8146776077749125,9.522509580161734e+16,9.522509580161737,0.8135921471335849,9.497151270792942e+16,9.497151270792942,3880190406.9243903,4762853882.190474,158.10829558369792,1.0,0.0009999706193527,-2.938064726730992e-05,45,91,93,26.93808545799402,cone,Promweaver FAL-C tabulated boundary,45,10,1,0.005,0.001,,
ok,15,8000,0.02,0.002,0.7046700618516033,8.572537068987317e+16,8.572537068987316,0.7036147593744538,8.54688010962943e+16,8.54688010962943,7124827342.649739,10110869935.255116,592.160340095981,0.9999999999999998,0.0019999438195556,-2.809022215939476e-05,45,91,95,17.89770800700353,cone,Promweaver FAL-C tabulated boundary,45,10,1,0.005,0.001,,
ok,15,8000,0.05,0.005,0.5081090819246916,7.868151608306814e+16,7.868151608306815,0.5070776440270506,7.836240064163326e+16,7.836240064163326,14427216515.68492,28393935532.57373,2645.4062752260998,1.0000000000000002,0.0049999074274157,-1.851451684811711e-05,45,91,97,32.04333974100882,cone,Promweaver FAL-C tabulated boundary,45,10,1,0.005,0.001,,
ok,15,8000,0.1,0.01,0.3674612095023469,7.67265532455896e+16,7.67265532455896,0.3664420325663035,7.630153156727205e+16,7.630153156727204,22886690290.15468,62283282420.885056,6826.848988783029,1.0000000000000002,0.0099999392205408,-6.07794591375027e-06,45,91,98,34.93100379999669,cone,Promweaver FAL-C tabulated boundary,45,10,1,0.005,0.001,,
ok,15,8000,0.2,0.02,0.2861874380677,7.629293854048928e+16,7.629293854048928,0.285180197761229,7.57568556552832e+16,7.57568556552832,37760831230.06389,131944404985.13864,18689.54588016874,1.0000000000000002,0.019999981035903,-9.482048460643376e-07,45,91,98,28.491237316993647,cone,Promweaver FAL-C tabulated boundary,45,10,1,0.005,0.001,,
ok,15,10000,0.01,0.001,0.9080513736782808,1.187780051986518e+17,11.87780051986518,0.8610821662556416,1.0680814616926578e+17,10.680814616926575,3297940167.900717,3631887207.5944514,91.56922052077417,1.0,0.0009999736898831,-2.631011682368949e-05,45,91,108,26.860036158992443,cone,Promweaver FAL-C tabulated boundary,45,10,1,0.005,0.001,,
ok,15,10000,0.02,0.002,0.8190313023887574,1.0218822452465854e+17,10.218822452465854,0.7853925832018325,9.396658515345949e+16,9.396658515345948,6227252768.80576,7603192638.234434,379.4828340249861,1.0,0.0019999519696859,-2.40151570092724e-05,45,91,123,43.683167701994535,cone,Promweaver FAL-C tabulated boundary,45,10,1,0.005,0.001,,
ok,15,10000,0.05,0.005,0.7305147563608967,8.915775654442346e+16,8.915775654442346,0.7116150557302257,8.460409838178416e+16,8.460409838178416,14562428759.335224,19934475837.11908,2378.5292451257583,0.9999999999999998,0.0049999645891036,-7.082179270638532e-06,45,91,134,31.027015528990887,cone,Promweaver FAL-C tabulated boundary,45,10,1,0.005,0.001,,
ok,15,10000,0.1,0.01,0.7287417078518474,8.868915708452971e+16,8.86891570845297,0.7177061350037606,8.60233977706046e+16,8.602339777060461,29082719501.541195,39908130944.32313,9536.730322052645,0.9999999999999998,0.0099999867163401,-1.328365981968782e-06,45,91,135,49.5391843230027,cone,Promweaver FAL-C tabulated boundary,45,10,1,0.005,0.001,,
ok,15,10000,0.2,0.02,0.7391468650429946,9.162744055999558e+16,9.16274405599956,0.732833432936568,9.006885162516462e+16,9.006885162516463,58659704792.01089,79361365874.96555,37553.82607279968,0.9999999999999998,0.0199999980351689,-9.82415511788237e-08,45,91,132,49.781779204000486,cone,Promweaver FAL-C tabulated boundary,45,10,1,0.005,0.001,,
ok,15,12000,0.01,0.001,0.9815739442350588,1.3705822591346557e+17,13.705822591346555,0.8957928211141735,1.1414955380026051e+17,11.414955380026052,2865184159.2842503,2918969249.450779,59.89629744512006,1.0,0.0009999781111796,-2.1888820355645683e-05,45,91,92,20.72594554399257,cone,Promweaver FAL-C tabulated boundary,45,10,1,0.005,0.001,,
ok,15,12000,0.02,0.002,0.9376581583906616,1.127635283766146e+17,11.27635283766146,0.8522667784342431,9.316026234480066e+16,9.316026234480066,5592806375.344027,5964653882.970712,277.39007108415086,1.0,0.0019999679207862,-1.6039606893104158e-05,45,91,111,39.36913011501019,cone,Promweaver FAL-C tabulated boundary,45,10,1,0.005,0.001,,
ok,15,12000,0.05,0.005,0.9349838800189284,9.561855876938883e+16,9.561855876938886,0.8507600561724756,7.916771849029651e+16,7.916771849029651,13960774383.898165,14931566930.988731,2038.34092362939,1.0000000000000002,0.0049999873874647,-2.5225070497680853e-06,45,91,130,25.206548571994063,cone,Promweaver FAL-C tabulated boundary,45,10,1,0.005,0.001,,
ok,15,12000,0.1,0.01,0.960740945128726,9.64657780686943e+16,9.64657780686943,0.8784461225547302,8.064750423809722e+16,8.064750423809722,28329765070.76105,29487413037.20043,8319.795942484292,1.0,0.0099999955242199,-4.475780098975312e-07,45,91,140,30.17383776299539,cone,Promweaver FAL-C tabulated boundary,45,10,1,0.005,0.001,,
ok,15,12000,0.2,0.02,0.9816824697701492,1.03412596707729e+17,10.3412596707729,0.9030170400795596,8.750306454720072e+16,8.750306454720072,57308260441.68789,58377593780.50829,31758.575061551142,1.0,0.0199999982451974,-8.774012679596542e-08,45,91,143,40.70747753699834,cone,Promweaver FAL-C tabulated boundary,45,10,1,0.005,0.001,,
ok,15,14000,0.01,0.001,1.0086890125120165,1.489100677458213e+17,14.89100677458213,0.9223874556702434,1.2451918138461011e+17,12.45191813846101,2491057427.626235,2469599050.576116,41.6719111183533,1.0,0.0009999822602421,-1.7739757876859483e-05,45,91,72,27.21818591900228,cone,Promweaver FAL-C tabulated boundary,45,10,1,0.005,0.001,,
ok,15,14000,0.02,0.002,0.986986694158968,1.169683269124916e+17,11.69683269124916,0.900731101600312,9.741728011704291e+16,9.741728011704293,4925991923.458785,4990940559.392571,207.45271023783243,1.0,0.0019999794812307,-1.025938462027691e-05,45,91,91,31.33388514300168,cone,Promweaver FAL-C tabulated boundary,45,10,1,0.005,0.001,,
ok,15,14000,0.05,0.005,1.000848421715138,9.770959397400451e+16,9.770959397400452,0.91465547832461,8.160479369015574e+16,8.160479369015574,12405102808.524963,12394586971.787935,1574.938237191071,1.0,0.0049999927739176,-1.4452164786085684e-06,45,91,112,21.259194824000588,cone,Promweaver FAL-C tabulated boundary,45,10,1,0.005,0.001,,
ok,15,14000,0.1,0.01,1.020999213726778,9.765734535241325e+16,9.765734535241323,0.934873682297582,8.187663159379888e+16,8.187663159379888,25067717425.954617,24552141753.81608,6434.646105521855,1.0,0.0099999967786658,-3.221334136938036e-07,45,91,124,28.23235130499233,cone,Promweaver FAL-C tabulated boundary,45,10,1,0.005,0.001,,
ok,15,14000,0.2,0.02,1.0371066997399137,1.0406902371971373e+17,10.406902371971372,0.9510921954078136,8.752252462394312e+16,8.752252462394312,50540055945.38167,48731780402.20561,24544.260757569213,1.0,0.0199999983839343,-8.080328090659393e-08,45,91,132,45.50779629001045,cone,Promweaver FAL-C tabulated boundary,45,10,1,0.005,0.001,,
ok,16,6000,0.01,0.001,0.7328440472538668,7.421273993960954e+16,7.421273993960954,0.7322132702419577,7.408504143532418e+16,7.408504143532418,4863553345.674665,6636546157.26157,318.73437317462947,1.0,0.0010000275460573,2.7546057397532728e-05,45,91,63,22.47622544200567,cone,Promweaver FAL-C tabulated boundary,45,10,1,0.005,0.001,,
ok,16,6000,0.02,0.002,0.5958518882973608,6.649674878180486e+16,6.649674878180487,0.5952958439710291,6.637269819759199e+16,6.637269819759199,8552906782.265107,14354081862.029388,1100.087083447495,1.0,0.0020000486579002,2.432895012251073e-05,45,91,65,23.227364039004897,cone,Promweaver FAL-C tabulated boundary,45,10,1,0.005,0.001,,
ok,16,6000,0.05,0.005,0.3621251549924479,6.15619069128789e+16,6.1561906912878905,0.3616307633723132,6.139392678609775e+16,6.139392678609776,15092017283.5822,41676246666.423775,3699.836426611632,1.0,0.0050000984296416,1.968592833242327e-05,45,91,66,25.06855512299808,cone,Promweaver FAL-C tabulated boundary,45,10,1,0.005,0.001,,
ok,16,6000,0.1,0.01,0.2183095781837156,6.050601799342348e+16,6.050601799342348,0.21784103991395,6.024657941683567e+16,6.024657941683567,20202576535.91589,92540953557.77138,6745.512466774815,1.0000000000000002,0.0100000837247767,8.37247767452448e-06,45,91,66,19.19816373300273,cone,Promweaver FAL-C tabulated boundary,45,10,1,0.005,0.001,,
ok,16,6000,0.2,0.02,0.1274188610889259,6.03035867270979e+16,6.030358672709791,0.1269680289236845,5.987761053620276e+16,5.987761053620276,25349083251.52547,198942943257.31168,10655.684952882288,1.0000000000000002,0.0200000982251535,4.911257679533764e-06,45,91,66,25.355376470994088,cone,Promweaver FAL-C tabulated boundary,45,10,1,0.005,0.001,,
ok,16,8000,0.01,0.001,0.8133265098756044,9.488853068227805e+16,9.488853068227804,0.8122409915362399,9.46354109287798e+16,9.463541092877978,3876509541.692626,4766240242.538664,158.36820444771166,1.0,0.0009999703152882,-2.9684711704133435e-05,45,91,93,26.708176384010585,cone,Promweaver FAL-C tabulated boundary,45,10,1,0.005,0.001,,
ok,16,8000,0.02,0.002,0.7026708356760228,8.52839749609479e+16,8.52839749609479,0.7016154633218863,8.502798381231019e+16,8.502798381231019,7112551466.729407,10122166888.976671,593.1757799755394,0.9999999999999998,0.0019999431974011,-2.8401299436613472e-05,45,91,95,18.08607799198944,cone,Promweaver FAL-C tabulated boundary,45,10,1,0.005,0.001,,
ok,16,8000,0.05,0.005,0.5055413206317241,7.81998191255784e+16,7.81998191255784,0.5045097836786945,7.788101746892093e+16,7.788101746892093,14377462743.454985,28439738072.229023,2643.3748472932566,1.0,0.0049999068626454,-1.8627470909846063e-05,45,91,97,34.89917695199256,cone,Promweaver FAL-C tabulated boundary,45,10,1,0.005,0.001,,
ok,16,8000,0.1,0.01,0.3654762292189996,7.625088979127923e+16,7.6250889791279235,0.364456951446837,7.58261701902384e+16,7.58261701902384,22794185344.43969,62368448402.64843,6814.017343783082,1.0,0.0099999390564151,-6.094358485572714e-06,45,91,98,28.35981949900452,cone,Promweaver FAL-C tabulated boundary,45,10,1,0.005,0.001,,
ok,16,8000,0.2,0.02,0.2848662716318327,7.581896601034342e+16,7.581896601034343,0.2838589464465112,7.528370208743589e+16,7.528370208743588,37622730358.43529,132071551127.891,18669.07337446973,1.0,0.0199999809863446,-9.506827663638416e-07,45,91,98,29.019217436987677,cone,Promweaver FAL-C tabulated boundary,45,10,1,0.005,0.001,,
ok,16,10000,0.01,0.001,0.9070128209668036,1.184286094727183e+17,11.84286094727183,0.8600304366216749,1.064773957585924e+17,10.64773957585924,3295883732.5332828,3633778549.0398393,91.72487650359464,1.0,0.0009999733936855,-2.660631441119693e-05,45,91,108,41.58831175600062,cone,Promweaver FAL-C tabulated boundary,45,10,1,0.005,0.001,,
ok,16,10000,0.02,0.002,0.8176085840414834,1.0167685254701085e+17,10.167685254701084,0.7839499288872852,9.347766578635744e+16,9.347766578635744,6221080035.752847,7608873190.88764,380.6356691986373,1.0000000000000002,0.0019999515869406,-2.4206529698452345e-05,45,91,123,23.604825899994463,cone,Promweaver FAL-C tabulated boundary,45,10,1,0.005,0.001,,
ok,16,10000,0.05,0.005,0.7292408889636112,8.861364189093778e+16,8.861364189093777,0.7103264639722857,8.40764860744342e+16,8.40764860744342,14547235289.26802,19948463545.348347,2388.1430674272588,1.0000000000000002,0.0049999644993102,-7.100137944422711e-06,45,91,134,25.73960805099341,cone,Promweaver FAL-C tabulated boundary,45,10,1,0.005,0.001,,
ok,16,10000,0.1,0.01,0.7278292671288713,8.814957362722021e+16,8.814957362722021,0.7167870849944188,8.549515987765488e+16,8.549515987765488,29060916127.815502,39928204924.28742,9580.725254094,1.0,0.0099999867274759,-1.327252406417567e-06,45,91,135,47.19506079399434,cone,Promweaver FAL-C tabulated boundary,45,10,1,0.005,0.001,,
ok,16,10000,0.2,0.02,0.7382685503930252,9.105941482981342e+16,9.105941482981342,0.7319516235670269,8.950779849698906e+16,8.950779849698906,58618207056.85781,79399572182.30653,37734.639575518726,1.0,0.0199999980680117,-9.659941162948325e-08,45,91,132,45.75687312299851,cone,Promweaver FAL-C tabulated boundary,45,10,1,0.005,0.001,,
ok,16,12000,0.01,0.001,0.9807946969371258,1.3662465419717907e+17,13.662465419717908,0.8950134013394705,1.13771093991819e+17,11.3771093991819,2863988222.633404,2920069033.384059,60.036225435161626,1.0,0.0009999778790972,-2.2120902767527872e-05,45,91,92,32.28912440000568,cone,Promweaver FAL-C tabulated boundary,45,10,1,0.005,0.001,,
ok,16,12000,0.02,0.002,0.936769428067178,1.1214887554629885e+17,11.214887554629884,0.8513776446243254,9.26347620804035e+16,9.26347620804035,5589959774.9154005,5967273917.605402,278.6265143806293,0.9999999999999998,0.0019999677821755,-1.6108912236469444e-05,45,91,111,38.592235920004896,cone,Promweaver FAL-C tabulated boundary,45,10,1,0.005,0.001,,
ok,16,12000,0.05,0.005,0.9344547559108954,9.503065461856602e+16,9.503065461856602,0.850230347801801,7.867203214386373e+16,7.867203214386373,13956529992.062037,14935479651.400969,2049.7041738916146,1.0,0.004999988286958,-2.342608381410149e-06,45,91,131,37.82174732400745,cone,Promweaver FAL-C tabulated boundary,45,10,1,0.005,0.001,,
ok,16,12000,0.1,0.01,0.9603981151604132,9.588926649016688e+16,9.588926649016688,0.8781025891328055,8.016003788194246e+16,8.016003788194247,28324399896.613583,29492352649.90354,8366.646850777128,1.0000000000000002,0.0099999955260512,-4.473948735789212e-07,45,91,140,26.40612178199808,cone,Promweaver FAL-C tabulated boundary,45,10,1,0.005,0.001,,
ok,16,12000,0.2,0.02,0.9814047200492748,1.0280212805359762e+17,10.280212805359762,0.9027382712370308,8.698202803826875e+16,8.698202803826875,57299742521.99148,58385436050.39372,31937.670505952323,1.0000000000000002,0.0199999982453985,-8.773007077744753e-08,45,91,143,39.97942505100218,cone,Promweaver FAL-C tabulated boundary,45,10,1,0.005,0.001,,
ok,16,14000,0.01,0.001,1.008094709753913,1.484503578075157e+17,14.845035780751571,0.921793130219252,1.2412107025122531e+17,12.41210702512253,2490298826.241808,2470302444.9455914,41.77550216498942,0.9999999999999998,0.0009999833028502,-1.6697149742917264e-05,45,91,73,26.046297287000925,cone,Promweaver FAL-C tabulated boundary,45,10,1,0.005,0.001,,
ok,16,14000,0.02,0.002,0.9864636091490802,1.1628947964713496e+17,11.628947964713497,0.9002079989380393,9.684206134410755e+16,9.684206134410756,4924623719.821203,4992200091.465275,208.5478312863284,1.0,0.0019999794509734,-1.0274513297667612e-05,45,91,91,26.311000907997368,cone,Promweaver FAL-C tabulated boundary,45,10,1,0.005,0.001,,
ok,16,14000,0.05,0.005,1.0005701730567742,9.710598369207786e+16,9.710598369207784,0.9143772183594536,8.109641975090869e+16,8.109641975090868,12403307724.400742,12396239722.505655,1584.2694410471215,1.0,0.0049999927853966,-1.4429206711408236e-06,45,91,112,39.34380262899504,cone,Promweaver FAL-C tabulated boundary,45,10,1,0.005,0.001,,
ok,16,14000,0.1,0.01,1.0208140965646808,9.706925646484957e+16,9.706925646484956,0.9346885539963656,8.138085242946792e+16,8.138085242946792,25065374442.484447,24554298894.22208,6472.419989839531,1.0,0.0099999967797173,-3.220282660323925e-07,45,91,124,43.31240511400392,cone,Promweaver FAL-C tabulated boundary,45,10,1,0.005,0.001,,
ok,16,14000,0.2,0.02,1.0369689156827695,1.0345291747981104e+17,10.345291747981104,0.9509543971695644,8.700228288088053e+16,8.700228288088052,50536620965.44333,48734942968.0528,24687.076216127905,1.0,0.0199999983949279,-8.025360237473576e-08,45,91,132,38.24648836298729,cone,Promweaver FAL-C tabulated boundary,45,10,1,0.005,0.001,,
ok,17,6000,0.01,0.001,0.7304813806014953,7.376278789812554e+16,7.376278789812553,0.7298503320261852,7.363539848742046e+16,7.363539848742047,4854178811.627092,6645178016.214527,319.443619292055,1.0,0.0010000276291456,2.762914563412752e-05,45,91,63,12.432150555992848,cone,Promweaver FAL-C tabulated boundary,45,10,1,0.005,0.001,,
ok,17,6000,0.02,0.002,0.5927359061263513,6.605526207993434e+16,6.605526207993433,0.5921794488114939,6.593129563962745e+16,6.593129563962745,8523972127.358,14380725107.516895,1099.959314975566,1.0,0.0020000489925956,2.4496297826998022e-05,45,91,65,23.51004261399794,cone,Promweaver FAL-C tabulated boundary,45,10,1,0.005,0.001,,
ok,17,6000,0.05,0.005,0.3592233111576772,6.114320947111736e+16,6.114320947111736,0.3587283439574555,6.0974829345213416e+16,6.0974829345213415,15001134408.887993,41759913521.60163,3680.441957496919,1.0,0.0050000977918767,1.9558375357470175e-05,45,91,66,23.66276977698726,cone,Promweaver FAL-C tabulated boundary,45,10,1,0.005,0.001,,
ok,17,6000,0.1,0.01,0.2164554960264113,6.010682058835622e+16,6.010682058835623,0.2159863711057859,5.984656338484653e+16,5.984656338484653,20059508773.40665,92672670094.54475,6694.479732776411,0.9999999999999998,0.0100000834610908,8.346109088216978e-06,45,91,66,23.54802444399684,cone,Promweaver FAL-C tabulated boundary,45,10,1,0.005,0.001,,
ok,17,6000,0.2,0.02,0.1263429702449683,5.99075905228482e+16,5.99075905228482,0.1258915760726431,5.948028333039858e+16,5.948028333039858,25157345740.7908,199119473699.35065,10564.47170046517,1.0000000000000002,0.0200000983839946,4.919199734707002e-06,45,91,66,23.183362546988064,cone,Promweaver FAL-C tabulated boundary,45,10,1,0.005,0.001,,
ok,17,8000,0.01,0.001,0.8114768143223547,9.439644345535682e+16,9.43964434553568,0.8103912167078041,9.414404435974602e+16,9.414404435974602,3871461671.122487,4770883903.017553,158.77945102941234,1.0,0.000999969858526,-3.0141473907063787e-05,45,91,93,26.75328273999912,cone,Promweaver FAL-C tabulated boundary,45,10,1,0.005,0.001,,
ok,17,8000,0.02,0.002,0.7000444136575772,8.47380207108182e+16,8.47380207108182,0.698988948973081,8.448269243955416e+16,8.448269243955416,7096382685.026998,10137046373.886433,594.2863284971899,1.0000000000000002,0.0019999423851024,-2.8807448782105716e-05,45,91,95,33.55834214799688,cone,Promweaver FAL-C tabulated boundary,45,10,1,0.005,0.001,,
ok,17,8000,0.05,0.005,0.5024054568540988,7.765738191266963e+16,7.765738191266963,0.50137379784837,7.733877995594037e+16,7.733877995594037,14316482912.072264,28495874630.258736,2639.30714535482,1.0,0.004999906108661,-1.877826778830249e-05,45,91,97,28.271113561990205,cone,Promweaver FAL-C tabulated boundary,45,10,1,0.005,0.001,,
ok,17,8000,0.1,0.01,0.3631683685827213,7.5731868310408e+16,7.5731868310408,0.3621489725872827,7.530731363795906e+16,7.530731363795906,22686314719.51381,62467760636.88596,6795.935278439406,1.0,0.0099999388198456,-6.118015431245959e-06,45,91,98,34.43100091700035,cone,Promweaver FAL-C tabulated boundary,45,10,1,0.005,0.001,,
ok,17,8000,0.2,0.02,0.2833656540199082,7.530452158877568e+16,7.530452158877568,0.282358231820821,7.477002779449144e+16,7.477002779449144,37465551093.15168,132216274490.7662,18639.883623173817,1.0,0.0199999823939279,-8.80303602408816e-07,45,91,98,19.07259685799363,cone,Promweaver FAL-C tabulated boundary,45,10,1,0.005,0.001,,
ok,17,10000,0.01,0.001,0.9055962064631288,1.1787290971918258e+17,11.787290971918258,0.8585958151618973,1.0595521812696797e+17,10.595521812696797,3293075099.937222,3636361411.890807,92.00030473212064,1.0,0.000999972945923,-2.7054076929015555e-05,45,91,108,30.522088897996586,cone,Promweaver FAL-C tabulated boundary,45,10,1,0.005,0.001,,
ok,17,10000,0.02,0.002,0.8157418621513544,1.0101145506141842e+17,10.101145506141842,0.7820569673845104,9.28414482081526e+16,9.28414482081526,6212966820.940172,7616339321.552932,382.1443488229402,1.0,0.0019999510568494,-2.4471575277686463e-05,45,91,123,30.85288881300949,cone,Promweaver FAL-C tabulated boundary,45,10,1,0.005,0.001,,
ok,17,10000,0.05,0.005,0.7277038230545206,8.799625556134269e+16,8.799625556134268,0.7087715714906546,8.347712033261291e+16,8.347712033261292,14528874204.507616,19965367425.889,2398.831453723119,1.0,0.0049999643819785,-7.123604299497098e-06,45,91,134,44.629221458002576,cone,Promweaver FAL-C tabulated boundary,45,10,1,0.005,0.001,,
ok,17,10000,0.1,0.01,0.7267852566070281,8.755731941768949e+16,8.755731941768948,0.7157354932327816,8.491518269996051e+16,8.491518269996051,29035941888.254288,39951198272.52355,9628.959942414003,1.0,0.0099999867414707,-1.3258529286616636e-06,45,91,135,36.35736142999667,cone,Promweaver FAL-C tabulated boundary,45,10,1,0.005,0.001,,
ok,17,10000,0.2,0.02,0.7372924272858786,9.044038465271555e+16,9.044038465271557,0.7309716071653591,8.889633790059893e+16,8.889633790059893,58572041267.17529,79442076304.50069,37933.09848666899,1.0,0.0199999981061986,-9.469007002105288e-08,45,91,132,45.709233954999945,cone,Promweaver FAL-C tabulated boundary,45,10,1,0.005,0.001,,
ok,17,12000,0.01,0.001,0.979739610282666,1.3593488749976936e+17,13.593488749976936,0.8939580809572214,1.1317328131273069e+17,11.317328131273069,2862367424.2067485,2921559355.328017,60.27258654386186,0.9999999999999998,0.0009999775348584,-2.246514150595381e-05,45,91,92,32.482889225997496,cone,Promweaver FAL-C tabulated boundary,45,10,1,0.005,0.001,,
ok,17,12000,0.02,0.002,0.9355946425125992,1.1135768266489549e+17,11.135768266489547,0.8502023241533601,9.195795569242378e+16,9.195795569242378,5586199221.705959,5970747338.509619,280.22872780582355,1.0,0.001999969790269,-1.5104865495321404e-05,45,91,112,27.345205808000173,cone,Promweaver FAL-C tabulated boundary,45,10,1,0.005,0.001,,
ok,17,12000,0.05,0.005,0.9338359968233164,9.43597699435175e+16,9.43597699435175,0.8496109055410065,7.81062538359255e+16,7.8106253835925505,13951560863.799587,14940054689.75218,2062.807599603272,1.0,0.0049999882989981,-2.3402003604053308e-06,45,91,131,45.74838070500118,cone,Promweaver FAL-C tabulated boundary,45,10,1,0.005,0.001,,
ok,17,12000,0.1,0.01,0.960010215314562,9.52535641213346e+16,9.525356412133458,0.877713893054859,7.962243803578971e+16,7.962243803578971,28318327229.439785,29497943644.444298,8418.872978360478,1.0,0.0099999955293133,-4.470686673294088e-07,45,91,140,48.69734327199694,cone,Promweaver FAL-C tabulated boundary,45,10,1,0.005,0.001,,
ok,17,12000,0.2,0.02,0.9810958389835922,1.0213465588083494e+17,10.213465588083494,0.9024282564691022,8.641231358742174e+16,8.641231358742175,57290267191.15086,58394159790.24347,32135.759273159118,1.0,0.0199999982459135,-8.770432106258717e-08,45,91,143,32.60413727699779,cone,Promweaver FAL-C tabulated boundary,45,10,1,0.005,0.001,,
ok,17,14000,0.01,0.001,1.0073452758807522,1.4763041880974006e+17,14.763041880974006,0.9210436678210392,1.234183073521194e+17,12.34183073521194,2489337742.806726,2471186198.426575,41.975105454034285,1.0,0.0009999830728049,-1.692719506728689e-05,45,91,73,21.49938773699978,cone,Promweaver FAL-C tabulated boundary,45,10,1,0.005,0.001,,
ok,17,14000,0.02,0.002,0.9858051317068875,1.1541939307011126e+17,11.541939307011129,0.8995494992546471,9.610517400164832e+16,9.610517400164833,4922900380.937424,4993786522.914109,209.97293016358492,1.0,0.0019999794068292,-1.0296585352138204e-05,45,91,91,32.238349830993684,cone,Promweaver FAL-C tabulated boundary,45,10,1,0.005,0.001,,
ok,17,14000,0.05,0.005,1.000247694431448,9.641917670376307e+16,9.641917670376309,0.9140547266251232,8.051794799625262e+16,8.051794799625263,12401226702.862188,12398155748.723003,1595.0190511197345,1.0,0.0049999928008564,-1.4398287010580766e-06,45,91,112,29.15717392099032,cone,Promweaver FAL-C tabulated boundary,45,10,1,0.005,0.001,,
ok,17,14000,0.1,0.01,1.020606167791397,9.641949490314506e+16,9.641949490314506,0.9344806127086116,8.083306868184034e+16,8.083306868184033,25062742249.229298,24556722308.92486,6514.668529245888,1.0,0.0099999967818092,-3.218190736467563e-07,45,91,124,33.044612622004934,cone,Promweaver FAL-C tabulated boundary,45,10,1,0.005,0.001,,
ok,17,14000,0.2,0.02,1.036815940208125,1.0277789307495334e+17,10.277789307495334,0.9508014059481068,8.643228807211406e+16,8.643228807211406,50532806706.68588,48738454673.5867,24845.46508258373,1.0,0.019999998394519,-8.027404799909597e-08,45,91,132,38.65291218999482,cone,Promweaver FAL-C tabulated boundary,45,10,1,0.005,0.001,,
ok,18,6000,0.01,0.001,0.7280360581940145,7.326694346577787e+16,7.326694346577788,0.7274047271770888,7.313992877294715e+16,7.313992877294715,4844450608.16781,6654135538.540608,320.3177392808726,1.0,0.0010000277165001,2.771650012387168e-05,45,91,63,16.730385083996225,cone,Promweaver FAL-C tabulated boundary,45,10,1,0.005,0.001,,
ok,18,6000,0.02,0.002,0.5896022028336813,6.5582208066967176e+16,6.558220806696718,0.5890453266940002,6.545838247859293e+16,6.545838247859293,8494764383.234303,14407619819.613462,1100.3140036544844,1.0,0.0020000493308122,2.4665406143974455e-05,45,91,65,15.566207529001986,cone,Promweaver FAL-C tabulated boundary,45,10,1,0.005,0.001,,
ok,18,6000,0.05,0.005,0.3563222115314373,6.06859710633192e+16,6.06859710633192,0.3558266613440414,6.051729208909596e+16,6.051729208909596,14909909656.244965,41843896265.022766,3663.209174414221,1.0,0.0050000972556446,1.9451128934616643e-05,45,91,66,19.121961265002028,cone,Promweaver FAL-C tabulated boundary,45,10,1,0.005,0.001,,
ok,18,6000,0.1,0.01,0.2146106907484164,5.966883305535084e+16,5.966883305535084,0.2141409741921564,5.940792557702185e+16,5.940792557702185,19916752065.126072,92804100278.83496,6647.976716014079,1.0000000000000002,0.0100000831999761,8.319997616204609e-06,45,91,66,23.59394765199977,cone,Promweaver FAL-C tabulated boundary,45,10,1,0.005,0.001,,
ok,18,6000,0.2,0.02,0.1252744816098403,5.947383539238614e+16,5.947383539238614,0.1248225220503307,5.904547551732865e+16,5.904547551732865,24966590222.083763,199295099059.68457,10480.75381728698,1.0,0.0200000984544442,4.922722212676033e-06,45,91,66,19.2819025600038,cone,Promweaver FAL-C tabulated boundary,45,10,1,0.005,0.001,,
ok,18,8000,0.01,0.001,0.8094039105640862,9.381077037274142e+16,9.381077037274142,0.8083182235442113,9.35592746061514e+16,9.355927460615138,3865800790.8665576,4776108368.654188,159.30383787794688,1.0,0.0009999713716601,-2.862833980727536e-05,45,91,94,27.77479990798747,cone,Promweaver FAL-C tabulated boundary,45,10,1,0.005,0.001,,
ok,18,8000,0.02,0.002,0.6973885701955996,8.415017713448986e+16,8.415017713448986,0.6963330115280637,8.389563259477451e+16,8.389563259477452,7079984245.206201,10152136911.593555,595.6752394264807,1.0,0.001999941526186,-2.9236906958374918e-05,45,91,95,33.44852027700108,cone,Promweaver FAL-C tabulated boundary,45,10,1,0.005,0.001,,
ok,18,8000,0.05,0.005,0.4992453491593619,7.706674226095149e+16,7.706674226095148,0.4982135659334833,7.674852595867117e+16,7.674852595867117,14254787868.058683,28552670329.45053,2636.662342302107,1.0,0.0049999054338557,-1.8913228847297625e-05,45,91,97,28.07733505599026,cone,Promweaver FAL-C tabulated boundary,45,10,1,0.005,0.001,,
ok,18,8000,0.1,0.01,0.3608238399763587,7.516249641719792e+16,7.516249641719792,0.3598043227773735,7.473834928461288e+16,7.473834928461288,22576378119.969837,62568975823.35204,6781.212350728015,0.9999999999999998,0.0099999386856132,-6.131438680043177e-06,45,91,98,24.34218676798628,cone,Promweaver FAL-C tabulated boundary,45,10,1,0.005,0.001,,
ok,18,8000,0.2,0.02,0.2818107171767282,7.474155263875403e+16,7.474155263875403,0.2808031937768578,7.420807930862736e+16,7.420807930862736,37302316158.23388,132366563386.73228,18616.99070521252,1.0000000000000002,0.0199999826265322,-8.686733873886075e-07,45,91,98,34.44631973200012,cone,Promweaver FAL-C tabulated boundary,45,10,1,0.005,0.001,,
ok,18,10000,0.01,0.001,0.903927704587103,1.1713489111806618e+17,11.713489111806618,0.8569060076642109,1.052653063626418e+17,10.526530636264178,3289767876.3631296,3639414811.238508,92.3940986075802,1.0,0.0009999742218577,-2.5778142282882263e-05,45,91,109,38.08272070600651,cone,Promweaver FAL-C tabulated boundary,45,10,1,0.005,0.001,,
ok,18,10000,0.02,0.002,0.8138028736139135,1.0027239228807587e+17,10.02723922880759,0.7800906241141339,9.213678513161086e+16,9.213678513161089,6204522601.814731,7624109969.361323,383.9152516261216,1.0,0.0019999504920368,-2.4753981594767896e-05,45,91,123,27.088753900010488,cone,Promweaver FAL-C tabulated boundary,45,10,1,0.005,0.001,,
ok,18,10000,0.05,0.005,0.7261268226592975,8.73268409994333e+16,8.732684099943329,0.7071762129049523,8.282817241619472e+16,8.282817241619473,14510003654.0247,19982740206.29709,2410.944946939927,1.0,0.0049999642414832,-7.151703349320136e-06,45,91,134,46.56610278299195,cone,Promweaver FAL-C tabulated boundary,45,10,1,0.005,0.001,,
ok,18,10000,0.1,0.01,0.7256726463882321,8.690867265495984e+16,8.690867265495983,0.7146147813241025,8.428020845163357e+16,8.428020845163356,29009294934.41409,39975731590.26615,9683.02894157476,1.0,0.0099999867459875,-1.3254012458732698e-06,45,91,135,46.7975698520022,cone,Promweaver FAL-C tabulated boundary,45,10,1,0.005,0.001,,
ok,18,10000,0.2,0.02,0.7362272540132453,8.97638452613601e+16,8.976384526136009,0.7299021750550587,8.8228111505276e+16,8.8228111505276,58521599588.20866,79488499331.15326,38153.19640542247,1.0000000000000002,0.0199999954726077,-2.263696117707492e-07,45,91,132,45.96035886900791,cone,Promweaver FAL-C tabulated boundary,45,10,1,0.005,0.001,,
ok,18,12000,0.01,0.001,0.9784527864022604,1.3496409866641002e+17,13.496409866641002,0.8926709709843701,1.12336615210678e+17,11.2336615210678,2860392763.641222,2923383533.056096,60.622393978372656,1.0,0.0009999786414706,-2.135852933925209e-05,45,91,93,17.98360461399716,cone,Promweaver FAL-C tabulated boundary,45,10,1,0.005,0.001,,
ok,18,12000,0.02,0.002,0.9343592897070938,1.104252793529489e+17,11.04252793529489,0.8489664092317794,9.116364996163165e+16,9.116364996163163,5582233629.704943,5974397312.895429,282.1938280727262,1.0,0.0019999695990838,-1.5200458082335888e-05,45,91,112,21.12803584799985,cone,Promweaver FAL-C tabulated boundary,45,10,1,0.005,0.001,,
ok,18,12000,0.05,0.005,0.9331816833619568,9.362793984141682e+16,9.362793984141682,0.8489558691853005,7.748957626921965e+16,7.748957626921965,13946302877.081684,14944895646.512896,2077.3645587923,1.0,0.004999988306095,-2.33878099439172e-06,45,91,131,38.10810183000285,cone,Promweaver FAL-C tabulated boundary,45,10,1,0.005,0.001,,
ok,18,12000,0.1,0.01,0.9595891436097314,9.45565577880416e+16,9.45565577880416,0.8772919566686201,7.903315099667926e+16,7.9033150996679264,28311732633.551804,29504015152.82909,8476.981644260883,1.0,0.009999995529894,-4.470105926038247e-07,45,91,140,49.56897157699859,cone,Promweaver FAL-C tabulated boundary,45,10,1,0.005,0.001,,
ok,18,12000,0.2,0.02,0.9807561966059926,1.0140382662996365e+17,10.140382662996362,0.902087367037122,8.578856915954907e+16,8.578856915954907,57279845082.569176,58403755470.31153,32355.59013621713,1.0,0.0199999982935668,-8.53216559904002e-08,45,91,143,40.92680621199543,cone,Promweaver FAL-C tabulated boundary,45,10,1,0.005,0.001,,
ok,18,14000,0.01,0.001,1.0064456827645214,1.4638755137692547e+17,14.638755137692549,0.9201440404157696,1.2235876901872462e+17,12.235876901872462,2488183242.5205994,2472247916.734082,42.292229018977885,1.0000000000000002,0.0009999828196691,-1.7180330860863333e-05,45,91,73,26.257565578009235,cone,Promweaver FAL-C tabulated boundary,45,10,1,0.005,0.001,,
ok,18,14000,0.02,0.002,0.9850698145604612,1.1437891654062285e+17,11.437891654062284,0.8988141572449846,9.522517176429058e+16,9.522517176429057,4920974665.444485,4995559292.048987,211.71726739819132,1.0,0.0019999793655858,-1.0317207090396184e-05,45,91,91,32.02042058300867,cone,Promweaver FAL-C tabulated boundary,45,10,1,0.005,0.001,,
ok,18,14000,0.05,0.005,0.9998965621414196,9.565820120344397e+16,9.565820120344396,0.913703580055388,7.987717791373997e+16,7.9877177913739965,12398960036.375046,12400242690.924871,1607.1200174114356,1.0,0.0049999928156027,-1.4368794461552812e-06,45,91,112,32.97584529699816,cone,Promweaver FAL-C tabulated boundary,45,10,1,0.005,0.001,,
ok,18,14000,0.1,0.01,1.0203775116706584,9.570344565175776e+16,9.570344565175777,0.93425194282263,8.02294539586971e+16,8.02294539586971,25059847063.29921,24559387850.7464,6561.894721336103,1.0,0.009999996782918,-3.217081925507847e-07,45,91,124,35.79525143300998,cone,Promweaver FAL-C tabulated boundary,45,10,1,0.005,0.001,,
ok,18,14000,0.2,0.02,1.0366470103145111,1.0203677856781411e+17,10.203677856781413,0.9506324586625692,8.580650591621768e+16,8.580650591621769,50528594003.91168,48742333215.798965,25021.750469271345,1.0000000000000002,0.0199999983936245,-8.031877211933658e-08,45,91,132,25.15679592800734,cone,Promweaver FAL-C tabulated boundary,45,10,1,0.005,0.001,,
ok,19,6000,0.01,0.001,0.7265597596173401,7.29760956534987e+16,7.2976095653498705,0.7259282574056832,7.284929386579298e+16,7.2849293865792975,4838564649.877746,6659554958.598436,320.8133795237389,1.0000000000000002,0.0010000277473234,2.7747323413538846e-05,45,91,63,22.798188243992627,cone,Promweaver FAL-C tabulated boundary,45,10,1,0.005,0.001,,
ok,19,6000,0.02,0.002,0.5875358224797133,6.525918523514287e+16,6.525918523514287,0.5869786682362511,6.513547467674484e+16,6.513547467674484,8475444548.900646,14425409012.7301,1100.736395078476,1.0,0.0020000494954402,2.4747720104960347e-05,45,91,65,23.41792291800084,cone,Promweaver FAL-C tabulated boundary,45,10,1,0.005,0.001,,
ok,19,6000,0.05,0.005,0.3542465586959366,6.035312997960596e+16,6.035312997960596,0.3537505866803547,6.018425037736161e+16,6.0184250377361606,14844415458.82486,41904191006.03427,3651.1224917193126,1.0,0.0050000968612479,1.937224959128181e-05,45,91,66,23.75156335899373,cone,Promweaver FAL-C tabulated boundary,45,10,1,0.005,0.001,,
ok,19,6000,0.1,0.01,0.2132370429295927,5.934285167506156e+16,5.934285167506156,0.2127668806018791,5.908145230514115e+16,5.908145230514116,19810191808.804348,92902206561.48068,6613.158761740813,1.0000000000000002,0.0100000830654775,8.306547752932878e-06,45,91,66,19.872740641003475,cone,Promweaver FAL-C tabulated boundary,45,10,1,0.005,0.001,,
ok,19,6000,0.2,0.02,0.1244823872606403,5.914951047486891e+16,5.914951047486891,0.1240300038046997,5.872037926617301e+16,5.872037926617301,24824961764.403187,199425495531.54745,10418.999610587158,1.0,0.0200000986471775,4.932358877059172e-06,45,91,66,23.318309317997773,cone,Promweaver FAL-C tabulated boundary,45,10,1,0.005,0.001,,
ok,19,8000,0.01,0.001,0.8082319923160491,9.35329673470634e+16,9.35329673470634,0.8071462546528623,9.328184129341907e+16,9.328184129341906,3862590677.89537,4779061846.86754,159.51174402073147,1.0,0.0009999711311226,-2.886887730886752e-05,45,91,94,21.825695933002866,cone,Promweaver FAL-C tabulated boundary,45,10,1,0.005,0.001,,
ok,19,8000,0.02,0.002,0.6956238759932353,8.377968980038693e+16,8.377968980038693,0.6945682544045638,8.352560839827885e+16,8.352560839827884,7069075145.77688,10162208903.027395,596.4670379623396,1.0,0.0019999449109811,-2.75445094055464e-05,45,91,96,20.05645278099109,cone,Promweaver FAL-C tabulated boundary,45,10,1,0.005,0.001,,
ok,19,8000,0.05,0.005,0.4970211708147905,7.664711393850962e+16,7.664711393850961,0.4959892993304764,7.632918836085269e+16,7.632918836085269,14211235814.505226,28592817869.725887,2634.9227387413234,1.0,0.0049999114424131,-1.7711517371482573e-05,45,91,98,34.51305089199741,cone,Promweaver FAL-C tabulated boundary,45,10,1,0.005,0.001,,
ok,19,8000,0.1,0.01,0.359108191929859,7.47435373457498e+16,7.474353734574979,0.3580885853249357,7.431970510279136e+16,7.431970510279136,22495704121.978764,62643249659.90367,6770.574713405489,1.0000000000000002,0.0099999385644951,-6.143550487953952e-06,45,91,98,28.491358622995904,cone,Promweaver FAL-C tabulated boundary,45,10,1,0.005,0.001,,
ok,19,8000,0.2,0.02,0.2806552293043899,7.432300903361205e+16,7.432300903361205,0.2796476302774421,7.3790303037406e+16,7.3790303037406,37180761767.50475,132478421512.60846,18600.014498696608,1.0000000000000002,0.0199999760961007,-1.195194961056689e-06,45,91,99,18.633592648999183,cone,Promweaver FAL-C tabulated boundary,45,10,1,0.005,0.001,,
ok,19,10000,0.01,0.001,0.903021324418964,1.168499568814701e+17,11.68499568814701,0.8559880539873592,1.0499483898034755e+17,10.499483898034756,3287965906.956912,3641072273.7610936,92.51796144244308,1.0,0.0009999739860213,-2.601397861012877e-05,45,91,109,31.26503514799697,cone,Promweaver FAL-C tabulated boundary,45,10,1,0.005,0.001,,
ok,19,10000,0.02,0.002,0.8125260046743789,9.985072188580813e+16,9.985072188580812,0.7787956407261379,9.173259812794608e+16,9.173259812794608,6198962860.639166,7629248571.709911,384.8458961721877,1.0,0.0019999534711696,-2.3264415176423026e-05,45,91,124,43.051473479004926,cone,Promweaver FAL-C tabulated boundary,45,10,1,0.005,0.001,,
ok,19,10000,0.05,0.005,0.7250132367461342,8.68545914913262e+16,8.68545914913262,0.706049611061252,8.237043260918046e+16,8.237043260918046,14496665698.154451,19995035901.986584,2419.5993873856974,1.0,0.0049999665990801,-6.6801839669269874e-06,45,91,135,47.21691887000634,cone,Promweaver FAL-C tabulated boundary,45,10,1,0.005,0.001,,
ok,19,10000,0.1,0.01,0.7248645617846883,8.643455167718542e+16,8.643455167718542,0.7138007979955868,8.381614964234029e+16,8.381614964234029,28989920844.04957,39993568967.79933,9723.143051438872,1.0,0.0099999867552418,-1.32447581773637e-06,45,91,135,26.126487332003308,cone,Promweaver FAL-C tabulated boundary,45,10,1,0.005,0.001,,
ok,19,10000,0.2,0.02,0.7354346695792102,8.926316083794362e+16,8.926316083794362,0.7291064132455639,8.77335896867298e+16,8.77335896867298,58484033897.27903,79523085212.64238,38317.95993766961,1.0,0.0199999954640944,-2.2679527752339498e-07,45,91,132,45.50126976100728,cone,Promweaver FAL-C tabulated boundary,45,10,1,0.005,0.001,,
ok,19,12000,0.01,0.001,0.9777710283711144,1.3460674444593594e+17,13.460674444593591,0.8919890615880486,1.1202412188678154e+17,11.202412188678151,2859343385.120625,2924348648.2556705,60.73874401826022,1.0,0.0009999784569393,-2.154306068388387e-05,45,91,93,32.50856687199848,cone,Promweaver FAL-C tabulated boundary,45,10,1,0.005,0.001,,
ok,19,12000,0.02,0.002,0.9335841363943328,1.0990306811426442e+17,10.99030681142644,0.8481909028415976,9.07172987529299e+16,9.07172987529299,5579742886.108307,5976689907.840831,283.28172460760817,1.0,0.0019999694946966,-1.52526516642576e-05,45,91,112,39.16526369100029,cone,Promweaver FAL-C tabulated boundary,45,10,1,0.005,0.001,,
ok,19,12000,0.05,0.005,0.9327205305832956,9.311701399240051e+16,9.311701399240052,0.8484942066281228,7.705906425201739e+16,7.705906425201739,13942595068.613949,14948309393.269884,2087.652394687002,1.0,0.0049999883143384,-2.337132304873479e-06,45,91,131,39.17524677599431,cone,Promweaver FAL-C tabulated boundary,45,10,1,0.005,0.001,,
ok,19,12000,0.1,0.01,0.9592821381585874,9.405082175026186e+16,9.405082175026186,0.8769843205375893,7.86056088647373e+16,7.8605608864737295,28306922772.21536,29508443497.71025,8519.669067430912,1.0000000000000002,0.0099999955311774,-4.468822506487057e-07,45,91,140,48.59801063600753,cone,Promweaver FAL-C tabulated boundary,45,10,1,0.005,0.001,,
ok,19,12000,0.2,0.02,0.980504651704996,1.0086678596713878e+17,10.08667859671388,0.901834898269663,8.533023470896482e+16,8.533023470896481,57272123984.57967,58410864124.90688,32519.090940140428,1.0,0.0199999982940607,-8.529696289560906e-08,45,91,143,49.89885643099842,cone,Promweaver FAL-C tabulated boundary,45,10,1,0.005,0.001,,
ok,19,14000,0.01,0.001,1.005957625871462,1.4594702808254742e+17,14.594702808254745,0.9196559648985028,1.219794484960527e+17,12.197944849605271,2487556474.374984,2472824312.2765846,42.39851468373176,1.0,0.0009999826818082,-1.7318191792735013e-05,45,91,73,26.195776557011413,cone,Promweaver FAL-C tabulated boundary,45,10,1,0.005,0.001,,
ok,19,14000,0.02,0.002,0.9846118651628282,1.1379929779732573e+17,11.37992977973257,0.8983561923485299,9.473415457516784e+16,9.473415457516785,4919774663.771805,4996664003.188919,212.69184617815608,1.0000000000000002,0.0019999793435297,-1.0328235125868848e-05,45,91,91,32.1348531160038,cone,Promweaver FAL-C tabulated boundary,45,10,1,0.005,0.001,,
ok,19,14000,0.05,0.005,0.999648948237044,9.513258768731202e+16,9.513258768731202,0.913455956077436,7.943456235065802e+16,7.943456235065802,12397361151.77382,12401714795.6165,1615.582706871004,1.0,0.0049999928251358,-1.4349728334403509e-06,45,91,112,21.407426538004074,cone,Promweaver FAL-C tabulated boundary,45,10,1,0.005,0.001,,
ok,19,14000,0.1,0.01,1.020210843247509,9.51877325418554e+16,9.51877325418554,0.9340852643637692,7.979471967141275e+16,7.979471967141275,25057736353.41536,24561331139.798725,6596.33478380401,1.0,0.0099999967835563,-3.216443687781289e-07,45,91,124,24.071753520998755,cone,Promweaver FAL-C tabulated boundary,45,10,1,0.005,0.001,,
ok,19,14000,0.2,0.02,1.0365222887483454,1.0149551241068125e+17,10.149551241068124,0.9505077242539822,8.534947436348827e+16,8.534947436348828,50525483319.83877,48745197154.27529,25152.09198977993,1.0,0.0199999983930676,-8.034661703321122e-08,45,91,132,45.81469126799493,cone,Promweaver FAL-C tabulated boundary,45,10,1,0.005,0.001,,
ok,20,6000,0.01,0.001,0.7251577840721858,7.269994083108464e+16,7.269994083108464,0.7245261188069052,7.257334210263333e+16,7.257334210263333,4832966112.28406,6664709692.756967,321.2872139298772,1.0000000000000002,0.0010000277724121,2.7772412103345065e-05,45,91,63,19.199199990995112,cone,Promweaver FAL-C tabulated boundary,45,10,1,0.005,0.001,,
ok,20,6000,0.02,0.002,0.5855290478606885,6.494258440819277e+16,6.4942584408192765,0.5849716220509938,6.481899210737441e+16,6.481899210737441,8456636210.029203,14442727036.21912,1101.1987995315326,1.0,0.0020000496378836,2.481894184006711e-05,45,91,65,19.48477727698628,cone,Promweaver FAL-C tabulated boundary,45,10,1,0.005,0.001,,
ok,20,6000,0.05,0.005,0.3522124311959385,6.002374245169322e+16,6.002374245169322,0.351716041908327,5.985467319529512e+16,5.985467319529512,14780048197.508608,41963448443.09698,3639.3902778802017,1.0,0.0050000964886544,1.929773089433956e-05,45,91,66,12.945562963999691,cone,Promweaver FAL-C tabulated boundary,45,10,1,0.005,0.001,,
ok,20,6000,0.1,0.01,0.2119060922800298,5.902125499800157e+16,5.902125499800157,0.2114354936962643,5.875939865245739e+16,5.875939865245739,19706728653.81051,92997461478.21198,6579.920305796033,1.0000000000000004,0.0100000829372653,8.293726537489386e-06,45,91,66,23.525872098005493,cone,Promweaver FAL-C tabulated boundary,45,10,1,0.005,0.001,,
ok,20,6000,0.2,0.02,0.1237182632360439,5.882976011652562e+16,5.882976011652563,0.1232654669429632,5.839992622446857e+16,5.839992622446857,24688158731.28216,199551449281.0107,10360.490682500167,1.0,0.0200000988348793,4.941743969068268e-06,45,91,66,19.392252740988624,cone,Promweaver FAL-C tabulated boundary,45,10,1,0.005,0.001,,
ok,20,8000,0.01,0.001,0.8071219181446249,9.327898677713133e+16,9.327898677713131,0.806036132384864,9.302818731596218e+16,9.302818731596217,3859546323.668236,4781862859.752819,159.69403548659676,1.0,0.0009999709080102,-2.9091989743644867e-05,45,91,94,33.15084470799775,cone,Promweaver FAL-C tabulated boundary,45,10,1,0.005,0.001,,
ok,20,8000,0.02,0.002,0.6939757306889771,8.341613210337203e+16,8.341613210337202,0.6929200501970948,8.316253878546707e+16,8.316253878546707,7058854125.552404,10171615250.21112,597.335554998887,1.0,0.0019999444394717,-2.778026414701311e-05,45,91,96,33.828259494010126,cone,Promweaver FAL-C tabulated boundary,45,10,1,0.005,0.001,,
ok,20,8000,0.05,0.005,0.4948641054379339,7.623248781561546e+16,7.6232487815615455,0.4938321478354226,7.591487872176032e+16,7.591487872176032,14168863905.126324,28631827908.76997,2633.4796372848878,1.0000000000000002,0.0049999113364765,-1.773270468657939e-05,45,91,98,28.52518851400237,cone,Promweaver FAL-C tabulated boundary,45,10,1,0.005,0.001,,
ok,20,8000,0.1,0.01,0.3574320258794423,7.432998541285544e+16,7.432998541285544,0.3564123313361759,7.390648801287797e+16,7.390648801287797,22416701483.66636,62715984748.46026,6760.508597125328,1.0,0.0099999384478833,-6.155211665359594e-06,45,91,98,26.78299611000693,cone,Promweaver FAL-C tabulated boundary,45,10,1,0.005,0.001,,
ok,20,8000,0.2,0.02,0.279529295654618,7.39106116696274e+16,7.391061166962739,0.2785216225028325,7.337869248953574e+16,7.337869248953575,37062141712.09904,132587683252.6793,18584.643223189232,1.0,0.0199999821857462,-8.907126858997969e-07,45,91,99,34.68418972000654,cone,Promweaver FAL-C tabulated boundary,45,10,1,0.005,0.001,,
ok,20,10000,0.01,0.001,0.9021633784885909,1.1659844030337328e+17,11.659844030337329,0.8551191377627833,1.0475520371392205e+17,10.475520371392204,3286258735.3527174,3642642578.618344,92.62127733083926,1.0,0.0009999737682806,-2.623171932794599e-05,45,91,109,31.033491539987157,cone,Promweaver FAL-C tabulated boundary,45,10,1,0.005,0.001,,
ok,20,10000,0.02,0.002,0.8113469042672636,9.943821954884974e+16,9.943821954884974,0.7775998142331524,9.13382042836298e+16,9.13382042836298,6193812753.34607,7633988274.029062,385.8005161150957,1.0000000000000002,0.0019999531873392,-2.340633037042905e-05,45,91,124,23.496690515996303,cone,Promweaver FAL-C tabulated boundary,45,10,1,0.005,0.001,,
ok,20,10000,0.05,0.005,0.7239370255523919,8.6390567059723e+16,8.639056705972301,0.7049607974757209,8.192089342961224e+16,8.192089342961223,14483752994.790798,20006923922.3386,2428.263963924304,1.0000000000000002,0.0049999665341589,-6.69316821740734e-06,45,91,135,33.81658750299539,cone,Promweaver FAL-C tabulated boundary,45,10,1,0.005,0.001,,
ok,20,10000,0.1,0.01,0.7240652338006651,8.596702670793883e+16,8.596702670793883,0.7129956231700058,8.335856767078779e+16,8.335856767078779,28970739678.139214,40011228720.4703,9763.089287127832,1.0,0.0099999867639874,-1.3236012529060923e-06,45,91,135,47.03430824699171,cone,Promweaver FAL-C tabulated boundary,45,10,1,0.005,0.001,,
ok,20,10000,0.2,0.02,0.7346486889229278,8.87699283104524e+16,8.87699283104524,0.7283172750805554,8.724643210406603e+16,8.724643210406603,58446749620.24557,79557413633.90254,38481.75396993588,1.0,0.0199999957002575,-2.14987122201804e-07,45,91,132,28.82805574301165,cone,Promweaver FAL-C tabulated boundary,45,10,1,0.005,0.001,,
ok,20,12000,0.01,0.001,0.9771252704657316,1.3429096542746291e+17,13.429096542746292,0.8913431602144294,1.117470785839874e+17,11.17470785839874,2858348792.1303377,2925263401.250436,60.839221696459255,1.0,0.0009999782863859,-2.171361401640849e-05,45,91,93,30.324766123012523,cone,Promweaver FAL-C tabulated boundary,45,10,1,0.005,0.001,,
ok,20,12000,0.02,0.002,0.9328420165037176,1.0940697427736322e+17,10.94069742773632,0.8474484446600414,9.029327037830003e+16,9.029327037830004,5577356508.281226,5978886466.955146,284.3228763607541,1.0,0.0019999693995822,-1.530020886765862e-05,45,91,112,26.474538153008325,cone,Promweaver FAL-C tabulated boundary,45,10,1,0.005,0.001,,
ok,20,12000,0.05,0.005,0.9322699328134816,9.261744629690082e+16,9.261744629690082,0.8480431105168165,7.663820200503301e+16,7.6638202005033,13938970487.4752,14951646510.157225,2097.821803765348,1.0,0.0049999883218215,-2.3356356968276533e-06,45,91,131,31.82177917999797,cone,Promweaver FAL-C tabulated boundary,45,10,1,0.005,0.001,,
ok,20,12000,0.1,0.01,0.9589778530206248,9.355333387780214e+16,9.355333387780217,0.8766794099780341,7.8185051569872e+16,7.8185051569872,28302155003.997314,29512834853.12003,8562.08907441566,1.0,0.0099999958500373,-4.149962698138386e-07,45,91,141,39.82963361199654,cone,Promweaver FAL-C tabulated boundary,45,10,1,0.005,0.001,,
ok,20,12000,0.2,0.02,0.9802549826550712,1.0033799064913672e+17,10.033799064913673,0.9015843119986806,8.48789454157306e+16,8.48789454157306,57264458606.30296,58417921479.16374,32681.721033659145,1.0,0.019999998294487,-8.527565025645556e-08,45,91,143,49.62932620599168,cone,Promweaver FAL-C tabulated boundary,45,10,1,0.005,0.001,,
ok,20,14000,0.01,0.001,1.0054948339511225,1.4555252539104288e+17,14.555252539104288,0.9191931553038936,1.2163921851189496e+17,12.163921851189496,2486961889.665539,2473371126.028512,42.49310978309831,1.0,0.0009999825541966,-1.7445803325187234e-05,45,91,73,21.934372189993155,cone,Promweaver FAL-C tabulated boundary,45,10,1,0.005,0.001,,
ok,20,14000,0.02,0.002,0.9841512369376528,1.1325789539254627e+17,11.325789539254629,0.8978955484714964,9.427497777489488e+16,9.427497777489489,4918570715.379489,4997779335.912257,213.6039858266768,1.0,0.0019999807885544,-9.605722789667733e-06,45,91,92,20.88275383799919,cone,Promweaver FAL-C tabulated boundary,45,10,1,0.005,0.001,,
ok,20,14000,0.05,0.005,0.9994060613492228,9.461896834902067e+16,9.461896834902069,0.9132130593053582,7.900207117974632e+16,7.900207117974632,12395792420.040756,12403159135.643154,1623.9415035043571,1.0,0.0049999928339223,-1.4332155372220876e-06,45,91,112,39.12594683699717,cone,Promweaver FAL-C tabulated boundary,45,10,1,0.005,0.001,,
ok,20,14000,0.1,0.01,1.0200453473879636,9.468092343153726e+16,9.468092343153726,0.9339197585342552,7.936749142875688e+16,7.936749142875688,25055640765.148224,24563261652.34552,6630.534551198181,1.0,0.0099999970247177,-2.975282225453623e-07,45,91,125,43.58623220199661,cone,Promweaver FAL-C tabulated boundary,45,10,1,0.005,0.001,,
ok,20,14000,0.2,0.02,1.0363985734389891,1.0096279396008438e+17,10.096279396008438,0.9503839962042244,8.489966494089677e+16,8.489966494089677,50522397371.5784,48748038318.82402,25281.715531573016,1.0,0.0199999983924714,-8.037642964392466e-08,45,91,132,45.93906928499928,cone,Promweaver FAL-C tabulated boundary,45,10,1,0.005,0.001,,
ok,21,6000,0.01,0.001,0.7226082916272297,7.224707806484234e+16,7.224707806484234,0.7219763286339311,7.212076477677597e+16,7.212076477677597,4822763246.151762,6674104493.447564,321.9375226158918,1.0,0.0010000278837422,2.7883742298191044e-05,45,91,63,22.670830546005163,cone,Promweaver FAL-C tabulated boundary,45,10,1,0.005,0.001,,
ok,21,6000,0.02,0.002,0.5821357412069187,6.450385081339488e+16,6.450385081339488,0.5815778528201746,6.43802758352616e+16,6.43802758352616,8424730205.534211,14472106090.011854,1100.3386331363276,1.0,0.00200004998603,2.499301501716379e-05,45,91,65,23.324142088997174,cone,Promweaver FAL-C tabulated boundary,45,10,1,0.005,0.001,,
ok,21,6000,0.05,0.005,0.3492921159186853,5.9636296405331976e+16,5.963629640533197,0.3487951207408002,5.946670846279436e+16,5.946670846279436,14687319656.776844,42048815267.83739,3617.215885342212,0.9999999999999998,0.005000095914217,1.918284340748921e-05,45,91,66,23.654837452006177,cone,Promweaver FAL-C tabulated boundary,45,10,1,0.005,0.001,,
ok,21,6000,0.1,0.01,0.210093636276158,5.8657103760143976e+16,5.865710376014397,0.2096224366170001,5.8394285589421576e+16,5.839428558942157,19565493281.61605,93127491286.30504,6526.209151381108,1.0,0.0100000827018665,8.270186657895194e-06,45,91,66,18.78356881700165,cone,Promweaver FAL-C tabulated boundary,45,10,1,0.005,0.001,,
ok,21,6000,0.2,0.02,0.1226698424195539,5.84687339162533e+16,5.846873391625331,0.1222164733319278,5.803734945510701e+16,5.803734945510701,24500175794.37352,199724523249.80008,10266.317974577254,1.0000000000000002,0.0200000990192356,4.950961784468132e-06,45,91,66,23.36418703700474,cone,Promweaver FAL-C tabulated boundary,45,10,1,0.005,0.001,,
ok,21,8000,0.01,0.001,0.805141064521444,9.279264282934408e+16,9.279264282934408,0.8040551926400856,9.25425177784096e+16,9.25425177784096,3854104621.323788,4786868775.11902,160.0786654975196,1.0,0.0009999704107334,-2.958926653153469e-05,45,91,94,28.332961185005843,cone,Promweaver FAL-C tabulated boundary,45,10,1,0.005,0.001,,
ok,21,8000,0.02,0.002,0.691129781742252,8.28652534933159e+16,8.28652534933159,0.6900739989666116,8.26122738483402e+16,8.261227384834019,7041159475.069689,10187897643.941494,598.2957230362267,1.0,0.0019999433960726,-2.83019636990612e-05,45,91,96,28.21293394600798,cone,Promweaver FAL-C tabulated boundary,45,10,1,0.005,0.001,,
ok,21,8000,0.05,0.005,0.491610473461591,7.571882250830315e+16,7.571882250830315,0.4905783848325328,7.540122755341294e+16,7.540122755341295,14104733035.278349,28690871730.13684,2627.398147596084,1.0,0.0049999113225516,-1.7735489677046797e-05,45,91,98,18.855672236997638,cone,Promweaver FAL-C tabulated boundary,45,10,1,0.005,0.001,,
ok,21,8000,0.1,0.01,0.3551676818049506,7.385516824993997e+16,7.385516824993997,0.3541478674950563,7.343164759790058e+16,7.343164759790057,22309693912.6431,62814538190.14714,6739.168757850999,1.0000000000000002,0.0099999425065469,-5.749345307129449e-06,45,91,99,34.94588761900377,cone,Promweaver FAL-C tabulated boundary,45,10,1,0.005,0.001,,
ok,21,8000,0.2,0.02,0.2780978611195472,7.34414356065204e+16,7.34414356065204,0.2770900932175188,7.291012753100117e+16,7.291012753100117,36911041694.43431,132726808993.9289,18551.176018232774,1.0,0.0199999835229396,-8.238530158424793e-07,45,91,99,34.94280876000994,cone,Promweaver FAL-C tabulated boundary,45,10,1,0.005,0.001,,
ok,21,10000,0.01,0.001,0.9006570236889784,1.1605186157753794e+17,11.605186157753794,0.8535934883238125,1.0424024363784755e+17,10.424024363784754,3283257479.3121214,3645402626.034392,92.88760670380692,1.0,0.0009999732965585,-2.67034414136013e-05,45,91,109,22.65219237600104,cone,Promweaver FAL-C tabulated boundary,45,10,1,0.005,0.001,,
ok,21,10000,0.02,0.002,0.8093704722187859,9.87744860913128e+16,9.87744860913128,0.7755952617937663,9.07027304255066e+16,9.070273042550658,6185165344.430726,7641945878.59733,387.3092318858593,1.0000000000000002,0.0019999526051629,-2.3697418549597365e-05,45,91,124,43.07973691199732,cone,Promweaver FAL-C tabulated boundary,45,10,1,0.005,0.001,,
ok,21,10000,0.05,0.005,0.7223547166937508,8.580144975818682e+16,8.580144975818682,0.7033599003736205,8.134836152068227e+16,8.134836152068226,14464740011.51126,20024427995.31649,2438.521775451132,1.0,0.0049999664173128,-6.716537438548885e-06,45,91,135,38.96564276400022,cone,Promweaver FAL-C tabulated boundary,45,10,1,0.005,0.001,,
ok,21,10000,0.1,0.01,0.7230440581774449,8.542161365508219e+16,8.54216136550822,0.7119669604718515,8.282432947444709e+16,8.28243294744471,28946210282.85025,40033812539.46555,9808.79491602926,1.0,0.0099999867824039,-1.3217596073200608e-06,45,91,135,33.95041843400395,cone,Promweaver FAL-C tabulated boundary,45,10,1,0.005,0.001,,
ok,21,10000,0.2,0.02,0.7337166552160266,8.82040814268785e+16,8.82040814268785,0.7273814887944503,8.66874873919393e+16,8.66874873919393,58402494496.57652,79598158337.26878,38669.994724113305,1.0,0.0199999956921091,-2.1539454230640187e-07,45,91,132,29.0852098470059,cone,Promweaver FAL-C tabulated boundary,45,10,1,0.005,0.001,,
ok,21,12000,0.01,0.001,0.9760126484274442,1.33607619582859e+17,13.3607619582859,0.8902302907979499,1.1115399327180525e+17,11.115399327180524,2856633503.2764826,2926840659.164717,61.07701789403477,0.9999999999999998,0.0009999779314633,-2.206853663548093e-05,45,91,93,28.2721254729986,cone,Promweaver FAL-C tabulated boundary,45,10,1,0.005,0.001,,
ok,21,12000,0.02,0.002,0.93166543888883,1.0862136674893949e+17,10.862136674893948,0.8462713302146979,8.962198302542032e+16,8.962198302542031,5573569342.057229,5982372114.935014,285.9904652325096,1.0,0.0019999691987585,-1.5400620719018335e-05,45,91,112,37.33614050100732,cone,Promweaver FAL-C tabulated boundary,45,10,1,0.005,0.001,,
ok,21,12000,0.05,0.005,0.9316577842501956,9.19876054322508e+16,9.19876054322508,0.8474302845767192,7.610697147198229e+16,7.610697147198229,13934043813.015512,14956182461.599596,2110.6928055218664,1.0000000000000002,0.0049999883337555,-2.333248883511218e-06,45,91,131,33.748262230001274,cone,Promweaver FAL-C tabulated boundary,45,10,1,0.005,0.001,,
ok,21,12000,0.1,0.01,0.9586021482429024,9.296781237275624e+16,9.296781237275624,0.8763029328781431,7.768986133629035e+16,7.768986133629035,28296265116.45178,29518257567.352875,8612.428313685487,1.0,0.0099999958534857,-4.146514279504409e-07,45,91,141,49.06597357800638,cone,Promweaver FAL-C tabulated boundary,45,10,1,0.005,0.001,,
ok,21,12000,0.2,0.02,0.9799587463920764,9.972712453035966e+16,9.972712453035966,0.9012869871224424,8.435754097919133e+16,8.435754097919133,57255361113.32646,58426297356.01022,32871.46191826126,1.0,0.0199999982957826,-8.521086579393877e-08,45,91,143,49.626398009000695,cone,Promweaver FAL-C tabulated boundary,45,10,1,0.005,0.001,,
ok,21,14000,0.01,0.001,1.004674402516573,1.4480411243469843e+17,14.480411243469844,0.9183726924091784,1.209952008030666e+17,12.09952008030666,2485910094.0574746,2474344014.170767,42.67661250659363,1.0,0.0009999835035982,-1.649640177844164e-05,45,91,74,16.158508676991914,cone,Promweaver FAL-C tabulated boundary,45,10,1,0.005,0.001,,
ok,21,14000,0.02,0.002,0.9834879626473356,1.1242003043059034e+17,11.242003043059034,0.8972322516986118,9.35654161346763e+16,9.35654161346763,4916830948.854671,4999380913.234191,215.0437647723395,1.0,0.0019999807488802,-9.62555987823674e-06,45,91,92,21.12861573799455,cone,Promweaver FAL-C tabulated boundary,45,10,1,0.005,0.001,,
ok,21,14000,0.05,0.005,0.999094093680666,9.398185481202634e+16,9.398185481202631,0.9129010789368718,7.846548608947624e+16,7.846548608947624,12393776992.255705,12405014773.53048,1634.4187762732984,1.0,0.0049999928498972,-1.4300205471162728e-06,45,91,112,32.2039455690101,cone,Promweaver FAL-C tabulated boundary,45,10,1,0.005,0.001,,
ok,21,14000,0.1,0.01,1.0198465655628774,9.40852748898907e+16,9.40852748898907,0.9337209647352156,7.886534416357422e+16,7.8865344163574225,25053122537.89932,24565580141.040047,6671.170909938423,1.0,0.0099999970268279,-2.97317208526604e-07,45,91,125,43.56500462999975,cone,Promweaver FAL-C tabulated boundary,45,10,1,0.005,0.001,,
ok,21,14000,0.2,0.02,1.036252846626437,1.0034626772989038e+17,10.03462677298904,0.9502382543824488,8.437907712574227e+16,8.437907712574226,50518761909.29494,48751385411.15793,25433.385442075734,1.0,0.0199999983922593,-8.038703452895035e-08,45,91,132,45.85104364200379,cone,Promweaver FAL-C tabulated boundary,45,10,1,0.005,0.001,,
ok,22,6000,0.01,0.001,0.7211948299712723,7.1956384275806216e+16,7.195638427580621,0.7205627012513522,7.1830299725445176e+16,7.183029972544517,4817094097.196579,6679324222.815714,322.47862055303546,1.0,0.0010000279074651,2.7907465179055624e-05,45,91,63,15.396524745010538,cone,Promweaver FAL-C tabulated boundary,45,10,1,0.005,0.001,,
ok,22,6000,0.02,0.002,0.5802338268361552,6.419267689934644e+16,6.419267689934644,0.579675677322611,6.406923742712197e+16,6.406923742712197,8406789938.653973,14488624326.667974,1100.9685292213326,1.0,0.0020000500770713,2.5038535675370177e-05,45,91,65,23.376631169987377,cone,Promweaver FAL-C tabulated boundary,45,10,1,0.005,0.001,,
ok,22,6000,0.05,0.005,0.3473641212871369,5.930358847656657e+16,5.930358847656657,0.346866721609235,5.913387338613599e+16,5.9133873386136,14625893346.907896,42105365668.48793,3607.146914552269,1.0,0.0050000955988012,1.91197602417148e-05,45,91,66,23.760227568011032,cone,Promweaver FAL-C tabulated boundary,45,10,1,0.005,0.001,,
ok,22,6000,0.1,0.01,0.2088244811359122,5.8328835560566616e+16,5.832883556056662,0.2083528556917666,5.806566432521924e+16,5.806566432521924,19466359185.70222,93218759983.57034,6496.600460218275,1.0000000000000002,0.0100000825245092,8.252450926435338e-06,45,91,66,15.640074131995789,cone,Promweaver FAL-C tabulated boundary,45,10,1,0.005,0.001,,
ok,22,6000,0.2,0.02,0.1219410532462413,5.814227159484527e+16,5.814227159484528,0.1214872815786226,5.771035427835568e+16,5.771035427835568,24369310892.51814,199845009074.24533,10213.968203967686,1.0,0.0200000991337889,4.956689448817885e-06,45,91,66,23.346672920990382,cone,Promweaver FAL-C tabulated boundary,45,10,1,0.005,0.001,,
ok,22,8000,0.01,0.001,0.803993095435561,9.249639325828883e+16,9.249639325828884,0.8029071734588675,9.224669948858765e+16,9.224669948858764,3850946017.8058615,4789774986.462566,160.32825399628095,1.0,0.0009999701890065,-2.9810993429010835e-05,45,91,94,33.15464052600146,cone,Promweaver FAL-C tabulated boundary,45,10,1,0.005,0.001,,
ok,22,8000,0.02,0.002,0.6895153349653902,8.249793914272205e+16,8.249793914272205,0.6884594938319374,8.224547767508957e+16,8.224547767508957,7031097074.800663,10197158378.143372,599.2431639988633,1.0,0.0019999429755571,-2.8512221427606788e-05,45,91,96,28.795435409992933,cone,Promweaver FAL-C tabulated boundary,45,10,1,0.005,0.001,,
ok,22,8000,0.05,0.005,0.4895631593301592,7.530476937167565e+16,7.530476937167565,0.4885309875500954,7.498756609391933e+16,7.498756609391933,14064243538.187336,28728149310.562134,2626.6987861706903,1.0,0.0049999112932292,-1.7741354146720564e-05,45,91,98,28.59205834800377,cone,Promweaver FAL-C tabulated boundary,45,10,1,0.005,0.001,,
ok,22,8000,0.1,0.01,0.3535447733357623,7.343413033474235e+16,7.343413033474235,0.3525248725371199,7.301105803921694e+16,7.301105803921694,22232785362.22346,62885345899.62369,6731.158150978219,1.0000000000000002,0.0099999424623262,-5.753767380253793e-06,45,91,99,27.498023034000653,cone,Promweaver FAL-C tabulated boundary,45,10,1,0.005,0.001,,
ok,22,8000,0.2,0.02,0.2769865401952364,7.302081864171682e+16,7.302081864171682,0.2759786983143945,7.249039899906304e+16,7.249039899906304,36793511596.51643,132835016353.43794,18539.404525787995,1.0,0.0199999835086114,-8.245694254130351e-07,45,91,99,19.338076989006368,cone,Promweaver FAL-C tabulated boundary,45,10,1,0.005,0.001,,
ok,22,10000,0.01,0.001,0.8997627257819979,1.157306383476768e+17,11.57306383476768,0.8526877126344924,1.0393752297244666e+17,10.393752297244664,3281473705.7421274,3647043394.5684366,93.04424338460524,1.0,0.0009999730695,-2.693049999495656e-05,45,91,109,39.22573732500314,cone,Promweaver FAL-C tabulated boundary,45,10,1,0.005,0.001,,
ok,22,10000,0.02,0.002,0.8081767107521335,9.834093145804691e+16,9.834093145804692,0.7743844625997882,9.02890152394654e+16,9.02890152394654,6179933846.889665,7646760621.372373,388.3589649364399,1.0,0.0019999523372543,-2.383137280613859e-05,45,91,124,36.37849932599056,cone,Promweaver FAL-C tabulated boundary,45,10,1,0.005,0.001,,
ok,22,10000,0.05,0.005,0.7213108177339775,8.533694233819003e+16,8.533694233819004,0.7023036990751361,8.089880353480424e+16,8.089880353480424,14452178391.622328,20035992856.760887,2447.5385986474903,1.0,0.0049999663638234,-6.727235303191635e-06,45,91,135,47.17467327701161,cone,Promweaver FAL-C tabulated boundary,45,10,1,0.005,0.001,,
ok,22,10000,0.1,0.01,0.7222385740342523,8.494693180386502e+16,8.494693180386502,0.7111555555973924,8.235985087471504e+16,8.235985087471503,28926844999.14593,40051647806.02548,9850.41300298667,1.0,0.0099999876909934,-1.2309006579627744e-06,45,91,136,47.03463649698824,cone,Promweaver FAL-C tabulated boundary,45,10,1,0.005,0.001,,
ok,22,10000,0.2,0.02,0.7329077860867567,8.77014163789562e+16,8.77014163789562,0.7265693545336752,8.61910335544301e+16,8.61910335544301,58364058657.28616,79633563410.3598,38840.45986477923,1.0,0.0199999983925464,-8.037268003913134e-08,45,91,133,38.37204492800811,cone,Promweaver FAL-C tabulated boundary,45,10,1,0.005,0.001,,
ok,22,12000,0.01,0.001,0.97533700727981,1.3320705215820355e+17,13.320705215820356,0.8895544992796839,1.108059120667106e+17,11.08059120667106,2855591096.5343266,2927799391.6159263,61.21598202564779,1.0,0.000999977753414,-2.224658592715409e-05,45,91,93,17.917660694001825,cone,Promweaver FAL-C tabulated boundary,45,10,1,0.005,0.001,,
ok,22,12000,0.02,0.002,0.9309037056626022,1.0808982149803336e+17,10.808982149803336,0.8455092490798141,8.916861208812114e+16,8.916861208812113,5571115229.43359,5984631058.556331,287.1438260279816,1.0,0.0019999691076949,-1.5446152518919926e-05,45,91,112,33.03250145299535,cone,Promweaver FAL-C tabulated boundary,45,10,1,0.005,0.001,,
ok,22,12000,0.05,0.005,0.9312015264968568,9.14789850515681e+16,9.14789850515681,0.846973521674334,7.567869701333736e+16,7.567869701333736,13930369825.651308,14959565066.497265,2121.309100336264,1.0,0.0049999883413721,-2.3317255706117863e-06,45,91,131,45.7508226630016,cone,Promweaver FAL-C tabulated boundary,45,10,1,0.005,0.001,,
ok,22,12000,0.1,0.01,0.9582910800648368,9.24611312172267e+16,9.24611312172267,0.8759912250239849,7.726162224875918e+16,7.726162224875918,28291386885.665066,29522748853.877365,8656.638323339652,1.0,0.0099999958539295,-4.146070448768357e-07,45,91,141,48.99546995399578,cone,Promweaver FAL-C tabulated boundary,45,10,1,0.005,0.001,,
ok,22,12000,0.2,0.02,0.9797003754601248,9.91879163603169e+16,9.91879163603169,0.901027666445779,8.389739396899717e+16,8.389739396899717,57247424341.89753,58433604575.2874,33040.99646448922,1.0,0.0199999982960428,-8.519785953120529e-08,45,91,143,41.09450708499935,cone,Promweaver FAL-C tabulated boundary,45,10,1,0.005,0.001,,
ok,22,14000,0.01,0.001,1.004190267024503,1.443191150727163e+17,14.431911507271629,0.917888538386816,1.2057901603497917e+17,12.057901603497916,2485287352.226878,2474916790.0132966,42.798580215979946,1.0000000000000002,0.0009999833840535,-1.6615946411748655e-05,45,91,74,14.159838289007894,cone,Promweaver FAL-C tabulated boundary,45,10,1,0.005,0.001,,
ok,22,14000,0.02,0.002,0.9830339479748068,1.1182907522941914e+17,11.182907522941914,0.8967782216231349,9.306530547919166e+16,9.306530547919166,4915639454.310179,5000477821.175059,216.07539179948543,1.0,0.0019999807329407,-9.633529622025266e-06,45,91,92,32.37152835901361,cone,Promweaver FAL-C tabulated boundary,45,10,1,0.005,0.001,,
ok,22,14000,0.05,0.005,0.9988405343020514,9.34547662983278e+16,9.34547662983278,0.9126475092235712,7.802167774089646e+16,7.8021677740896465,12392139757.55804,12406524697.3754,1643.2027370400522,1.0,0.0049999933866089,-1.3226782138303637e-06,45,91,113,33.08192205100204,cone,Promweaver FAL-C tabulated boundary,45,10,1,0.005,0.001,,
ok,22,14000,0.1,0.01,1.0196756605381128,9.356671797395917e+16,9.356671797395917,0.9335500494136432,7.842824607499635e+16,7.842824607499635,25050957077.77912,24567573834.761333,6706.983680750534,1.0,0.0099999970268956,-2.973104340844856e-07,45,91,125,43.54593300000124,cone,Promweaver FAL-C tabulated boundary,45,10,1,0.005,0.001,,
ok,22,14000,0.2,0.02,1.036124316352447,9.980188651613178e+16,9.980188651613178,0.9501097108685816,8.391943135344035e+16,8.391943135344036,50515555035.25726,48754337909.07571,25568.868381136603,1.0,0.0199999983915706,-8.042146757564206e-08,45,91,132,45.46616027300479,cone,Promweaver FAL-C tabulated boundary,45,10,1,0.005,0.001,,
ok,23,6000,0.01,0.001,0.7191388161906538,7.1565464815976136e+16,7.156546481597614,0.7185064455385844,7.143965877999771e+16,7.143965877999771,4808832083.477171,6686931612.105168,323.128845268354,1.0000000000000002,0.0010000279729455,2.797294559073009e-05,45,91,63,18.457506866994663,cone,Promweaver FAL-C tabulated boundary,45,10,1,0.005,0.001,,
ok,23,6000,0.02,0.002,0.5775456195167459,6.380765246314576e+16,6.380765246314576,0.5769870986046626,6.368430055790723e+16,6.368430055790723,8381362854.557401,14512036056.251976,1100.9219206164687,1.0,0.0020000502165593,2.510827966893669e-05,45,91,65,13.24568907301,cone,Promweaver FAL-C tabulated boundary,45,10,1,0.005,0.001,,
ok,23,6000,0.05,0.005,0.344923800247865,5.89308237234203e+16,5.893082372342031,0.3444258833738452,5.876080662034924e+16,5.876080662034924,14547906943.030554,42177161832.77672,3591.3564931040646,0.9999999999999998,0.005000095214538,1.904290761779725e-05,45,91,66,19.231633939998574,cone,Promweaver FAL-C tabulated boundary,45,10,1,0.005,0.001,,
ok,23,6000,0.1,0.01,0.207284648631179,5.797080203154655e+16,5.797080203154655,0.2068125010850848,5.770701404829768e+16,5.770701404829768,19345821192.426254,93329734354.07762,6456.022419797879,0.9999999999999998,0.0100000823072911,8.230729113718747e-06,45,91,66,23.70866269100225,cone,Promweaver FAL-C tabulated boundary,45,10,1,0.005,0.001,,
ok,23,6000,0.2,0.02,0.1210538943347056,5.778711026289691e+16,5.778711026289691,0.1205996276272904,5.7354220331228216e+16,5.735422033122822,24209795092.209225,199991873250.032,10142.645578577776,1.0,0.0200000992550217,4.9627510888966544e-06,45,91,66,23.516460986007587,cone,Promweaver FAL-C tabulated boundary,45,10,1,0.005,0.001,,
ok,23,8000,0.01,0.001,0.8022870897832375,9.208456518382904e+16,9.208456518382905,0.801201092955614,9.183543774995798e+16,9.183543774995798,3846252283.092219,4794109654.85111,160.65294542749297,1.0,0.000999971778108,-2.8221891941243235e-05,45,91,95,18.56460512299964,cone,Promweaver FAL-C tabulated boundary,45,10,1,0.005,0.001,,
ok,23,8000,0.02,0.002,0.6872323107605514,8.202410612886779e+16,8.20241061288678,0.6861763866953706,8.17722416932649e+16,8.17722416932649,7016835983.474487,10210282423.579653,600.2624050742825,1.0000000000000002,0.0019999422749212,-2.886253939017938e-05,45,91,96,18.619174473002204,cone,Promweaver FAL-C tabulated boundary,45,10,1,0.005,0.001,,
ok,23,8000,0.05,0.005,0.4868713054985663,7.482447706004299e+16,7.482447706004299,0.4858390235587133,7.450752236586046e+16,7.450752236586046,14010844830.54066,28777306594.79565,2623.523485609712,1.0,0.0049999106000349,-1.787999301793713e-05,45,91,98,29.28356097900541,cone,Promweaver FAL-C tabulated boundary,45,10,1,0.005,0.001,,
ok,23,8000,0.1,0.01,0.3515856734255378,7.297058971430942e+16,7.297058971430943,0.3505656674648249,7.254780531314898e+16,7.254780531314897,22139713501.377773,62971034302.01838,6717.321537925961,1.0,0.0099999423550468,-5.764495312164663e-06,45,91,99,28.834957603001385,cone,Promweaver FAL-C tabulated boundary,45,10,1,0.005,0.001,,
ok,23,8000,0.2,0.02,0.2756950612212746,7.256124709469082e+16,7.2561247094690815,0.2746871328984288,7.203165585807618e+16,7.203165585807618,36656688114.97858,132960989408.35825,18518.32537835652,1.0,0.0199999838163493,-8.091825303563337e-07,45,91,99,19.211831602005983,cone,Promweaver FAL-C tabulated boundary,45,10,1,0.005,0.001,,
ok,23,10000,0.01,0.001,0.8984303369766771,1.152714637484854e+17,11.527146374848542,0.8513381494352465,1.0350401143334854e+17,10.350401143334857,3278818797.2326217,3649496975.209263,93.26378234029524,1.0,0.0009999744585045,-2.554149540782633e-05,45,91,110,38.30857353299507,cone,Promweaver FAL-C tabulated boundary,45,10,1,0.005,0.001,,
ok,23,10000,0.02,0.002,0.806532908824725,9.776275421323469e+16,9.776275421323469,0.7727171363675756,8.973674870157891e+16,8.973674870157891,6172719120.531322,7653400193.584378,389.7441479386516,1.0000000000000002,0.0019999519062709,-2.40468645128656e-05,45,91,124,43.19803129199136,cone,Promweaver FAL-C tabulated boundary,45,10,1,0.005,0.001,,
ok,23,10000,0.05,0.005,0.7199714178050782,8.479426911218958e+16,8.479426911218958,0.7009484687943123,8.037262864728605e+16,8.037262864728605,14436039578.537031,20050850938.70404,2457.7042870357054,0.9999999999999998,0.0049999662764838,-6.744703228041269e-06,45,91,135,46.896143124002265,cone,Promweaver FAL-C tabulated boundary,45,10,1,0.005,0.001,,
ok,23,10000,0.1,0.01,0.7212939456030498,8.441925262330749e+16,8.441925262330749,0.710203969404498,8.184329767538443e+16,8.184329767538443,28904109388.7861,40072580069.44774,9896.410043889116,1.0,0.009999987701061,-1.2298938907237542e-06,45,91,136,26.08274698400055,cone,Promweaver FAL-C tabulated boundary,45,10,1,0.005,0.001,,
ok,23,10000,0.2,0.02,0.7320001585919597,8.714942882370309e+16,8.714942882370309,0.725658056085707,8.564583284199202e+16,8.564583284199202,58320880541.59534,79673316811.54083,39028.65633264981,1.0,0.0199999984258343,-7.870828485495583e-08,45,91,133,45.99848075800401,cone,Promweaver FAL-C tabulated boundary,45,10,1,0.005,0.001,,
ok,23,12000,0.01,0.001,0.9743353803304426,1.3263349167533982e+17,13.263349167533985,0.8885526485523055,1.103068767998686e+17,11.03068767998686,2854048658.545261,2929226133.1794395,61.41430525920846,1.0,0.0009999789503686,-2.104963137431956e-05,45,91,94,32.84909769699152,cone,Promweaver FAL-C tabulated boundary,45,10,1,0.005,0.001,,
ok,23,12000,0.02,0.002,0.929858228741792,1.0739665754888806e+17,10.739665754888806,0.844463293255946,8.857656637353134e+16,8.857656637353134,5567749772.632642,5987740496.921197,288.6480663193768,1.0,0.0019999710751873,-1.4462406316365778e-05,45,91,113,32.78309623000678,cone,Promweaver FAL-C tabulated boundary,45,10,1,0.005,0.001,,
ok,23,12000,0.05,0.005,0.9306446557640774,9.089063382452814e+16,9.089063382452814,0.8464160337126322,7.5182907995789e+16,7.5182907995788995,13925885694.37794,14963698129.16888,2133.6664099766167,1.0,0.0049999891723434,-2.1655313063584365e-06,45,91,132,38.51182834900101,cone,Promweaver FAL-C tabulated boundary,45,10,1,0.005,0.001,,
ok,23,12000,0.1,0.01,0.9579332736485996,9.1896095949023e+16,9.1896095949023,0.8756326825660888,7.678395361565973e+16,7.678395361565973,28285773863.813828,29527916653.399338,8706.409067895986,1.0,0.009999995855522,-4.14447797261741e-07,45,91,141,30.48304189700866,cone,Promweaver FAL-C tabulated boundary,45,10,1,0.005,0.001,,
ok,23,12000,0.2,0.02,0.9794100155034856,9.859320637263838e+16,9.859320637263838,0.90073623884465,8.338984769942488e+16,8.338984769942488,57238502546.616165,58441818687.336525,33229.9383934856,1.0,0.0199999982966834,-8.516582751527668e-08,45,91,143,40.79675270800362,cone,Promweaver FAL-C tabulated boundary,45,10,1,0.005,0.001,,
ok,23,14000,0.01,0.001,1.003512211055603,1.4356964188018914e+17,14.356964188018914,0.9172104564416068,1.1993758183893538e+17,11.993758183893538,2484414644.8021874,2475719395.769794,42.99179162443313,1.0,0.0009999831998186,-1.6800181314039278e-05,45,91,74,26.116110199989635,cone,Promweaver FAL-C tabulated boundary,45,10,1,0.005,0.001,,
ok,23,14000,0.02,0.002,0.9824454292688154,1.110640010430042e+17,11.10640010430042,0.8961896829353364,9.241794804797128e+16,9.241794804797127,4914094179.312709,5001900393.56183,217.4270814699424,1.0,0.0019999807057176,-9.647141158619296e-06,45,91,92,33.22886162599025,cone,Promweaver FAL-C tabulated boundary,45,10,1,0.005,0.001,,
ok,23,14000,0.05,0.005,0.9985462058388812,9.284901121924082e+16,9.28490112192408,0.9123531687703532,7.751163914395837e+16,7.751163914395836,12390237260.44764,12408276340.140486,1653.4153391002617,1.0,0.0049999933979157,-1.32041685710349e-06,45,91,113,39.58012178499485,cone,Promweaver FAL-C tabulated boundary,45,10,1,0.005,0.001,,
ok,23,14000,0.1,0.01,1.0194819572325895,9.298881484328874e+16,9.298881484328874,0.933356334435405,7.794110937284139e+16,7.794110937284139,25048502328.341232,24569833875.56564,6747.343429963064,1.0,0.0099999970279119,-2.972088073913137e-07,45,91,125,23.917584209993947,cone,Promweaver FAL-C tabulated boundary,45,10,1,0.005,0.001,,
ok,23,14000,0.2,0.02,1.0359805101238586,9.920072192867512e+16,9.920072192867512,0.9499658898245084,8.341183691531507e+16,8.341183691531507,50511966561.07778,48757641738.87666,25720.163283710048,1.0,0.0199999983910272,-8.044863733513985e-08,45,91,132,33.48134027099877,cone,Promweaver FAL-C tabulated boundary,45,10,1,0.005,0.001,,
ok,24,6000,0.01,0.001,0.7166517929998577,7.110095482438594e+16,7.110095482438593,0.7160191283222146,7.097547350294367e+16,7.097547350294367,4798812997.475847,6696157107.747304,323.8860327772259,1.0,0.0010000280750474,2.80750474992552e-05,45,91,63,22.68517406799947,cone,Promweaver FAL-C tabulated boundary,45,10,1,0.005,0.001,,
ok,24,6000,0.02,0.002,0.5743709617552879,6.337055375810067e+16,6.337055375810067,0.5738119987039484,6.324727258736061e+16,6.324727258736061,8351228667.0097475,14539782167.065418,1100.5587944664303,1.0,0.0020000504145766,2.5207288303344053e-05,45,91,65,12.722066700007415,cone,Promweaver FAL-C tabulated boundary,45,10,1,0.005,0.001,,
ok,24,6000,0.05,0.005,0.3421950354756974,5.8528574297103e+16,5.8528574297103,0.3416965332616264,5.83581722227393e+16,5.8358172222739295,14460387161.079018,42257735098.28136,3572.6617188187493,1.0,0.0050000948231997,1.8964639949062275e-05,45,91,66,23.44497777799552,cone,Promweaver FAL-C tabulated boundary,45,10,1,0.005,0.001,,
ok,24,6000,0.1,0.01,0.2055863345775285,5.7588291180581e+16,5.7588291180581,0.2051136040597637,5.7323755667800376e+16,5.732375566780037,19212544043.833767,93452437309.68188,6409.668373016801,1.0,0.0100000820823211,8.208232111367451e-06,45,91,66,19.47255970900005,cone,Promweaver FAL-C tabulated boundary,45,10,1,0.005,0.001,,
ok,24,6000,0.2,0.02,0.1200721674380438,5.740833271001779e+16,5.74083327100178,0.1196173464334027,5.6974242709944856e+16,5.697424270994485,24033001942.717613,200154644123.65524,10060.999076496078,0.9999999999999996,0.0200000993589195,4.96794597647232e-06,45,91,66,19.2935738429951,cone,Promweaver FAL-C tabulated boundary,45,10,1,0.005,0.001,,
ok,24,8000,0.01,0.001,0.8002482534844103,9.152598973943677e+16,9.152598973943675,0.7991621670116575,9.127772257171555e+16,9.127772257171555,3840622600.915245,4799288950.888119,161.16058405545246,1.0,0.0009999713182146,-2.8681785393990317e-05,45,91,95,33.44132344100217,cone,Promweaver FAL-C tabulated boundary,45,10,1,0.005,0.001,,
ok,24,8000,0.02,0.002,0.6844735744635372,8.14767930124284e+16,8.14767930124284,0.6834175494154318,8.122557758550584e+16,8.122557758550585,6999567633.051588,10226205794.047735,601.3239505166816,1.0,0.0019999452459383,-2.737703081357075e-05,45,91,97,34.15513775500585,cone,Promweaver FAL-C tabulated boundary,45,10,1,0.005,0.001,,
ok,24,8000,0.05,0.005,0.4838131489352161,7.429791297906347e+16,7.429791297906347,0.4827807406732078,7.398116285271434e+16,7.398116285271434,13949957329.782171,28833357176.18148,2619.2029048996355,1.0,0.0049999097297063,-1.805405873949589e-05,45,91,98,34.514285391007434,cone,Promweaver FAL-C tabulated boundary,45,10,1,0.005,0.001,,
ok,24,8000,0.1,0.01,0.3494243911980761,7.247336383432968e+16,7.247336383432968,0.3484042682487543,7.205081850582602e+16,7.2050818505826015,22036741691.96162,63065836979.507774,6700.6408797077065,1.0,0.0099999421999637,-5.780003627629814e-06,45,91,99,29.4208784569928,cone,Promweaver FAL-C tabulated boundary,45,10,1,0.005,0.001,,
ok,24,8000,0.2,0.02,0.2742842363604835,7.207010077940256e+16,7.207010077940256,0.2732762130267445,7.154134382951287e+16,7.154134382951288,36506923245.47549,133098874838.34668,18492.48759801841,1.0,0.0199999838256637,-8.087168134815469e-07,45,91,99,29.847489371997654,cone,Promweaver FAL-C tabulated boundary,45,10,1,0.005,0.001,,
ok,24,10000,0.01,0.001,0.8968114226171853,1.1455787412065848e+17,11.455787412065847,0.8496983741724019,1.0283767701466958e+17,10.283767701466958,3275581084.795492,3652474759.115232,93.65948456558476,1.0,0.000999973992193,-2.600780697357627e-05,45,91,110,21.029102958011208,cone,Promweaver FAL-C tabulated boundary,45,10,1,0.005,0.001,,
ok,24,10000,0.02,0.002,0.8045895157809325,9.707607122309907e+16,9.707607122309907,0.7707458357966845,8.90811525178479e+16,8.90811525178479,6164173128.775467,7661264542.817882,391.414999420333,1.0,0.0019999513416853,-2.4329157332194165e-05,45,91,124,23.52596353300032,cone,Promweaver FAL-C tabulated boundary,45,10,1,0.005,0.001,,
ok,24,10000,0.05,0.005,0.7184503388403758,8.41944014045807e+16,8.41944014045807,0.699409349846197,7.979075476308104e+16,7.979075476308104,14417682543.392809,20067751052.444157,2468.9239005711875,1.0,0.0049999661533929,-6.769321415737993e-06,45,91,135,46.96562701399671,cone,Promweaver FAL-C tabulated boundary,45,10,1,0.005,0.001,,
ok,24,10000,0.1,0.01,0.7202553755514921,8.385070225613274e+16,8.385070225613273,0.7091577300934602,8.12866770317811e+16,8.12866770317811,28879085306.710457,40095619258.09723,9946.268137441415,1.0,0.0099999877077772,-1.2292222783052973e-06,45,91,136,47.35368810199725,cone,Promweaver FAL-C tabulated boundary,45,10,1,0.005,0.001,,
ok,24,10000,0.2,0.02,0.7310154798626419,8.655830658387467e+16,8.655830658387467,0.7246693848425262,8.50619691487921e+16,8.50619691487921,58273988125.36759,79716489911.15385,39232.02551039869,1.0,0.0199999984621773,-7.689113252357105e-08,45,91,133,46.15553209699283,cone,Promweaver FAL-C tabulated boundary,45,10,1,0.005,0.001,,
ok,24,12000,0.01,0.001,0.9731014204478504,1.3169008994144707e+17,13.169008994144708,0.8873184135225811,1.0949539871276038e+17,10.949539871276038,2852141145.621566,2930980353.834984,61.77161180590284,1.0,0.0009999785929446,-2.1407055359476748e-05,45,91,94,26.99586012600048,cone,Promweaver FAL-C tabulated boundary,45,10,1,0.005,0.001,,
ok,24,12000,0.02,0.002,0.9286562650613854,1.0654715518202512e+17,10.654715518202512,0.8432607794923104,8.785281373877928e+16,8.785281373877927,5563869458.932976,5991312036.8225765,290.5440628908468,1.0,0.0019999708982988,-1.4550850578045824e-05,45,91,113,26.9903902799997,cone,Promweaver FAL-C tabulated boundary,45,10,1,0.005,0.001,,
ok,24,12000,0.05,0.005,0.9300280121137268,9.024099175824925e+16,9.024099175824924,0.845798706581638,7.46355665538674e+16,7.463556655386739,13920914810.909184,14968274750.424284,2147.492679288684,1.0,0.0049999891784312,-2.164313753216795e-06,45,91,132,45.98764478499652,cone,Promweaver FAL-C tabulated boundary,45,10,1,0.005,0.001,,
ok,24,12000,0.1,0.01,0.9575408397400952,9.128503009017229e+16,9.128503009017228,0.8752394410725253,7.626735961749837e+16,7.626735961749837,28279615367.100758,29533586655.97665,8760.873984717682,1.0,0.0099999958563713,-4.143628638125784e-07,45,91,141,41.024585784995,cone,Promweaver FAL-C tabulated boundary,45,10,1,0.005,0.001,,
ok,24,12000,0.2,0.02,0.9790941102924642,9.795459158117798e+16,9.7954591581178,0.9004191716853571,8.284482574923982e+16,8.284482574923983,57228792983.40764,58450758085.25994,33435.234566044026,1.0,0.0199999982981485,-8.509257517358426e-08,45,91,143,36.69363908100058,cone,Promweaver FAL-C tabulated boundary,45,10,1,0.005,0.001,,
ok,24,14000,0.01,0.001,1.0026238943515378,1.4243126770406163e+17,14.243126770406164,0.9163221056616973,1.189667414906936e+17,11.89667414906936,2483270464.328576,2476771677.1149454,43.29549472114128,1.0,0.0009999829601762,-1.7039823703522e-05,45,91,74,26.437872661001165,cone,Promweaver FAL-C tabulated boundary,45,10,1,0.005,0.001,,
ok,24,14000,0.02,0.002,0.9817454679915252,1.1012927808767917e+17,11.012927808767914,0.8954896978690551,9.162757017896608e+16,9.162757017896608,4912255144.997705,5003593400.891676,219.1084063072237,1.0,0.001999980673654,-9.663172989863786e-06,45,91,92,32.60718156900839,cone,Promweaver FAL-C tabulated boundary,45,10,1,0.005,0.001,,
ok,24,14000,0.05,0.005,0.998220213992324,9.217988926439331e+16,9.21798892643933,0.9120271636387756,7.69482963309981e+16,7.694829633099809,12388129469.049383,12410216999.617523,1664.8506845322236,1.0,0.0049999934106074,-1.3178785026810025e-06,45,91,113,30.23311563199968,cone,Promweaver FAL-C tabulated boundary,45,10,1,0.005,0.001,,
ok,24,14000,0.1,0.01,1.0192704481812136,9.236320124878978e+16,9.236320124878976,0.9331448126355014,7.741376744389789e+16,7.741376744389789,25045821415.35298,24572302140.265865,6791.591909856777,1.0000000000000002,0.0099999970289054,-2.971094554410358e-07,45,91,125,35.89038633000746,cone,Promweaver FAL-C tabulated boundary,45,10,1,0.005,0.001,,
ok,24,14000,0.2,0.02,1.035824240232234,9.855436249959136e+16,9.855436249959135,0.9498096038309112,8.28660859200301e+16,8.28660859200301,50508066522.65248,48761232418.4733,25884.84892150021,1.0,0.0199999983903105,-8.048447030367667e-08,45,91,132,24.78408868299448,cone,Promweaver FAL-C tabulated boundary,45,10,1,0.005,0.001,,
ok,25,6000,0.01,0.001,0.715411897335426,7.086313818952196e+16,7.086313818952196,0.7147790855162954,7.073783080007755e+16,7.073783080007755,4793807505.718142,6700765703.747489,324.2954092777897,1.0,0.0010000280881349,2.808813492644752e-05,45,91,63,22.649888823987567,cone,Promweaver FAL-C tabulated boundary,45,10,1,0.005,0.001,,
ok,25,6000,0.02,0.002,0.5725892230587416,6.309104796545617e+16,6.309104796545617,0.5720300101846749,6.296787380749523e+16,6.296787380749524,8334265133.186922,14555399922.942513,1100.9481939226337,1.0000000000000002,0.0020000503955513,2.5197775657898398e-05,45,91,65,18.356038618003367,cone,Promweaver FAL-C tabulated boundary,45,10,1,0.005,0.001,,
ok,25,6000,0.05,0.005,0.3404075020210025,5.823374681831106e+16,5.8233746818311065,0.3399086122871447,5.806318107399298e+16,5.806318107399298,14402874060.171747,42310683444.58259,3562.243416010796,1.0,0.0050000945756708,1.8915134159837307e-05,45,91,66,19.310058888993808,cone,Promweaver FAL-C tabulated boundary,45,10,1,0.005,0.001,,
ok,25,6000,0.1,0.01,0.2044104481473542,5.72982645032918e+16,5.72982645032918,0.2039373095221037,5.703332063925102e+16,5.703332063925102,19120059602.128723,93537584675.4446,6380.2400012997305,0.9999999999999998,0.0100000819827654,8.198276542706327e-06,45,91,66,23.550562552001796,cone,Promweaver FAL-C tabulated boundary,45,10,1,0.005,0.001,,
ok,25,6000,0.2,0.02,0.1193972898700801,5.711975984454895e+16,5.711975984454895,0.1189420837892183,5.668504819045649e+16,5.668504819045649,23911300531.301632,200266694137.8673,10009.676067515697,1.0,0.020000099547423,4.977371150828579e-06,45,91,66,23.551551234995717,cone,Promweaver FAL-C tabulated boundary,45,10,1,0.005,0.001,,
ok,25,8000,0.01,0.001,0.7992553897200968,9.131606049858266e+16,9.131606049858265,0.7981692594357065,9.10680452833326e+16,9.10680452833326,3837876840.033141,4801815401.429053,161.3001980028627,1.0,0.0009999711366403,-2.886335960560274e-05,45,91,95,27.6903640320088,cone,Promweaver FAL-C tabulated boundary,45,10,1,0.005,0.001,,
ok,25,8000,0.02,0.002,0.6830025047844648,8.11590035970892e+16,8.11590035970892,0.6819464256599543,8.09082166236491e+16,8.09082166236491,6990330516.00016,10234706998.923964,602.0862573117596,0.9999999999999998,0.0019999448603941,-2.756980292629649e-05,45,91,97,22.965179131002515,cone,Promweaver FAL-C tabulated boundary,45,10,1,0.005,0.001,,
ok,25,8000,0.05,0.005,0.4818719824131463,7.392817605431155e+16,7.392817605431155,0.4808394932303675,7.36117091498651e+16,7.36117091498651,13911203031.15499,28869084609.3389,2617.6970690017374,1.0,0.0049999153884967,-1.6922300644442442e-05,45,91,99,30.224432282993803,cone,Promweaver FAL-C tabulated boundary,45,10,1,0.005,0.001,,
ok,25,8000,0.1,0.01,0.347934717480908,7.21018103822251e+16,7.21018103822251,0.3469145132937654,7.167960057101297e+16,7.167960057101297,21965587275.424908,63131346691.869606,6691.746320883693,1.0,0.009999942121243,-5.787875698506916e-06,45,91,99,31.231025253990083,cone,Promweaver FAL-C tabulated boundary,45,10,1,0.005,0.001,,
ok,25,8000,0.2,0.02,0.273271555518047,7.1698815585186296e+16,7.16988155851863,0.2722634636354298,7.1170801052871496e+16,7.117080105287149,36399220282.85768,133197984012.11154,18478.7325479019,1.0,0.0199999777469397,-1.1126530120864062e-06,45,91,100,35.41255921901029,cone,Promweaver FAL-C tabulated boundary,45,10,1,0.005,0.001,,
ok,25,10000,0.01,0.001,0.8960417477074125,1.1435674082950224e+17,11.435674082950223,0.8489187617003143,1.026449397999426e+17,10.264493979994262,3274040082.940047,3653892345.21373,93.73595633229736,1.0,0.0009999738149746,-2.618502534983483e-05,45,91,110,31.52212589400005,cone,Promweaver FAL-C tabulated boundary,45,10,1,0.005,0.001,,
ok,25,10000,0.02,0.002,0.8034876874450765,9.672910166272189e+16,9.672910166272189,0.7696280931552506,8.874839882705296e+16,8.874839882705295,6159330281.978396,7665743207.047496,392.2020247306466,1.0,0.0019999543345237,-2.283273810342948e-05,45,91,125,37.74495497099997,cone,Promweaver FAL-C tabulated boundary,45,10,1,0.005,0.001,,
ok,25,10000,0.05,0.005,0.7174832226629627,8.378176274298384e+16,8.378176274298385,0.6984307288575522,7.939125564736722e+16,7.939125564736722,14405994942.923977,20078511229.09279,2477.0628296780574,1.0,0.0049999661008671,-6.779826574113133e-06,45,91,135,47.06872215599287,cone,Promweaver FAL-C tabulated boundary,45,10,1,0.005,0.001,,
ok,25,10000,0.1,0.01,0.7195197575802027,8.343098819499504e+16,8.343098819499504,0.7084166675494958,8.087596602262253e+16,8.087596602262252,28861343369.50678,40111953932.39732,9984.025829176777,1.0000000000000002,0.0099999877148887,-1.228511124079512e-06,45,91,136,47.633196434006095,cone,Promweaver FAL-C tabulated boundary,45,10,1,0.005,0.001,,
ok,25,10000,0.2,0.02,0.7302799969577454,8.611452062202645e+16,8.611452062202645,0.7239309130621211,8.462366343761142e+16,8.462366343761142,58238929752.41041,79748767589.18013,39386.77140866117,1.0,0.019999998488341,-7.558294823351018e-08,45,91,133,46.319364156996016,cone,Promweaver FAL-C tabulated boundary,45,10,1,0.005,0.001,,
ok,25,12000,0.01,0.001,0.97252160134988,1.3143437152606834e+17,13.143437152606834,0.8867384650071678,1.0927014899507682e+17,10.927014899507682,2851244131.885344,2931805450.827785,61.85287003101929,1.0,0.0009999784553508,-2.1544649141764724e-05,45,91,94,27.572652199000004,cone,Promweaver FAL-C tabulated boundary,45,10,1,0.005,0.001,,
ok,25,12000,0.02,0.002,0.927989105427356,1.061176647745701e+17,10.61176647745701,0.842593314230327,8.748587636868122e+16,8.748587636868121,5561713735.084798,5993296367.982173,291.493972626917,1.0000000000000002,0.0019999708266309,-1.4586684534941344e-05,45,91,113,21.65359732499928,cone,Promweaver FAL-C tabulated boundary,45,10,1,0.005,0.001,,
ok,25,12000,0.05,0.005,0.9296172028719129,8.979727744981158e+16,8.979727744981158,0.8453874417643383,7.426196728093765e+16,7.426196728093765,13917601515.435524,14971325264.247677,2157.076889671999,1.0,0.0049999891843079,-2.163138411621912e-06,45,91,132,46.20946704300877,cone,Promweaver FAL-C tabulated boundary,45,10,1,0.005,0.001,,
ok,25,12000,0.1,0.01,0.9572585339661192,9.083901394662947e+16,9.083901394662949,0.8749565541431731,7.589040931781269e+16,7.589040931781269,28275183656.392166,29537666840.369923,8801.130440192002,1.0,0.0099999958567205,-4.143279408799771e-07,45,91,141,49.38857611900312,cone,Promweaver FAL-C tabulated boundary,45,10,1,0.005,0.001,,
ok,25,12000,0.2,0.02,0.9788588178775668,9.74792509476492e+16,9.74792509476492,0.9001830135473221,8.243918611030534e+16,8.243918611030534,57221559387.04756,58457418314.03178,33589.78271636354,1.0,0.0199999983718168,-8.140915996879272e-08,45,91,144,26.861131499987096,cone,Promweaver FAL-C tabulated boundary,45,10,1,0.005,0.001,,
ok,25,14000,0.01,0.001,1.0022086335513622,1.4210634256639042e+17,14.21063425663904,0.9159068289140956,1.1868607748776368e+17,11.868607748776368,2482735284.586193,2477263916.3848863,43.37578732947509,1.0,0.0009999828574257,-1.7142574244670417e-05,45,91,74,26.55628230299044,cone,Promweaver FAL-C tabulated boundary,45,10,1,0.005,0.001,,
ok,25,14000,0.02,0.002,0.9813492893045976,1.0964985131544483e+17,10.964985131544482,0.8950935057060337,9.122158938193278e+16,9.122158938193278,4911213713.782873,5004552168.43643,219.973122198402,1.0,0.0019999806618593,-9.669070343649652e-06,45,91,92,26.99488397999085,cone,Promweaver FAL-C tabulated boundary,45,10,1,0.005,0.001,,
ok,25,14000,0.05,0.005,0.99799635809389,9.172319414862666e+16,9.172319414862663,0.9118032986145608,7.65638167619704e+16,7.65638167619704,12386681678.686457,12411549980.346855,1672.7490187540964,1.0,0.0049999934170568,-1.316588632213622e-06,45,91,113,23.91457356300089,cone,Promweaver FAL-C tabulated boundary,45,10,1,0.005,0.001,,
ok,25,14000,0.1,0.01,1.019116420397736,9.1909032836655e+16,9.1909032836655,0.9329907755662824,7.703095773532624e+16,7.703095773532624,25043868746.35224,24574099921.35956,6824.088366800675,1.0,0.0099999970289022,-2.971097772322406e-07,45,91,125,43.76203658099985,cone,Promweaver FAL-C tabulated boundary,45,10,1,0.005,0.001,,
ok,25,14000,0.2,0.02,1.035707910392521,9.80760304788467e+16,9.80760304788467,0.949693262002984,8.246221704422622e+16,8.246221704422622,50505162897.66864,48763905721.76646,26008.102763398463,1.0,0.0199999983897006,-8.051497021183128e-08,45,91,132,36.81828608700016,cone,Promweaver FAL-C tabulated boundary,45,10,1,0.005,0.001,,
ok,26,6000,0.01,0.001,0.7137461846747505,7.055343226585593e+16,7.055343226585593,0.7131131745789308,7.042834233529483e+16,7.042834233529483,4787072305.59314,6706967278.255334,324.80434364448297,1.0,0.0010000281437403,2.8143740304605383e-05,45,91,63,22.854618149998718,cone,Promweaver FAL-C tabulated boundary,45,10,1,0.005,0.001,,
ok,26,6000,0.02,0.002,0.5703474583061643,6.27726919582248e+16,6.27726919582248,0.5697879293642047,6.264958836953314e+16,6.264958836953315,8312869870.997762,14575097600.479507,1100.857766911301,1.0,0.002000050351598,2.5175799024494683e-05,45,91,65,20.535286013997396,cone,Promweaver FAL-C tabulated boundary,45,10,1,0.005,0.001,,
ok,26,6000,0.05,0.005,0.3383855266602636,5.7923213696093e+16,5.7923213696093,0.3378861946347701,5.775239329408545e+16,5.775239329408545,14337643536.148586,42370735171.96693,3548.974738318588,1.0,0.0050000941583211,1.883166422661508e-05,45,91,66,15.941799278996768,cone,Promweaver FAL-C tabulated boundary,45,10,1,0.005,0.001,,
ok,26,6000,0.1,0.01,0.2031369253950296,5.699709378204514e+16,5.699709378204514,0.2026633409895134,5.673164258790238e+16,5.673164258790238,19019688722.551857,93629893657.02605,6346.78954835978,1.0000000000000002,0.0100000729520532,7.295205327328967e-06,45,91,67,23.265984105004463,cone,Promweaver FAL-C tabulated boundary,45,10,1,0.005,0.001,,
ok,26,6000,0.2,0.02,0.1186676597043353,5.682039481171179e+16,5.682039481171179,0.1182120338040463,5.638490727714903e+16,5.638490727714904,23779563522.56596,200387903341.26056,9951.842876093422,1.0,0.0200000925042149,4.625210744783891e-06,45,91,67,23.688024053000845,cone,Promweaver FAL-C tabulated boundary,45,10,1,0.005,0.001,,
ok,26,8000,0.01,0.001,0.7979293773038676,9.100249855347133e+16,9.100249855347132,0.796843188353298,9.075491115101091e+16,9.075491115101093,3834205091.7344265,4805193543.1803055,161.54642915484462,1.0,0.0009999708535909,-2.9146409034333173e-05,45,91,95,27.720903495006496,cone,Promweaver FAL-C tabulated boundary,45,10,1,0.005,0.001,,
ok,26,8000,0.02,0.002,0.6811080503987758,8.077151182317709e+16,8.077151182317708,0.6800519013345059,8.052121198655651e+16,8.052121198655652,6978412053.274913,10245675483.044409,602.9134986590508,0.9999999999999998,0.0019999443094025,-2.7845298742777344e-05,45,91,97,34.46485080099956,cone,Promweaver FAL-C tabulated boundary,45,10,1,0.005,0.001,,
ok,26,8000,0.05,0.005,0.4796418828990823,7.353116028562598e+16,7.3531160285625985,0.4786093002067584,7.321490235415038e+16,7.321490235415038,13866541753.52492,28910197895.37952,2614.9591473240685,1.0,0.0049999147395817,-1.705208365048588e-05,45,91,99,21.971286008993047,cone,Promweaver FAL-C tabulated boundary,45,10,1,0.005,0.001,,
ok,26,8000,0.1,0.01,0.3463031543136486,7.171415947753781e+16,7.171415947753781,0.3452828605796109,7.129220709841464e+16,7.129220709841464,21887485666.60479,63203252393.07863,6680.159570940537,1.0,0.009999942025203,-5.797479695444917e-06,45,91,99,28.78460127400467,cone,Promweaver FAL-C tabulated boundary,45,10,1,0.005,0.001,,
ok,26,8000,0.2,0.02,0.2721907451922014,7.131292255342434e+16,7.1312922553424345,0.2711825797380069,7.0785629983007256e+16,7.078562998300725,36284117315.78539,133304008151.21092,18461.410951141264,1.0,0.0199999838975265,-8.051236710313047e-07,45,91,100,35.103663543006405,cone,Promweaver FAL-C tabulated boundary,45,10,1,0.005,0.001,,
ok,26,10000,0.01,0.001,0.8950240159059184,1.1401661763142467e+17,11.401661763142467,0.847887872062643,1.023235554725122e+17,10.23235554725122,3272000478.9688125,3655768360.2009096,93.89848038626089,1.0000000000000002,0.0009999735442483,-2.645575166511545e-05,45,91,110,38.48472649700125,cone,Promweaver FAL-C tabulated boundary,45,10,1,0.005,0.001,,
ok,26,10000,0.02,0.002,0.8021361593619531,9.627384154183024e+16,9.627384154183025,0.7682570524123249,8.831311921002286e+16,8.831311921002287,6153369851.691198,7671228606.108223,393.2943770115433,1.0,0.0019999539981283,-2.3000935831527305e-05,45,91,125,43.55761220700515,cone,Promweaver FAL-C tabulated boundary,45,10,1,0.005,0.001,,
ok,26,10000,0.05,0.005,0.7163504809779265,8.333149695721002e+16,8.333149695721001,0.6972844677347606,7.895471175208352e+16,7.895471175208352,14392296418.794847,20091138068.543198,2485.7131309283764,1.0000000000000002,0.0049999683349232,-6.333015340788394e-06,45,91,136,26.28114865999669,cone,Promweaver FAL-C tabulated boundary,45,10,1,0.005,0.001,,
ok,26,10000,0.1,0.01,0.7187219182344133,8.299075083913266e+16,8.299075083913266,0.7076129114033402,8.044506599923795e+16,8.044506599923794,28842084408.87225,40129685316.575134,10023.596902514848,1.0,0.0099999877247662,-1.2275233792977125e-06,45,91,136,27.06938543698925,cone,Promweaver FAL-C tabulated boundary,45,10,1,0.005,0.001,,
ok,26,10000,0.2,0.02,0.7295027851751802,8.565219592209035e+16,8.565219592209035,0.7231505375599747,8.416703335744133e+16,8.416703335744133,58201843254.68868,79782893825.02124,39548.951685075255,1.0,0.0199999957111629,-2.1444185038799185e-07,45,91,133,46.5903981320007,cone,Promweaver FAL-C tabulated boundary,45,10,1,0.005,0.001,,
ok,26,12000,0.01,0.001,0.9717637145050964,1.3100851862094914e+17,13.100851862094911,0.8859804088995556,1.088996330223633e+17,10.88996330223633,2850070801.960184,2932884567.944255,62.00286562806045,1.0,0.0009999782496708,-2.175032918941104e-05,45,91,94,27.601813679997576,cone,Promweaver FAL-C tabulated boundary,45,10,1,0.005,0.001,,
ok,26,12000,0.02,0.002,0.927163374217738,1.055745396703285e+17,10.557453967032847,0.8417672044741844,8.702232149224782e+16,8.702232149224782,5559043607.5641165,5995754105.639006,292.7122952872764,1.0,0.0019999707200341,-1.4639982927984116e-05,45,91,113,32.894204019001336,cone,Promweaver FAL-C tabulated boundary,45,10,1,0.005,0.001,,
ok,26,12000,0.05,0.005,0.9291537050490948,8.931217388547019e+16,8.931217388547019,0.8449234297063799,7.385335698691446e+16,7.3853356986914465,13913861652.050297,14974768519.397026,2167.627744910272,1.0,0.0049999891918508,-2.161629840055634e-06,45,91,132,32.74042050499702,cone,Promweaver FAL-C tabulated boundary,45,10,1,0.005,0.001,,
ok,26,12000,0.1,0.01,0.956953857217132,9.036849882602728e+16,9.036849882602729,0.874651249995923,7.549269260415366e+16,7.549269260415366,28270399388.625267,29542071621.757133,8843.961025965385,1.0,0.0099999958579977,-4.142002288029522e-07,45,91,141,49.21237049800402,cone,Promweaver FAL-C tabulated boundary,45,10,1,0.005,0.001,,
ok,26,12000,0.2,0.02,0.9786096499342948,9.69825729506282e+16,9.69825729506282,0.899932928621394,8.201532303733173e+16,8.201532303733172,57213897195.03504,58464472733.20519,33752.76539539195,1.0000000000000002,0.0199999983719628,-8.140185938504407e-08,45,91,144,27.17790979599522,cone,Promweaver FAL-C tabulated boundary,45,10,1,0.005,0.001,,
ok,26,14000,0.01,0.001,1.0016717758027962,1.4159273430231309e+17,14.159273430231307,0.915369950533052,1.1824516668532323e+17,11.824516668532324,2482043046.4540443,2477900552.269026,43.50885456663036,1.0,0.0009999827119034,-1.7288096550030843e-05,45,91,74,27.11569749699265,cone,Promweaver FAL-C tabulated boundary,45,10,1,0.005,0.001,,
ok,26,14000,0.02,0.002,0.980873249224156,1.0906041776841955e+17,10.906041776841954,0.8946174494223544,9.07227290118038e+16,9.07227290118038,4909961812.759014,5005704678.604152,221.0492632986467,1.0,0.0019999806432445,-9.678377745937772e-06,45,91,92,26.739655099998345,cone,Promweaver FAL-C tabulated boundary,45,10,1,0.005,0.001,,
ok,26,14000,0.05,0.005,0.997749765373434,9.122718021671645e+16,9.122718021671645,0.9115566958384728,7.614622077182147e+16,7.614622077182148,12385086481.42,12413018685.887194,1681.410811863998,1.0,0.0049999934256871,-1.3148625745487694e-06,45,91,113,25.144827187003106,cone,Promweaver FAL-C tabulated boundary,45,10,1,0.005,0.001,,
ok,26,14000,0.1,0.01,1.0189516721214562,9.142975210400352e+16,9.142975210400351,0.9328260173562242,7.662697309680078e+16,7.662697309680079,25041779854.75527,24576023122.48854,6858.716379113617,1.0,0.0099999970294801,-2.97051987695196e-07,45,91,125,43.8253988600045,cone,Promweaver FAL-C tabulated boundary,45,10,1,0.005,0.001,,
ok,26,14000,0.2,0.02,1.0355848366730358,9.757554324931738e+16,9.757554324931736,0.9495701755987712,8.203963959033277e+16,8.203963959033278,50502090597.38698,48766734321.4798,26138.323905509234,1.0,0.0199999983892241,-8.05387950775227e-08,45,91,132,45.87079221699969,cone,Promweaver FAL-C tabulated boundary,45,10,1,0.005,0.001,,
ok,27,6000,0.01,0.001,0.7117464929975175,7.020198813917411e+16,7.020198813917411,0.7111132439650498,7.007712467924911e+16,7.007712467924911,4778970205.987796,6714427472.4293785,325.32634523743155,1.0,0.0010000282123187,2.8212318792545862e-05,45,91,63,22.627576985003543,cone,Promweaver FAL-C tabulated boundary,45,10,1,0.005,0.001,,
ok,27,6000,0.02,0.002,0.5676789892449601,6.241841666911757e+16,6.241841666911757,0.5671190814973694,6.229534951079831e+16,6.229534951079831,8287327133.37411,14598615221.600237,1100.3129313521838,1.0,0.0020000504381597,2.5219079885594603e-05,45,91,65,15.85590999800479,cone,Promweaver FAL-C tabulated boundary,45,10,1,0.005,0.001,,
ok,27,6000,0.05,0.005,0.3360646548988596,5.759214703474772e+16,5.759214703474772,0.3355648099497955,5.742095535994639e+16,5.742095535994639,14262541586.408417,42439873930.51138,3532.0803786199835,1.0,0.0050000936166225,1.8723324512158465e-05,45,91,66,23.60034825699404,cone,Promweaver FAL-C tabulated boundary,45,10,1,0.005,0.001,,
ok,27,6000,0.1,0.01,0.2016946725227154,5.668182304694089e+16,5.6681823046940885,0.2012205774686715,5.641566838005093e+16,5.641566838005093,18905799382.623383,93734748400.42766,6305.888397414434,1.0000000000000004,0.0100000728830816,7.288308164626887e-06,45,91,67,19.64437527200789,cone,Promweaver FAL-C tabulated boundary,45,10,1,0.005,0.001,,
ok,27,6000,0.2,0.02,0.1178385716415976,5.650766501508991e+16,5.650766501508992,0.1173824636007386,5.6071072477510936e+16,5.6071072477510935,23629685069.603363,200525895217.67395,9881.173046869484,1.0,0.0200000926796846,4.6339842308881765e-06,45,91,67,23.770078085988644,cone,Promweaver FAL-C tabulated boundary,45,10,1,0.005,0.001,,
ok,27,8000,0.01,0.001,0.7963434868804712,9.063447878208893e+16,9.06344787820889,0.7952572275305914,9.038738590298525e+16,9.038738590298523,3829806869.169361,4809239897.436625,161.8304739237424,1.0,0.0009999704941204,-2.9505879595723497e-05,45,91,95,33.84155207700678,cone,Promweaver FAL-C tabulated boundary,45,10,1,0.005,0.001,,
ok,27,8000,0.02,0.002,0.6788584587547898,8.033671544969474e+16,8.033671544969474,0.6778022261970172,8.008691892380882e+16,8.008691892380881,6964225962.735185,10258730480.444277,603.7145405876698,1.0,0.0019999436091989,-2.819540054124076e-05,45,91,97,28.211451114009837,cone,Promweaver FAL-C tabulated boundary,45,10,1,0.005,0.001,,
ok,27,8000,0.05,0.005,0.4770424298792054,7.309976089182226e+16,7.309976089182226,0.4760097373224958,7.278361345909646e+16,7.278361345909646,13814322132.794443,28958267163.55701,2610.617239514984,1.0,0.0049999137517881,-1.7249642369696058e-05,45,91,99,28.869175287996768,cone,Promweaver FAL-C tabulated boundary,45,10,1,0.005,0.001,,
ok,27,8000,0.1,0.01,0.3444699885309059,7.13057878174386e+16,7.13057878174386,0.3434495934322114,7.088396697252805e+16,7.088396697252805,21799529765.501823,63284264206.79596,6664.52910125172,1.0000000000000002,0.0099999459449619,-5.405503806892031e-06,45,91,100,35.36032428799081,cone,Promweaver FAL-C tabulated boundary,45,10,1,0.005,0.001,,
ok,27,8000,0.2,0.02,0.271008421020497,7.090857099147552e+16,7.090857099147552,0.2700001746916539,7.038194295507725e+16,7.038194295507725,36157982380.64957,133420143346.4492,18437.82312291327,1.0000000000000002,0.019999984548285,-7.725857490217812e-07,45,91,100,35.42767216000357,cone,Promweaver FAL-C tabulated boundary,45,10,1,0.005,0.001,,
ok,27,10000,0.01,0.001,0.8938073436325693,1.1360849189874206e+17,11.360849189874209,0.8466554428047314,1.0193806064553027e+17,10.193806064553026,3269559371.02094,3658013546.5579767,94.09524149091538,1.0000000000000002,0.0009999732008117,-2.679918826328613e-05,45,91,110,32.49392641399754,cone,Promweaver FAL-C tabulated boundary,45,10,1,0.005,0.001,,
ok,27,10000,0.02,0.002,0.800551749744286,9.575594217015702e+16,9.575594217015702,0.7666497029210475,8.781745665830955e+16,8.781745665830956,6146371454.048607,7677669127.588433,394.52258726683294,1.0,0.0019999535849224,-2.3207538759869095e-05,45,91,125,36.11399154900573,cone,Promweaver FAL-C tabulated boundary,45,10,1,0.005,0.001,,
ok,27,10000,0.05,0.005,0.7150722646850282,8.284415302063237e+16,8.284415302063238,0.6959909620781879,7.848184338787309e+16,7.848184338787309,14376810445.1477,20105395153.98536,2494.95795465772,1.0,0.0049999682564286,-6.348714270618116e-06,45,91,136,47.564962310003466,cone,Promweaver FAL-C tabulated boundary,45,10,1,0.005,0.001,,
ok,27,10000,0.1,0.01,0.7178455320716578,8.2524681443598e+16,8.2524681443598,0.7067300118553472,7.998875220755789e+16,7.998875220755789,28820909784.73069,40149180425.42569,10065.411053871134,0.9999999999999998,0.0099999877367041,-1.2263295847553255e-06,45,91,136,47.41141828599211,cone,Promweaver FAL-C tabulated boundary,45,10,1,0.005,0.001,,
ok,27,10000,0.2,0.02,0.7286717673060972,8.51660003557829e+16,8.51660003557829,0.7223161286673357,8.368680562065387e+16,8.368680562065387,58162162760.78079,79819426757.54622,39720.512444868575,1.0000000000000002,0.0199999957021395,-2.1489302472893485e-07,45,91,133,25.37702421400172,cone,Promweaver FAL-C tabulated boundary,45,10,1,0.005,0.001,,
ok,27,12000,0.01,0.001,0.9708614494414228,1.3049418404812326e+17,13.049418404812329,0.8850779421684247,1.0845252750010478e+17,10.84525275001048,2848672789.756974,2934170258.172199,62.18619413804052,0.9999999999999998,0.0009999779923232,-2.2007676755845043e-05,45,91,94,33.007878725999035,cone,Promweaver FAL-C tabulated boundary,45,10,1,0.005,0.001,,
ok,27,12000,0.02,0.002,0.926210623817413,1.0495720971517994e+17,10.495720971517994,0.8408140169087068,8.649532728417712e+16,8.649532728417713,5555960000.447892,5998592390.949681,294.107394912123,1.0,0.0019999705892737,-1.4705363113624512e-05,45,91,113,33.12109797001176,cone,Promweaver FAL-C tabulated boundary,45,10,1,0.005,0.001,,
ok,27,12000,0.05,0.005,0.9286417736549788,8.879081062156173e+16,8.879081062156173,0.8444109300590462,7.34140666044288e+16,7.34140666044288,13909728989.537895,14978573422.11898,2179.0606393608778,1.0,0.0049999892004215,-2.1599156879714694e-06,45,91,132,25.15166341800068,cone,Promweaver FAL-C tabulated boundary,45,10,1,0.005,0.001,,
ok,27,12000,0.1,0.01,0.9566249557464794,8.987069031848426e+16,8.987069031848426,0.874321671021644,7.507185566311646e+16,7.507185566311646,28265233125.24581,29546828101.708588,8889.699197739148,1.0,0.0099999958598635,-4.1401364645615713e-07,45,91,141,41.46752891999495,cone,Promweaver FAL-C tabulated boundary,45,10,1,0.005,0.001,,
ok,27,12000,0.2,0.02,0.9783433974159924,9.64592797146495e+16,9.64592797146495,0.8996656959774787,8.156872995719229e+16,8.15687299571923,57205707589.64169,58472012731.65825,33926.16024619338,1.0,0.0199999983722741,-8.138629197657064e-08,45,91,144,49.83116585499374,cone,Promweaver FAL-C tabulated boundary,45,10,1,0.005,0.001,,
ok,27,14000,0.01,0.001,1.0010356810465222,1.4097428247321667e+17,14.097428247321668,0.9147338313070384,1.1771458086453491e+17,11.771458086453492,2481222374.3082123,2478655278.0159087,43.67083387664933,1.0,0.0009999825334992,-1.7466500716037045e-05,45,91,74,14.37094543701096,cone,Promweaver FAL-C tabulated boundary,45,10,1,0.005,0.001,,
ok,27,14000,0.02,0.002,0.98031140595543,1.0840533700504858e+17,10.840533700504858,0.8940555869663497,9.016782530794355e+16,9.016782530794355,4908486890.61194,5007069040.299534,222.2514520128029,1.0,0.0019999819936172,-9.003191369077318e-06,45,91,93,33.065063549001934,cone,Promweaver FAL-C tabulated boundary,45,10,1,0.005,0.001,,
ok,27,14000,0.05,0.005,0.9974812644725268,9.069598399640598e+16,9.0695983996406,0.9112881839850416,7.569898231339678e+16,7.569898231339678,12383349134.694618,12414618274.80338,1690.7841894941969,1.0,0.0049999934362848,-1.3127430292109164e-06,45,91,113,39.82230434699159,cone,Promweaver FAL-C tabulated boundary,45,10,1,0.005,0.001,,
ok,27,14000,0.1,0.01,1.0187752066643114,9.092297805167629e+16,9.092297805167629,0.9326495412568002,7.619980840744307e+16,7.619980840744307,25039542036.01645,24578083440.01743,6895.711940023457,1.0,0.0099999970305462,-2.969453705495284e-07,45,91,125,36.59334313799627,cone,Promweaver FAL-C tabulated boundary,45,10,1,0.005,0.001,,
ok,27,14000,0.2,0.02,1.0354537322559303,9.704807332331256e+16,9.704807332331256,0.9494390576675148,8.15942790315049e+16,8.15942790315049,50498817434.28823,48769747851.7626,26276.98289038561,1.0,0.0199999983888349,-8.055825364422507e-08,45,91,132,38.187480677996064,cone,Promweaver FAL-C tabulated boundary,45,10,1,0.005,0.001,,
ok,28,6000,0.01,0.001,0.709769149177866,6.983458016050432e+16,6.983458016050432,0.7091356633174728,6.970997774048829e+16,6.970997774048829,4770931743.929883,6721807716.573916,325.938663237085,1.0,0.0010000263589733,2.635897333497401e-05,45,91,64,12.505120779998832,cone,Promweaver FAL-C tabulated boundary,45,10,1,0.005,0.001,,
ok,28,6000,0.02,0.002,0.565039631078326,6.206651656854256e+16,6.206651656854256,0.5644793458888585,6.1943489060690856e+16,6.194348906069085,8261981910.557983,14621951197.990755,1099.793396895485,1.0,0.002000050542985,2.527149253620312e-05,45,91,65,23.346036548988195,cone,Promweaver FAL-C tabulated boundary,45,10,1,0.005,0.001,,
ok,28,6000,0.05,0.005,0.3337773344565222,5.72592929210629e+16,5.725929292106289,0.3332769784140116,5.70877500628431e+16,5.70877500628431,14188285108.50209,42508234214.29849,3515.716385070676,1.0,0.0050000930689229,1.8613784581213152e-05,45,91,66,23.657721166993724,cone,Promweaver FAL-C tabulated boundary,45,10,1,0.005,0.001,,
ok,28,6000,0.1,0.01,0.2002589400825388,5.6361356328187896e+16,5.63613563281879,0.1997843308885776,5.609452259892313e+16,5.609452259892313,18792173638.776352,93839374317.2263,6265.743287183858,1.0,0.0100000740612513,7.40612513330796e-06,45,91,67,23.980973309997356,cone,Promweaver FAL-C tabulated boundary,45,10,1,0.005,0.001,,
ok,28,6000,0.2,0.02,0.1170065576292545,5.618950837049406e+16,5.618950837049407,0.11654996051151,5.575182506143917e+16,5.575182506143917,23479069968.151966,200664564823.34464,9810.848013378489,1.0000000000000002,0.0200000928112954,4.640564771167532e-06,45,91,67,13.053626225999324,cone,Promweaver FAL-C tabulated boundary,45,10,1,0.005,0.001,,
ok,28,8000,0.01,0.001,0.7946723083653008,9.027168953126147e+16,9.027168953126148,0.793585974384543,9.002505157950488e+16,9.002505157950488,3825171579.3748097,4813520666.453659,162.08777843456303,1.0,0.0009999720723804,-2.792761954030845e-05,45,91,96,33.89346469100565,cone,Promweaver FAL-C tabulated boundary,45,10,1,0.005,0.001,,
ok,28,8000,0.02,0.002,0.6766026815879015,7.989794308517307e+16,7.9897943085173075,0.6755463648179368,7.96486633869009e+16,7.96486633869009,6949964589.910277,10271854929.098986,604.5463241715206,1.0,0.0019999429258443,-2.8537077849215275e-05,45,91,97,28.50708950399712,cone,Promweaver FAL-C tabulated boundary,45,10,1,0.005,0.001,,
ok,28,8000,0.05,0.005,0.4744856899656349,7.266931585577656e+16,7.266931585577656,0.4734528884269619,7.235330506847531e+16,7.235330506847531,13762790129.937164,29005701164.42067,2606.525050223643,1.0,0.0049999125010159,-1.749979681008734e-05,45,91,99,29.3118753680028,cone,Promweaver FAL-C tabulated boundary,45,10,1,0.005,0.001,,
ok,28,8000,0.1,0.01,0.3426458383777979,7.089184854086487e+16,7.089184854086487,0.3416253416777143,7.04702052137095e+16,7.047020521370951,21711773591.66949,63365058494.393,6649.581329850393,1.0,0.0099999458288012,-5.417119874895348e-06,45,91,100,19.09986223799933,cone,Promweaver FAL-C tabulated boundary,45,10,1,0.005,0.001,,
ok,28,8000,0.2,0.02,0.2698139987149028,7.04971984631747e+16,7.049719846317471,0.268805670236062,6.997126943258847e+16,6.997126943258847,36030332144.67246,133537667861.12411,18414.701048489813,1.0,0.0199999845048992,-7.747550401573932e-07,45,91,100,35.107670321987825,cone,Promweaver FAL-C tabulated boundary,45,10,1,0.005,0.001,,
ok,28,10000,0.01,0.001,0.8925135967258455,1.1321530341533149e+17,11.32153034153315,0.8453448621865501,1.0156481640489174e+17,10.156481640489174,3266966103.7743115,3660410458.461429,94.27230419598,1.0000000000000002,0.0009999746022737,-2.5397726201000292e-05,45,91,111,38.90999974300212,cone,Promweaver FAL-C tabulated boundary,45,10,1,0.005,0.001,,
ok,28,10000,0.02,0.002,0.7989439917739601,9.522691566842669e+16,9.522691566842669,0.7650185946488524,8.731141577270773e+16,8.731141577270773,6139257921.797518,7684215645.912832,395.7965829911909,1.0,0.001999953170943,-2.341452845478452e-05,45,91,125,23.74715819999983,cone,Promweaver FAL-C tabulated boundary,45,10,1,0.005,0.001,,
ok,28,10000,0.05,0.005,0.7137991758164605,8.235436433216816e+16,8.235436433216815,0.6947025976814785,7.800678528206472e+16,7.800678528206472,14361364750.553684,20119615204.272003,2504.406404821022,1.0,0.0049999681852697,-6.36294604332288e-06,45,91,136,47.3364809610066,cone,Promweaver FAL-C tabulated boundary,45,10,1,0.005,0.001,,
ok,28,10000,0.1,0.01,0.7169611767921814,8.205256546699635e+16,8.205256546699635,0.7058390689748998,7.952657377494957e+16,7.9526573774949565,28799521749.16888,40168872013.43779,10108.306160329164,1.0,0.0099999877480083,-1.225199161916657e-06,45,91,136,28.55159989700769,cone,Promweaver FAL-C tabulated boundary,45,10,1,0.005,0.001,,
ok,28,10000,0.2,0.02,0.7278218619841633,8.46714276393862e+16,8.467142763938622,0.7214627474564577,8.319831140299496e+16,8.319831140299495,58121543473.66241,79856825563.35065,39896.738604055936,1.0,0.0199999959249851,-2.0375074197276355e-07,45,91,133,46.47505818300124,cone,Promweaver FAL-C tabulated boundary,45,10,1,0.005,0.001,,
ok,28,12000,0.01,0.001,0.969940231859122,1.2994672399103469e+17,12.994672399103468,0.8841565184961067,1.0797760594483613e+17,10.797760594483613,2847244149.929603,2935484122.0187144,62.38556079234174,1.0,0.0009999777305509,-2.2269449033961164e-05,45,91,94,28.722027202995378,cone,Promweaver FAL-C tabulated boundary,45,10,1,0.005,0.001,,
ok,28,12000,0.02,0.002,0.925240433020212,1.0432328754703016e+17,10.432328754703017,0.8398433805106631,8.595450928071027e+16,8.595450928071028,5552816953.360292,6001485403.350278,295.559858613785,1.0,0.0019999704588667,-1.47705666183294e-05,45,91,113,39.56655341699661,cone,Promweaver FAL-C tabulated boundary,45,10,1,0.005,0.001,,
ok,28,12000,0.05,0.005,0.9281221564336288,8.826171224439478e+16,8.826171224439479,0.8438907357494533,7.296834665450581e+16,7.29683466545058,13905532134.02126,14982437427.691835,2190.8007335601824,1.0,0.0049999892092996,-2.1581400768896915e-06,45,91,132,46.05358718300704,cone,Promweaver FAL-C tabulated boundary,45,10,1,0.005,0.001,,
ok,28,12000,0.1,0.01,0.956289274760549,8.936478399885282e+16,8.936478399885281,0.8739852983303491,7.464420458309832e+16,7.464420458309832,28259958655.59638,29551684204.209606,8936.688788127869,1.0,0.0099999958616073,-4.1383926303178987e-07,45,91,141,26.8341521609982,cone,Promweaver FAL-C tabulated boundary,45,10,1,0.005,0.001,,
ok,28,12000,0.2,0.02,0.9780704003479728,9.592666809789325e+16,9.592666809789325,0.8993916936676605,8.111419693323851e+16,8.111419693323851,57197308336.21501,58479745748.225945,34104.510724478096,1.0,0.0199999983725131,-8.137434111959994e-08,45,91,144,39.3072083700099,cone,Promweaver FAL-C tabulated boundary,45,10,1,0.005,0.001,,
ok,28,14000,0.01,0.001,1.0003508382097566,1.4038284905944528e+17,14.038284905944527,0.9140489619989663,1.1720558071138093e+17,11.720558071138091,2480341249.89976,2479471356.607865,43.82367758720435,1.0,0.000999983550885,-1.6449114996312797e-05,45,91,75,20.04489610999008,cone,Promweaver FAL-C tabulated boundary,45,10,1,0.005,0.001,,
ok,28,14000,0.02,0.002,0.9797585174571504,1.0772353208718658e+17,10.772353208718656,0.8935026796180199,8.959096367535758e+16,8.959096367535759,4907031378.402319,5008409001.779285,223.5255053569589,1.0,0.0019999819730696,-9.01346519860749e-06,45,91,93,32.980843523007934,cone,Promweaver FAL-C tabulated boundary,45,10,1,0.005,0.001,,
ok,28,14000,0.05,0.005,0.9972067038078928,9.015503079079949e+16,9.015503079079949,0.911013612116939,7.52435572814752e+16,7.52435572814752,12381572113.466389,12416254389.573015,1700.4411917589125,1.0,0.0049999934465417,-1.3106916496585794e-06,45,91,113,40.1866188319982,cone,Promweaver FAL-C tabulated boundary,45,10,1,0.005,0.001,,
ok,28,14000,0.1,0.01,1.018594205805491,9.04068679898086e+16,9.04068679898086,0.932468529480046,7.57647837653489e+16,7.576478376534889,25037246311.99832,24580197068.958576,6933.806212137984,1.0,0.0099999970314538,-2.96854614154074e-07,45,91,125,36.962211262987694,cone,Promweaver FAL-C tabulated boundary,45,10,1,0.005,0.001,,
ok,28,14000,0.2,0.02,1.035318873843761,9.651064043097938e+16,9.651064043097938,0.949304185351192,8.114050872516563e+16,8.114050872516563,50495450398.98016,48772848322.09133,26419.78645680397,1.0,0.0199999984963335,-7.51833239762134e-08,45,91,133,46.1487030510034,cone,Promweaver FAL-C tabulated boundary,45,10,1,0.005,0.001,,
ok,29,6000,0.01,0.001,0.7084726650762176,6.957935053079034e+16,6.9579350530790345,0.7078390231423761,6.945494579207111e+16,6.945494579207111,4765657398.85435,6726663756.803742,326.4113601233585,1.0,0.0010000263645619,2.6364561943109308e-05,45,91,64,22.818297214005725,cone,Promweaver FAL-C tabulated boundary,45,10,1,0.005,0.001,,
ok,29,6000,0.02,0.002,0.563281388185527,6.178352016154379e+16,6.17835201615438,0.5627208500189047,6.166061608495073e+16,6.166061608495073,8245052745.674476,14637538038.020205,1100.3078911853245,1.0,0.0020000505893645,2.529468225761361e-05,45,91,65,18.514375587998074,cone,Promweaver FAL-C tabulated boundary,45,10,1,0.005,0.001,,
ok,29,6000,0.05,0.005,0.3320092302177954,5.695165426592104e+16,5.695165426592104,0.3315084752344142,5.677998844916319e+16,5.677998844916319,14130720712.627125,42561228503.66987,3506.083720166017,1.0,0.0050000927059429,1.8541188599209557e-05,45,91,66,19.26847454199742,cone,Promweaver FAL-C tabulated boundary,45,10,1,0.005,0.001,,
ok,29,6000,0.1,0.01,0.1990976225676902,5.605723328735865e+16,5.6057233287358645,0.1986225932893975,5.579005721847208e+16,5.579005721847208,18700077673.6154,93924163595.96486,6238.140637563496,1.0000000000000002,0.0100000739234669,7.392346691031946e-06,45,91,67,19.610220788003065,cone,Promweaver FAL-C tabulated boundary,45,10,1,0.005,0.001,,
ok,29,6000,0.2,0.02,0.1163397905960038,5.588716373211197e+16,5.588716373211197,0.1158827976852483,5.5448966693209576e+16,5.544896669320957,23358218236.2608,200775831867.99316,9762.641772054876,1.0,0.0200000929379337,4.64689668723539e-06,45,91,67,23.948136366001563,cone,Promweaver FAL-C tabulated boundary,45,10,1,0.005,0.001,,
ok,29,8000,0.01,0.001,0.7936016780142994,9.001767235722664e+16,9.001767235722664,0.7925152961685089,8.977138601059363e+16,8.977138601059362,3822193136.8332057,4816261410.128138,162.29213656269388,1.0,0.0009999718989693,-2.810103062267713e-05,45,91,96,34.253212131996406,cone,Promweaver FAL-C tabulated boundary,45,10,1,0.005,0.001,,
ok,29,8000,0.02,0.002,0.6751071415465414,7.95695153689365e+16,7.95695153689365,0.6740507686703633,7.9320697632877e+16,7.932069763287699,6940489756.485938,10280575229.268946,605.3876014769809,1.0,0.0019999425684746,-2.8715762655966492e-05,45,91,97,34.63763323400053,cone,Promweaver FAL-C tabulated boundary,45,10,1,0.005,0.001,,
ok,29,8000,0.05,0.005,0.4725812099040831,7.22873151409381e+16,7.22873151409381,0.4715483265793777,7.197167513307578e+16,7.197167513307578,13724295236.447369,29041136102.793648,2605.661579350886,1.0,0.0049999117215722,-1.765568554169816e-05,45,91,99,28.946801844998845,cone,Promweaver FAL-C tabulated boundary,45,10,1,0.005,0.001,,
ok,29,8000,0.1,0.01,0.3411444909049392,7.050235213198814e+16,7.050235213198814,0.3401239100018954,7.008114805618926e+16,7.008114805618926,21639378504.45892,63431710261.70486,6641.802548411425,1.0,0.0099999457255665,-5.427443345966398e-06,45,91,100,28.27516934700543,cone,Promweaver FAL-C tabulated boundary,45,10,1,0.005,0.001,,
ok,29,8000,0.2,0.02,0.2687798421769835,7.010824144701786e+16,7.010824144701785,0.2677714422010157,6.958316837070277e+16,6.958316837070277,35919628080.67894,133639590639.49052,18403.252667938377,1.0000000000000004,0.0199999844910661,-7.754466936626957e-07,45,91,100,19.89024114300264,cone,Promweaver FAL-C tabulated boundary,45,10,1,0.005,0.001,,
ok,29,10000,0.01,0.001,0.8916728816709335,1.1294399568306963e+17,11.294399568306964,0.8444932177943184,1.0130814485490723e+17,10.130814485490724,3265275529.5330186,3661965723.813555,94.40098359620347,1.0,0.000999974420724,-2.5579275909426782e-05,45,91,111,31.839985518003232,cone,Promweaver FAL-C tabulated boundary,45,10,1,0.005,0.001,,
ok,29,10000,0.02,0.002,0.7978313613221273,9.484227833316392e+16,9.484227833316393,0.7638897611104771,8.69443067131389e+16,8.69443067131389,6134328191.508588,7688752898.03484,396.7637958775055,1.0,0.0019999529540336,-2.3522983160504177e-05,45,91,125,43.5586957380001,cone,Promweaver FAL-C tabulated boundary,45,10,1,0.005,0.001,,
ok,29,10000,0.05,0.005,0.712819237622628,8.192849320296549e+16,8.192849320296549,0.6937108689608437,7.759489354924592e+16,7.759489354924592,14349460836.517187,20130574596.1277,2513.2529386160804,1.0,0.0049999681417227,-6.3716554558543295e-06,45,91,136,29.66337493399624,cone,Promweaver FAL-C tabulated boundary,45,10,1,0.005,0.001,,
ok,29,10000,0.1,0.01,0.7161853815410284,8.16134804766337e+16,8.16134804766337,0.7050574823591131,7.909700632258315e+16,7.909700632258315,28780741928.755764,40186162229.15322,10149.439787790876,1.0,0.0099999877527601,-1.224723981257947e-06,45,91,136,26.294056116006686,cone,Promweaver FAL-C tabulated boundary,45,10,1,0.005,0.001,,
ok,29,10000,0.2,0.02,0.7270305792868936,8.42061886578823e+16,8.42061886578823,0.7206682216725351,8.273883450383298e+16,8.273883450383298,58083691058.571785,79891675416.93094,40064.93134007684,1.0,0.0199999959151539,-2.0424230275789546e-07,45,91,133,47.59318086398707,cone,Promweaver FAL-C tabulated boundary,45,10,1,0.005,0.001,,
ok,29,12000,0.01,0.001,0.9692587971163236,1.2965887410278317e+17,12.965887410278317,0.8834749304865486,1.0772368571659096e+17,10.772368571659095,2846190863.3136024,2936461213.2295384,62.477809455511405,1.0,0.00099997905365,-2.0946349972876185e-05,45,91,95,33.32194486699882,cone,Promweaver FAL-C tabulated boundary,45,10,1,0.005,0.001,,
ok,29,12000,0.02,0.002,0.9244988352185808,1.0385837676505933e+17,10.385837676505933,0.8391014408577053,8.555742940641078e+16,8.555742940641078,5550418099.715149,6003704805.536997,296.6264449841647,1.0,0.001999972407452,-1.3796273983261371e-05,45,91,114,38.02939972099557,cone,Promweaver FAL-C tabulated boundary,45,10,1,0.005,0.001,,
ok,29,12000,0.05,0.005,0.9276887675801292,8.779724097269651e+16,8.779724097269652,0.8434568653398127,7.257750378096987e+16,7.257750378096987,13902030068.676497,14985661737.545732,2201.2814741010843,1.0,0.0049999892151037,-2.156979240705569e-06,45,91,132,25.401570832007565,cone,Promweaver FAL-C tabulated boundary,45,10,1,0.005,0.001,,
ok,29,12000,0.1,0.01,0.9559865574125012,8.889708219838864e+16,8.889708219838864,0.8736819569974966,7.424901036288302e+16,7.424901036288302,28255200643.396107,29556064804.794315,8980.681296343411,1.0000000000000002,0.0099999958614706,-4.138529369895893e-07,45,91,141,48.94436203599616,cone,Promweaver FAL-C tabulated boundary,45,10,1,0.005,0.001,,
ok,29,12000,0.2,0.02,0.9778155919851356,9.542763430328314e+16,9.542763430328314,0.8991359467750313,8.068837382705506e+16,8.068837382705505,57189466685.14768,58486965388.88598,34273.458873946875,1.0,0.0199999983721778,-8.139110930366343e-08,45,91,144,50.03662122199603,cone,Promweaver FAL-C tabulated boundary,45,10,1,0.005,0.001,,
ok,29,14000,0.01,0.001,0.9998952799162912,1.3996170965815464e+17,13.996170965815464,0.9135933861424084,1.16843913912074e+17,11.6843913912074,2479752879.6158867,2480012586.741569,43.93469013048036,1.0,0.000999983452219,-1.6547780930676464e-05,45,91,75,27.163612045013,cone,Promweaver FAL-C tabulated boundary,45,10,1,0.005,0.001,,
ok,29,14000,0.02,0.002,0.9793318925418252,1.0719409360935933e+17,10.71940936093593,0.8930760401463032,8.914314189432181e+16,8.914314189432181,4905907746.175005,5009443461.952287,224.5266507097785,1.0,0.0019999819637715,-9.018114205264565e-06,45,91,93,27.232213016002788,cone,Promweaver FAL-C tabulated boundary,45,10,1,0.005,0.001,,
ok,29,14000,0.05,0.005,0.9969655292632688,8.967244987681914e+16,8.967244987681914,0.9107724277280776,7.483736692791621e+16,7.483736692791621,12380010780.812311,12417691903.51126,1709.161143066405,1.0,0.0049999934524073,-1.3095185319791922e-06,45,91,113,32.06553991998953,cone,Promweaver FAL-C tabulated boundary,45,10,1,0.005,0.001,,
ok,29,14000,0.1,0.01,1.018427266699986,8.992837691415304e+16,8.992837691415303,0.9323015803029062,7.536150435175594e+16,7.5361504351755935,25035128587.13536,24582146811.77654,6969.520465967202,1.0,0.009999997031089,-2.968910912254374e-07,45,91,125,43.54174125599093,cone,Promweaver FAL-C tabulated boundary,45,10,1,0.005,0.001,,
ok,29,14000,0.2,0.02,1.0351924307050877,9.600716102124243e+16,9.600716102124244,0.9491777291753724,8.071542379915403e+16,8.071542379915403,50492292828.099686,48775755434.869736,26555.015354265848,1.0,0.019999998497164,-7.514179695133903e-08,45,91,133,25.549292668991257,cone,Promweaver FAL-C tabulated boundary,45,10,1,0.005,0.001,,
ok,30,6000,0.01,0.001,0.7056723768746003,6.909209292002477e+16,6.909209292002477,0.7050383963751404,6.8968003145364696e+16,6.89680031453647,4754239681.2469845,6737176963.484608,327.14011099514005,1.0,0.0010000264685045,2.6468504578641e-05,45,91,64,23.271756396003184,cone,Promweaver FAL-C tabulated boundary,45,10,1,0.005,0.001,,
ok,30,6000,0.02,0.002,0.5597255138550749,6.133101135417817e+16,6.133101135417816,0.5591644602429786,6.12081199054724e+16,6.12081199054724,8210705051.686098,14669163453.235094,1099.2102683007677,1.0,0.0020000507890022,2.539450112389388e-05,45,91,65,14.753361554001458,cone,Promweaver FAL-C tabulated boundary,45,10,1,0.005,0.001,,
ok,30,6000,0.05,0.005,0.3291283298195493,5.655137295499505e+16,5.655137295499505,0.3286269174726854,5.637919721166921e+16,5.637919721166921,14036618923.893236,42647859974.82826,3484.029839052648,1.0,0.0050000921608365,1.843216731380742e-05,45,91,66,19.598337179006197,cone,Promweaver FAL-C tabulated boundary,45,10,1,0.005,0.001,,
ok,30,6000,0.1,0.01,0.1973424191365155,5.56815088317117e+16,5.56815088317117,0.1968667475753638,5.541340439209006e+16,5.541340439209006,18560568520.653973,94052604614.18752,6186.878032545244,0.9999999999999998,0.010000073733391,7.373339109412179e-06,45,91,67,19.1480995430029,cone,Promweaver FAL-C tabulated boundary,45,10,1,0.005,0.001,,
ok,30,6000,0.2,0.02,0.1153239505242569,5.551566127614037e+16,5.551566127614037,0.1148663479023024,5.507596578191511e+16,5.507596578191511,23173838983.80061,200945587438.28564,9673.429099149023,1.0000000000000002,0.0200000930716931,4.653584658939613e-06,45,91,67,23.612547595999786,cone,Promweaver FAL-C tabulated boundary,45,10,1,0.005,0.001,,
ok,30,8000,0.01,0.001,0.7912944955692089,8.942474798591995e+16,8.942474798591995,0.7902080101801727,8.917934761759294e+16,8.917934761759295,3815762587.890218,4822177595.391197,162.81895621819535,0.9999999999999998,0.0009999713848631,-2.8615136880242448e-05,45,91,96,34.350607636995846,cone,Promweaver FAL-C tabulated boundary,45,10,1,0.005,0.001,,
ok,30,8000,0.02,0.002,0.6720182006866586,7.899762256865419e+16,7.8997622568654196,0.6709617111145632,7.874943119553173e+16,7.874943119553173,6920881500.853687,10298651872.49695,606.3296488097691,1.0000000000000002,0.0019999454160982,-2.729195085877066e-05,45,91,98,34.50466951201088,cone,Promweaver FAL-C tabulated boundary,45,10,1,0.005,0.001,,
ok,30,8000,0.05,0.005,0.4692408273174538,7.175390149006327e+16,7.175390149006327,0.4682077991915224,7.1438318519691576e+16,7.143831851969158,13656566529.127602,29103534334.808792,2599.1870196816503,1.0,0.0049999167412545,-1.665174909817185e-05,45,91,100,29.170500597989303,cone,Promweaver FAL-C tabulated boundary,45,10,1,0.005,0.001,,
ok,30,8000,0.1,0.01,0.338905467946134,7.0012373535424696e+16,7.00123735354247,0.337884760479998,6.95912853847233e+16,6.95912853847233,21531129229.52186,63531371624.08969,6621.537058214497,0.9999999999999998,0.0099999455505505,-5.4449449496049565e-06,45,91,100,29.551691813991056,cone,Promweaver FAL-C tabulated boundary,45,10,1,0.005,0.001,,
ok,30,8000,0.2,0.02,0.2673421098872012,6.962611397242533e+16,6.962611397242533,0.266333609935722,6.910180083416545e+16,6.910180083416545,35765441325.1223,133781548070.42068,18371.940069603286,1.0,0.0199999846040144,-7.697992797026098e-07,45,91,100,35.108841359004145,cone,Promweaver FAL-C tabulated boundary,45,10,1,0.005,0.001,,
ok,30,10000,0.01,0.001,0.8898421040669681,1.1218076430284928e+17,11.218076430284928,0.842638592925542,1.0059471957359482e+17,10.05947195735948,3261588697.600939,3665356676.981288,94.8287426853268,1.0,0.0009999739055894,-2.609441052277804e-05,45,91,111,38.76105291100976,cone,Promweaver FAL-C tabulated boundary,45,10,1,0.005,0.001,,
ok,30,10000,0.02,0.002,0.7956293458515836,9.41323117051102e+16,9.413231170511018,0.761655533252709,8.62649432256965e+16,8.62649432256965,6124563649.141146,7697759869.057945,398.484635221646,1.0,0.0019999554978333,-2.2251083310088904e-05,45,91,126,43.94689853199816,cone,Promweaver FAL-C tabulated boundary,45,10,1,0.005,0.001,,
ok,30,10000,0.05,0.005,0.7111860265161039,8.13238842713212e+16,8.13238842713212,0.6920579445060524,7.700813412621062e+16,7.700813412621063,14329592214.056068,20148866372.210133,2524.93120392613,1.0,0.0049999680150063,-6.396998732637048e-06,45,91,136,26.35766547800449,cone,Promweaver FAL-C tabulated boundary,45,10,1,0.005,0.001,,
ok,30,10000,0.1,0.01,0.7150912728341791,8.105037459740163e+16,8.105037459740164,0.7039551850975106,7.8545642226156e+16,7.8545642226156,28754231544.22958,40210575400.06831,10201.135229863254,1.0,0.0099999885955065,-1.1404493410402392e-06,45,91,137,39.33504554499814,cone,Promweaver FAL-C tabulated boundary,45,10,1,0.005,0.001,,
ok,30,10000,0.2,0.02,0.7260079276895705,8.362405111043973e+16,8.362405111043973,0.7196413686425526,8.216383815524566e+16,8.216383815524566,58034721731.93256,79936760355.52505,40275.84028492942,1.0,0.0199999959022242,-2.048887890945816e-07,45,91,133,46.296520764997695,cone,Promweaver FAL-C tabulated boundary,45,10,1,0.005,0.001,,
ok,30,12000,0.01,0.001,0.9678723101026347,1.2864768022372307e+17,12.864768022372308,0.8820881327256799,1.0685375472645142e+17,10.685375472645145,2844036860.701636,2938442221.164535,62.87362236896407,1.0,0.0009999786691303,-2.1330869617950526e-05,45,91,95,28.016886293989955,cone,Promweaver FAL-C tabulated boundary,45,10,1,0.005,0.001,,
ok,30,12000,0.02,0.002,0.9231883284537754,1.0297476321745602e+17,10.297476321745602,0.8377903310428582,8.480488689757992e+16,8.480488689757992,5546164599.947277,6007619928.683898,298.71340130932185,1.0,0.0019999722303321,-1.388483394275733e-05,45,91,114,22.356399063006396,cone,Promweaver FAL-C tabulated boundary,45,10,1,0.005,0.001,,
ok,30,12000,0.05,0.005,0.9270401131331846,8.714870895634285e+16,8.714870895634284,0.8428074897489735,7.203120456416217e+16,7.203120456416217,13896785694.578611,14990490160.7878,2215.9898288084623,1.0000000000000002,0.0049999892220806,-2.1555838764994446e-06,45,91,132,30.52276684601384,cone,Promweaver FAL-C tabulated boundary,45,10,1,0.005,0.001,,
ok,30,12000,0.1,0.01,0.9555754600436952,8.829265107191091e+16,8.829265107191091,0.8732700118066635,7.37380543496986e+16,7.373805434969859,28248737723.20664,29562016715.99532,9038.024946205152,1.0,0.0099999961560678,-3.843932196850863e-07,45,91,142,43.7376804700034,cone,Promweaver FAL-C tabulated boundary,45,10,1,0.005,0.001,,
ok,30,12000,0.2,0.02,0.9774853763262856,9.47976919749485e+16,9.47976919749485,0.8988045144616602,8.015077319845285e+16,8.015077319845284,57179301517.40796,58496324244.0585,34488.946449061776,1.0000000000000002,0.0199999983721635,-8.139182210153971e-08,45,91,144,49.92404812200402,cone,Promweaver FAL-C tabulated boundary,45,10,1,0.005,0.001,,
ok,30,14000,0.01,0.001,0.9989051140927298,1.387466207699466e+17,13.87466207699466,0.9126031821020412,1.1580782331407133e+17,11.58078233140713,2478473065.8062925,2481189685.42613,44.273717830667465,0.9999999999999998,0.000999983200524,-1.6799475955958307e-05,45,91,75,22.714037799989452,cone,Promweaver FAL-C tabulated boundary,45,10,1,0.005,0.001,,
ok,30,14000,0.02,0.002,0.9785794044498336,1.0623222298351834e+17,10.623222298351834,0.8923235263566919,8.833011868139254e+16,8.833011868139254,4903924706.547647,5011269074.587442,226.3764877745192,1.0,0.0019999819364643,-9.031767820829107e-06,45,91,93,18.21247466499335,cone,Promweaver FAL-C tabulated boundary,45,10,1,0.005,0.001,,
ok,30,14000,0.05,0.005,0.996624514108754,8.900660952419283e+16,8.900660952419283,0.910431398648927,7.427686778909307e+16,7.427686778909307,12377802489.302212,12419725096.137377,1721.3327783543098,1.0,0.0049999934661107,-1.3067778477371392e-06,45,91,113,32.76651800199761,cone,Promweaver FAL-C tabulated boundary,45,10,1,0.005,0.001,,
ok,30,14000,0.1,0.01,1.0182070552657647,8.93102214688793e+16,8.93102214688793,0.9320813555802292,7.484048686624867e+16,7.484048686624867,25032334560.333626,24584719218.823204,7016.193255761011,1.0,0.0099999970322604,-2.967739509002198e-07,45,91,125,43.48466385800566,cone,Promweaver FAL-C tabulated boundary,45,10,1,0.005,0.001,,
ok,30,14000,0.2,0.02,1.0350297747868364,9.536981332601954e+16,9.536981332601954,0.9490150564837676,8.017730446165542e+16,8.017730446165542,50488230384.30506,48779495637.89416,26728.17863892379,1.0,0.0199999984964965,-7.5175171122821e-08,45,91,133,25.85967832901224,cone,Promweaver FAL-C tabulated boundary,45,10,1,0.005,0.001,,
ok,31,6000,0.01,0.001,0.7041188059647557,6.88228291930958e+16,6.88228291930958,0.7034846367820803,6.869891356337604e+16,6.869891356337604,4747889748.920035,6743023632.801094,327.5433069549165,1.0,0.0010000265063606,2.6506360606848994e-05,45,91,64,22.963826952007366,cone,Promweaver FAL-C tabulated boundary,45,10,1,0.005,0.001,,
ok,31,6000,0.02,0.002,0.5575778918813135,6.103940732334757e+16,6.103940732334757,0.5570165244711994,6.091656068507634e+16,6.091656068507634,8189887949.84677,14688329772.569387,1098.8682159990344,1.0,0.0020000508297907,2.5414895366828932e-05,45,91,65,23.298365851005656,cone,Promweaver FAL-C tabulated boundary,45,10,1,0.005,0.001,,
ok,31,6000,0.05,0.005,0.3272326539296676,5.6268966949170856e+16,5.626896694917086,0.3267308039819496,5.609650907136238e+16,5.609650907136238,13974489407.744265,42705057823.31801,3470.587160122624,0.9999999999999998,0.0050000918472804,1.836945608853224e-05,45,91,66,23.71637406600348,cone,Promweaver FAL-C tabulated boundary,45,10,1,0.005,0.001,,
ok,31,6000,0.1,0.01,0.1961591398690379,5.541001650510622e+16,5.541001650510623,0.1956830302123713,5.514136495821316e+16,5.514136495821316,18466302294.17077,94139392671.17229,6154.19994304228,0.9999999999999998,0.0100000736553944,7.365539447454215e-06,45,91,67,19.59850615399773,cone,Promweaver FAL-C tabulated boundary,45,10,1,0.005,0.001,,
ok,31,6000,0.2,0.02,0.1146470599198356,5.524612835251591e+16,5.524612835251591,0.1141890464440145,5.480559498384746e+16,5.480559498384745,23050807414.00034,201058862129.7231,9617.682510653904,1.0000000000000002,0.0200000932627604,4.663138021381018e-06,45,91,67,23.796208429004764,cone,Promweaver FAL-C tabulated boundary,45,10,1,0.005,0.001,,
ok,31,8000,0.01,0.001,0.7900573046908898,8.916796485560762e+16,8.916796485560761,0.7889707635461304,8.89228736684003e+16,8.89228736684003,3812307883.719793,4825356162.248712,162.99229688382965,1.0,0.0009999711321719,-2.886782808132239e-05,45,91,96,27.81656546400336,cone,Promweaver FAL-C tabulated boundary,45,10,1,0.005,0.001,,
ok,31,8000,0.02,0.002,0.6702271003293331,7.86505362644188e+16,7.86505362644188,0.6691705427323066,7.840275958588846e+16,7.840275958588847,6909472687.162007,10309151455.927198,606.9992028297909,1.0000000000000002,0.0019999449037859,-2.7548107042708533e-05,45,91,98,21.369680632997188,cone,Promweaver FAL-C tabulated boundary,45,10,1,0.005,0.001,,
ok,31,8000,0.05,0.005,0.4671195427723776,7.139013219408285e+16,7.139013219408285,0.466086421891195,7.107469655692912e+16,7.107469655692912,13613394892.269236,29143278423.9192,2595.9402903055934,1.0,0.004999916366332,-1.6726733587796302e-05,45,91,100,29.095435979994363,cone,Promweaver FAL-C tabulated boundary,45,10,1,0.005,0.001,,
ok,31,8000,0.1,0.01,0.3373958359434165,6.966269446742533e+16,6.966269446742533,0.3363750424675995,6.924180219371178e+16,6.924180219371179,21457951412.469383,63598744046.34922,6609.616270803348,1.0,0.009999945448769,-5.455123098727087e-06,45,91,100,19.10085426099249,cone,Promweaver FAL-C tabulated boundary,45,10,1,0.005,0.001,,
ok,31,8000,0.2,0.02,0.2663494739577253,6.927905909685717e+16,6.927905909685717,0.2653409045878287,6.875538285661382e+16,6.875538285661382,35658796160.13807,133879731881.12167,18354.027323214053,1.0000000000000002,0.0199999843472362,-7.826381870704168e-07,45,91,101,35.331386762001785,cone,Promweaver FAL-C tabulated boundary,45,10,1,0.005,0.001,,
ok,31,10000,0.01,0.001,0.8888928948341512,1.11914722621173e+17,11.1914722621173,0.8416769916441532,1.0034119381016835e+17,10.034119381016836,3259674580.2889385,3667117376.269641,94.94263239474486,1.0,0.0009999736674373,-2.6332562627368744e-05,45,91,111,38.88741541799391,cone,Promweaver FAL-C tabulated boundary,45,10,1,0.005,0.001,,
ok,31,10000,0.02,0.002,0.7943689958018292,9.37334138783559e+16,9.373341387835591,0.760376707806424,8.588305289930946e+16,8.588305289930945,6118959126.030744,7702917861.055642,399.44838491240125,1.0,0.001999955201801,-2.2399099458038363e-05,45,91,126,43.97957476800366,cone,Promweaver FAL-C tabulated boundary,45,10,1,0.005,0.001,,
ok,31,10000,0.05,0.005,0.7101315904976037,8.091643178479648e+16,8.091643178479648,0.6909907390471562,7.66131838924539e+16,7.66131838924539,14316745481.4609,20160693698.23256,2533.0973778732928,0.9999999999999998,0.0049999679566179,-6.408676413854896e-06,45,91,136,29.87558868501219,cone,Promweaver FAL-C tabulated boundary,45,10,1,0.005,0.001,,
ok,31,10000,0.1,0.01,0.7143392822276439,8.065280254509432e+16,8.065280254509432,0.7031975536912619,7.815649940568224e+16,7.815649940568224,28735990396.537827,40227369698.78735,10238.418480352491,1.0,0.0099999886043975,-1.139560245819182e-06,45,91,137,47.71898955499637,cone,Promweaver FAL-C tabulated boundary,45,10,1,0.005,0.001,,
ok,31,10000,0.2,0.02,0.7252779412115595,8.320783033870189e+16,8.320783033870189,0.7189083750623042,8.175274542516374e+16,8.175274542516375,57999741094.02104,79968985403.21501,40428.52641728855,1.0,0.0199999987684484,-6.157757533042929e-08,45,91,134,39.6675408299925,cone,Promweaver FAL-C tabulated boundary,45,10,1,0.005,0.001,,
ok,31,12000,0.01,0.001,0.9671675449478812,1.2830900969469474e+17,12.830900969469472,0.8813832094423958,1.0655731521269664e+17,10.655731521269663,2842940899.9608536,2939450268.7888,62.99100102090812,1.0,0.0009999784927254,-2.1507274576299668e-05,45,91,95,33.64938305898977,cone,Promweaver FAL-C tabulated boundary,45,10,1,0.005,0.001,,
ok,31,12000,0.02,0.002,0.9224273437548888,1.0250271058731686e+17,10.250271058731686,0.8370289957906759,8.440186027180589e+16,8.440186027180589,5543692178.907848,6009895756.49542,299.8215637264009,1.0,0.0019999721443105,-1.3927844739504425e-05,45,91,114,39.91103272300097,cone,Promweaver FAL-C tabulated boundary,45,10,1,0.005,0.001,,
ok,31,12000,0.05,0.005,0.92660666010208,8.67157934458632e+16,8.67157934458632,0.8423735542184709,7.166660233671284e+16,7.166660233671284,13893281451.439465,14993720690.404823,2225.9298083850963,1.0,0.0049999899863353,-2.0027329301897097e-06,45,91,133,38.1594132159953,cone,Promweaver FAL-C tabulated boundary,45,10,1,0.005,0.001,,
ok,31,12000,0.1,0.01,0.9552900625541728,8.786996328960398e+16,8.786996328960399,0.8729840256053917,7.338081290950106e+16,7.338081290950106,28244248842.03545,29566149538.41181,9078.615294530371,1.0,0.0099999961568463,-3.8431536460159515e-07,45,91,142,27.866950968003948,cone,Promweaver FAL-C tabulated boundary,45,10,1,0.005,0.001,,
ok,31,12000,0.2,0.02,0.977250456798098,9.435103019469549e+16,9.43510301946955,0.8985687291299388,7.976961275410984e+16,7.976961275410984,57172067910.478455,58502984074.11266,34643.45161272152,1.0,0.0199999983723302,-8.138348640829296e-08,45,91,144,41.27022864400351,cone,Promweaver FAL-C tabulated boundary,45,10,1,0.005,0.001,,
ok,31,14000,0.01,0.001,0.9984075579672756,1.3832885604722323e+17,13.832885604722325,0.9121056067486856,1.1544823991705709e+17,11.544823991705709,2477829509.7135434,2481781603.0542893,44.38436964382388,1.0,0.0009999830764727,-1.692352726056015e-05,45,91,75,26.77151023299666,cone,Promweaver FAL-C tabulated boundary,45,10,1,0.005,0.001,,
ok,31,14000,0.02,0.002,0.9781429557274188,1.0572041751906672e+17,10.572041751906673,0.8918870627157484,8.789697621639178e+16,8.789697621639178,4902773875.369319,5012328562.672373,227.365652133078,1.0,0.0019999819243136,-9.037843177626612e-06,45,91,93,33.177826141996775,cone,Promweaver FAL-C tabulated boundary,45,10,1,0.005,0.001,,
ok,31,14000,0.05,0.005,0.9963934497325466,8.856556780526453e+16,8.856556780526454,0.9102003248261704,7.390556746221408e+16,7.390556746221408,12376306977.71562,12421104314.804243,1729.4867317222506,1.0,0.004999993955857,-1.208828582718868e-06,45,91,114,40.04651816700061,cone,Promweaver FAL-C tabulated boundary,45,10,1,0.005,0.001,,
ok,31,14000,0.1,0.01,1.0180530978245794,8.888087135913608e+16,8.888087135913608,0.931927388846726,7.447861558114342e+16,7.447861558114343,25030380811.040703,24586517996.484383,7048.9853887027,1.0,0.0099999970326698,-2.9673301212007614e-07,45,91,125,43.63493411499076,cone,Promweaver FAL-C tabulated boundary,45,10,1,0.005,0.001,,
ok,31,14000,0.2,0.02,1.0349142507632705,9.492065201095858e+16,9.492065201095858,0.9488995205454986,7.979807828199285e+16,7.979807828199284,50485344713.71571,48782152411.64351,26851.585791556165,1.0,0.019999998496031,-7.519844868325576e-08,45,91,133,41.87246542600042,cone,Promweaver FAL-C tabulated boundary,45,10,1,0.005,0.001,,
ok,32,6000,0.01,0.001,0.7030323147383724,6.860906004639482e+16,6.8609060046394825,0.7023980132391433,6.848531268344911e+16,6.848531268344911,4743442282.295599,6747118422.374128,327.948592653136,1.0000000000000002,0.0010000265154465,2.651544656930016e-05,45,91,64,17.452823193001677,cone,Promweaver FAL-C tabulated boundary,45,10,1,0.005,0.001,,
ok,32,6000,0.02,0.002,0.5560751655937528,6.079826385078261e+16,6.079826385078261,0.5555135774846389,6.067552382172292e+16,6.067552382172292,8175289496.831089,14701770556.687012,1099.2971529751403,1.0,0.0020000508564905,2.5428245289341872e-05,45,91,65,23.403151413993328,cone,Promweaver FAL-C tabulated boundary,45,10,1,0.005,0.001,,
ok,32,6000,0.05,0.005,0.3257423616680764,5.600607167284563e+16,5.600607167284563,0.3252401648430182,5.583351572857389e+16,5.583351572857389,13925528975.234129,42750132048.91019,3462.488109733056,0.9999999999999998,0.005000091612389,1.8322477804942613e-05,45,91,66,19.66504033000092,cone,Promweaver FAL-C tabulated boundary,45,10,1,0.005,0.001,,
ok,32,6000,0.1,0.01,0.1951701610161727,5.5146840205887096e+16,5.514684020588709,0.1946936820017,5.487790322212184e+16,5.487790322212184,18387381425.67981,94212052344.19078,6130.828066144435,1.0,0.0100000735560775,7.355607759690351e-06,45,91,67,19.161893479991704,cone,Promweaver FAL-C tabulated boundary,45,10,1,0.005,0.001,,
ok,32,6000,0.2,0.02,0.1140816631758212,5.49839151038655e+16,5.498391510386551,0.113623303666639,5.454297183052295e+16,5.454297183052296,22947934566.627388,201153576550.33755,9577.48643179449,1.0000000000000002,0.0200000934033659,4.670168297048193e-06,45,91,67,12.777488801992147,cone,Promweaver FAL-C tabulated boundary,45,10,1,0.005,0.001,,
ok,32,8000,0.01,0.001,0.7891618801397258,8.897181371996934e+16,8.897181371996934,0.7880752985372259,8.872697528236662e+16,8.872697528236662,3809804829.221908,4827659476.592255,163.13720300730287,1.0,0.000999970988801,-2.901119890521588e-05,45,91,96,33.62984777300153,cone,Promweaver FAL-C tabulated boundary,45,10,1,0.005,0.001,,
ok,32,8000,0.02,0.002,0.6689493520575703,7.837049707565277e+16,7.837049707565277,0.6678927457345492,7.812312000352547e+16,7.812312000352547,6901319843.117322,10316655247.351805,607.7314468355142,1.0,0.0019999446206716,-2.768966415791357e-05,45,91,98,34.376284361002035,cone,Promweaver FAL-C tabulated boundary,45,10,1,0.005,0.001,,
ok,32,8000,0.05,0.005,0.4655125546554681,7.106607969370279e+16,7.10660796937028,0.4644793630627092,7.075097156977965e+16,7.075097156977964,13580611470.775087,29173459093.549637,2595.232616109688,1.0,0.0049999160863059,-1.678273881654951e-05,45,91,100,29.59742916098912,cone,Promweaver FAL-C tabulated boundary,45,10,1,0.005,0.001,,
ok,32,8000,0.1,0.01,0.3361166973329306,6.932762107205771e+16,6.932762107205771,0.3350958305477627,6.890713148005938e+16,6.890713148005938,21395825048.1711,63655942171.11472,6603.159352837699,1.0,0.0099999454119688,-5.458803115261645e-06,45,91,100,21.03355959599139,cone,Promweaver FAL-C tabulated boundary,45,10,1,0.005,0.001,,
ok,32,8000,0.2,0.02,0.265460329215854,6.894286050637044e+16,6.894286050637044,0.2644516973872838,6.841995106138187e+16,6.841995106138187,35563137109.58495,133967803078.65688,18344.70910817915,1.0000000000000002,0.0199999843388372,-7.830581367357369e-07,45,91,101,24.322780956994396,cone,Promweaver FAL-C tabulated boundary,45,10,1,0.005,0.001,,
ok,32,10000,0.01,0.001,0.8881947548457994,1.1171645706710291e+17,11.171645706710294,0.840969724708258,1.001524247865146e+17,10.01524247865146,3258265678.820472,3668413555.747853,95.02892870477184,1.0,0.0009999735225229,-2.6477477023173143e-05,45,91,111,38.66153606100124,cone,Promweaver FAL-C tabulated boundary,45,10,1,0.005,0.001,,
ok,32,10000,0.02,0.002,0.7934182214669797,9.341438959766605e+16,9.341438959766602,0.7594119653303871,8.557842930364139e+16,8.557842930364139,6114726395.114444,7706813669.855861,400.2582369605664,1.0,0.0019999550252731,-2.248736342513706e-05,45,91,126,36.34700800999417,cone,Promweaver FAL-C tabulated boundary,45,10,1,0.005,0.001,,
ok,32,10000,0.05,0.005,0.7092867384273008,8.055179229027112e+16,8.055179229027113,0.6901356316963941,7.626063714313312e+16,7.626063714313312,14306441376.71573,20170180269.318665,2540.9026794568795,1.0,0.0049999679265459,-6.414690811341882e-06,45,91,136,25.91217991799931,cone,Promweaver FAL-C tabulated boundary,45,10,1,0.005,0.001,,
ok,32,10000,0.1,0.01,0.7136653093334001,8.027547040651678e+16,8.027547040651678,0.7025185158472183,7.778739653243869e+16,7.778739653243869,28719628773.99994,40242433530.677765,10274.833305111424,1.0,0.0099999886091323,-1.1390867615465592e-06,45,91,137,47.699641307001,cone,Promweaver FAL-C tabulated boundary,45,10,1,0.005,0.001,,
ok,32,10000,0.2,0.02,0.7245813656484695,8.280663019719603e+16,8.280663019719603,0.718208925606899,8.135652416639042e+16,8.135652416639042,57966327319.86303,79999748914.30672,40577.609485517714,1.0,0.0199999987916798,-6.0416005878694e-08,45,91,134,33.19570619799197,cone,Promweaver FAL-C tabulated boundary,45,10,1,0.005,0.001,,
ok,32,12000,0.01,0.001,0.9666390619199072,1.2805793509679027e+17,12.80579350967903,0.8808546077566841,1.0633745782870786e+17,10.633745782870786,2842118633.8634696,2940206687.0942974,63.07799921065896,1.0,0.0009999783803043,-2.1619695606467024e-05,45,91,95,18.76000392300193,cone,Promweaver FAL-C tabulated boundary,45,10,1,0.005,0.001,,
ok,32,12000,0.02,0.002,0.9218207436181806,1.02114392916323e+17,10.2114392916323,0.8364221160182358,8.407076927054518e+16,8.407076927054518,5541720053.440194,6011711161.63945,300.7476250274224,1.0,0.0019999720922819,-1.3953859034823018e-05,45,91,114,39.74527294799918,cone,Promweaver FAL-C tabulated boundary,45,10,1,0.005,0.001,,
ok,32,12000,0.05,0.005,0.9262299177558128,8.631877692375792e+16,8.631877692375792,0.8419963926225319,7.133261251328566e+16,7.133261251328566,13890232623.902445,14996527706.163343,2235.186470685735,1.0,0.0049999899907686,-2.001846273122498e-06,45,91,133,34.38224950199947,cone,Promweaver FAL-C tabulated boundary,45,10,1,0.005,0.001,,
ok,32,12000,0.1,0.01,0.9550241615031408,8.746803451885666e+16,8.746803451885665,0.8727175759039945,7.304123274474507e+16,7.304123274474507,28240065478.77792,29570001071.31325,9117.631402518096,1.0000000000000002,0.0099999961566127,-3.843387226531991e-07,45,91,142,41.05775403299776,cone,Promweaver FAL-C tabulated boundary,45,10,1,0.005,0.001,,
ok,32,12000,0.2,0.02,0.9770253145735448,9.392152708697466e+16,9.392152708697466,0.8983427569333994,7.940313573616987e+16,7.940313573616987,57165133817.828575,58509368145.47144,34793.43475095013,1.0000000000000002,0.0199999983720968,-8.13951597095075e-08,45,91,144,50.166071034997,cone,Promweaver FAL-C tabulated boundary,45,10,1,0.005,0.001,,
ok,32,14000,0.01,0.001,0.9980289132690952,1.3801543513998125e+17,13.801543513998125,0.911726947406122,1.1517838776776426e+17,11.517838776776426,2477339584.931227,2482232280.0414405,44.4675728685172,1.0,0.0009999829953472,-1.7004652780707244e-05,45,91,75,26.841946807006025,cone,Promweaver FAL-C tabulated boundary,45,10,1,0.005,0.001,,
ok,32,14000,0.02,0.002,0.9777808476058664,1.0528662176642302e+17,10.528662176642303,0.8915249422090261,8.753004153759461e+16,8.753004153759461,4901818706.563006,5013207937.714568,228.21348267129744,1.0,0.0019999819182872,-9.040856396424352e-06,45,91,93,32.814249160990585,cone,Promweaver FAL-C tabulated boundary,45,10,1,0.005,0.001,,
ok,32,14000,0.05,0.005,0.9961837750458492,8.81547688570986e+16,8.81547688570986,0.9099906415725432,7.355983306359653e+16,7.355983306359652,12374948528.64664,12422355029.90107,1737.1646828873988,1.0,0.0049999939599991,-1.2080001736761157e-06,45,91,114,40.27627001599467,cone,Promweaver FAL-C tabulated boundary,45,10,1,0.005,0.001,,
ok,32,14000,0.1,0.01,1.0179065172771709,8.847079355690014e+16,8.847079355690015,0.9317807994507972,7.413301218245349e+16,7.413301218245349,25028520408.046494,24588230827.911434,7080.60602410119,1.0000000000000002,0.0099999970321831,-2.967816858587269e-07,45,91,125,37.17827952800144,cone,Promweaver FAL-C tabulated boundary,45,10,1,0.005,0.001,,
ok,32,14000,0.2,0.02,1.034802766026138,9.448834469743698e+16,9.448834469743698,0.9487880243089464,7.94330919161987e+16,7.94330919161987,50482559641.734665,48784716565.45565,26971.46231254092,1.0,0.0199999984953716,-7.523141727638903e-08,45,91,133,46.39564113300003,cone,Promweaver FAL-C tabulated boundary,45,10,1,0.005,0.001,,
ok,33,6000,0.01,0.001,0.7001883722118046,6.816780921936252e+16,6.816780921936252,0.6995537229206525,6.804429090078536e+16,6.804429090078536,4731775604.464066,6757860873.234724,328.44975696595594,1.0,0.0010000266222467,2.662224679833396e-05,45,91,64,22.91695038699254,cone,Promweaver FAL-C tabulated boundary,45,10,1,0.005,0.001,,
ok,33,6000,0.02,0.002,0.5523943273131371,6.038568790031616e+16,6.038568790031616,0.5518321946272298,6.026284993600162e+16,6.026284993600162,8139418916.442143,14734798157.744534,1097.1165950233274,1.0,0.0020000510648107,2.553240537289496e-05,45,91,65,19.297316566007797,cone,Promweaver FAL-C tabulated boundary,45,10,1,0.005,0.001,,
ok,33,6000,0.05,0.005,0.3228727981443344,5.566357302783134e+16,5.566357302783135,0.3223699261949533,5.549031686474022e+16,5.549031686474023,13830964542.252651,42837193537.96343,3436.6385369010327,1.0,0.0050000914335866,1.828671732685693e-05,45,91,66,23.703431091998937,cone,Promweaver FAL-C tabulated boundary,45,10,1,0.005,0.001,,
ok,33,6000,0.1,0.01,0.1934284625200559,5.482962713840375e+16,5.482962713840375,0.1929513258174811,5.455946047573338e+16,5.455946047573337,18248096688.80834,94340287107.0035,6073.23175704879,1.0000000000000004,0.0100000733983703,7.33983703347235e-06,45,91,67,14.274609204992885,cone,Promweaver FAL-C tabulated boundary,45,10,1,0.005,0.001,,
ok,33,6000,0.2,0.02,0.1130715419897899,5.467000538006542e+16,5.467000538006542,0.1126125578015579,5.422706918133829e+16,5.422706918133829,22763900129.51936,201322983032.94464,9478.600660531183,1.0,0.0200000906917553,4.534587768473263e-06,45,91,67,19.386775685998145,cone,Promweaver FAL-C tabulated boundary,45,10,1,0.005,0.001,,
ok,33,8000,0.01,0.001,0.7868644552703261,8.851282943584246e+16,8.851282943584247,0.7857777693259475,8.826851993828042e+16,8.826851993828042,3803378331.495163,4833587673.227047,163.43039562385954,1.0,0.0009999723631509,-2.7636849090923596e-05,45,91,97,34.13731015799567,cone,Promweaver FAL-C tabulated boundary,45,10,1,0.005,0.001,,
ok,33,8000,0.02,0.002,0.6658110336009074,7.783936218490274e+16,7.783936218490274,0.6647543069163374,7.759247634952045e+16,7.759247634952045,6881243751.973299,10335130246.72699,608.3235299589285,1.0,0.0019999435848934,-2.820755329595477e-05,45,91,98,34.52142017699953,cone,Promweaver FAL-C tabulated boundary,45,10,1,0.005,0.001,,
ok,33,8000,0.05,0.005,0.4621898917877627,7.060184480959123e+16,7.060184480959123,0.4611565527598267,7.02865021859097e+16,7.02865021859097,13512611288.085844,29236059741.200108,2586.202447192996,1.0,0.0049999154043556,-1.691912886597757e-05,45,91,100,19.347742198995547,cone,Promweaver FAL-C tabulated boundary,45,10,1,0.005,0.001,,
ok,33,8000,0.1,0.01,0.3339450494409437,6.891304556890691e+16,6.891304556890691,0.3329240572480738,6.849230494714113e+16,6.849230494714113,21290101940.215977,63753309042.48368,6577.396730660524,0.9999999999999998,0.0099999489916815,-5.100831841631236e-06,45,91,101,35.7820882750093,cone,Promweaver FAL-C tabulated boundary,45,10,1,0.005,0.001,,
ok,33,8000,0.2,0.02,0.2641163422389195,6.8534472835612056e+16,6.853447283561206,0.2631076154937254,6.801197174520313e+16,6.801197174520313,35418306790.41711,134101155915.51591,18304.02137781182,1.0,0.0199999856129992,-7.193500389107709e-07,45,91,101,19.23268973399536,cone,Promweaver FAL-C tabulated boundary,45,10,1,0.005,0.001,,
ok,33,10000,0.01,0.001,0.886438317217658,1.1120666146155091e+17,11.120666146155092,0.8391902387636686,9.966773962702022e+16,9.966773962702025,3254721849.547481,3671684522.577232,95.25701229313783,1.0,0.0009999747579099,-2.5242090030382427e-05,45,91,112,32.41182369699527,cone,Promweaver FAL-C tabulated boundary,45,10,1,0.005,0.001,,
ok,33,10000,0.02,0.002,0.7912583810631346,9.277055035491616e+16,9.277055035491616,0.7572202999564199,8.496068069251029e+16,8.496068069251029,6105094521.716442,7715677543.299621,401.7673601859467,1.0,0.0019999544270836,-2.2786458164780757e-05,45,91,126,44.56141208599729,cone,Promweaver FAL-C tabulated boundary,45,10,1,0.005,0.001,,
ok,33,10000,0.05,0.005,0.7076813393486039,8.002058942095232e+16,8.002058942095232,0.6885106773242535,7.574389205444614e+16,7.574389205444614,14286840706.884804,20188239978.229958,2550.7662323024106,1.0000000000000002,0.0049999699939304,-6.001213918686853e-06,45,91,137,47.81055841399939,cone,Promweaver FAL-C tabulated boundary,45,10,1,0.005,0.001,,
ok,33,10000,0.1,0.01,0.712664771815833,7.97960776583675e+16,7.97960776583675,0.7015104428120327,7.731775622441672e+16,7.731775622441672,28695316763.19152,40264817201.60986,10319.06865980593,1.0,0.0099999886265346,-1.1373465350072996e-06,45,91,137,47.780687520004,cone,Promweaver FAL-C tabulated boundary,45,10,1,0.005,0.001,,
ok,33,10000,0.2,0.02,0.7236759148048484,8.231162286405702e+16,8.231162286405702,0.7172997311466521,8.086754574924678e+16,8.086754574924678,57922855654.7409,80039772596.77185,40760.43079287896,1.0,0.0199999988274455,-5.862772472359223e-08,45,91,134,25.494618126002024,cone,Promweaver FAL-C tabulated boundary,45,10,1,0.005,0.001,,
ok,33,12000,0.01,0.001,0.9653929795506242,1.2736052873832486e+17,12.736052873832486,0.8796082454098452,1.057316876712286e+17,10.57316876712286,2840177898.3373094,2941991456.846277,63.33681694096455,1.0,0.0009999780159968,-2.198400315500497e-05,45,91,95,18.85264348599594,cone,Promweaver FAL-C tabulated boundary,45,10,1,0.005,0.001,,
ok,33,12000,0.02,0.002,0.9205790502677742,1.0136108360191728e+17,10.136108360191727,0.8351798497583687,8.342747226063045e+16,8.342747226063045,5537679258.647645,6015430458.72798,302.54107870524257,1.0,0.0019999719164073,-1.4041796345468094e-05,45,91,114,33.52684304099239,cone,Promweaver FAL-C tabulated boundary,45,10,1,0.005,0.001,,
ok,33,12000,0.05,0.005,0.9256270467125448,8.57573767096875e+16,8.575737670968751,0.8413928503496038,7.085933136040005e+16,7.085933136040005,13885351461.179705,15001021751.141443,2248.2379078965632,1.0,0.0049999900018444,-1.999631108612342e-06,45,91,133,44.50177080600406,cone,Promweaver FAL-C tabulated boundary,45,10,1,0.005,0.001,,
ok,33,12000,0.1,0.01,0.9546567480884732,8.695370308143246e+16,8.695370308143247,0.8723494041331029,7.260633680839176e+16,7.260633680839176,28234283259.949635,29575324656.200947,9167.80680929155,1.0,0.0099999961598756,-3.840124362594621e-07,45,91,142,41.840128465992166,cone,Promweaver FAL-C tabulated boundary,45,10,1,0.005,0.001,,
ok,33,12000,0.2,0.02,0.9767342503058528,9.338635509935773e+16,9.338635509935772,0.8980506193811773,7.894638069037491e+16,7.894638069037491,57156167170.63805,58517623552.91653,34981.84978054027,1.0,0.0199999983729516,-8.135241647000413e-08,45,91,144,50.04683317699528,cone,Promweaver FAL-C tabulated boundary,45,10,1,0.005,0.001,,
ok,33,14000,0.01,0.001,0.9971629343927578,1.3718821436236346e+17,13.718821436236343,0.9108609350071866,1.1446921443345427e+17,11.44692144334543,2476218291.4902816,2483263472.8829184,44.6952171191261,0.9999999999999998,0.0009999827521575,-1.7247842418405615e-05,45,91,75,22.05997708599898,cone,Promweaver FAL-C tabulated boundary,45,10,1,0.005,0.001,,
ok,33,14000,0.02,0.002,0.9771005494337472,1.0449919523327955e+17,10.449919523327956,0.8908446207506404,8.686370606402728e+16,8.686370606402727,4900023270.598043,5014860828.230752,229.7647173148361,1.0,0.0019999818911082,-9.054445889887172e-06,45,91,93,33.47626869099622,cone,Promweaver FAL-C tabulated boundary,45,10,1,0.005,0.001,,
ok,33,14000,0.05,0.005,0.9958787488002316,8.759030431870997e+16,8.759030431870997,0.9096856028599952,7.308457874247978e+16,7.308457874247978,12372971842.127396,12424174988.20366,1747.801122473964,1.0,0.0049999939735976,-1.205280479067705e-06,45,91,114,32.787406318006106,cone,Promweaver FAL-C tabulated boundary,45,10,1,0.005,0.001,,
ok,33,14000,0.1,0.01,1.0177130246888373,8.794863592944477e+16,8.794863592944477,0.9315872951798272,7.369288462802029e+16,7.369288462802029,25026064206.664627,24590492211.02017,7121.246203051307,1.0,0.0099999970343604,-2.965639536028908e-07,45,91,125,43.72872991999611,cone,Promweaver FAL-C tabulated boundary,45,10,1,0.005,0.001,,
ok,33,14000,0.2,0.02,1.0346606272497745,9.394901900167608e+16,9.394901900167609,0.9486458708693808,7.897772970978283e+16,7.897772970978283,50479008358.59989,48787986156.1736,27122.478892750736,1.0,0.0199999984952327,-7.523836519085501e-08,45,91,133,32.886961152995354,cone,Promweaver FAL-C tabulated boundary,45,10,1,0.005,0.001,,
ok,34,6000,0.01,0.001,0.6989274907722521,6.792432234277546e+16,6.7924322342775465,0.6982926866242969,6.780099321125386e+16,6.780099321125386,4726591112.160031,6762634428.55506,328.90521054902206,1.0,0.0010000266494873,2.664948731611813e-05,45,91,64,15.054768564994449,cone,Promweaver FAL-C tabulated boundary,45,10,1,0.005,0.001,,
ok,34,6000,0.02,0.002,0.5507267841715866,6.013014389301927e+16,6.013014389301927,0.5501644029043842,6.000740135842723e+16,6.000740135842723,8123115089.521007,14749809384.593391,1097.369713184144,1.0,0.002000051122192,2.556109600479646e-05,45,91,65,23.290677545010112,cone,Promweaver FAL-C tabulated boundary,45,10,1,0.005,0.001,,
ok,34,6000,0.05,0.005,0.3213608043515797,5.539809123629078e+16,5.539809123629079,0.3208575728094674,5.522472697516011e+16,5.522472697516011,13780982689.53505,42883209473.35625,3428.19544231612,1.0,0.0050000913165453,1.8263309072355512e-05,45,91,66,14.178009117997137,cone,Promweaver FAL-C tabulated boundary,45,10,1,0.005,0.001,,
ok,34,6000,0.1,0.01,0.1924747681866241,5.456784536766443e+16,5.456784536766444,0.191997267399328,5.429743206999186e+16,5.429743206999186,18171668314.0373,94410651771.34276,6051.357298249882,1.0,0.0100000732790469,7.327904697797259e-06,45,91,67,23.93477396699018,cone,Promweaver FAL-C tabulated boundary,45,10,1,0.005,0.001,,
ok,34,6000,0.2,0.02,0.1125321456220183,5.440963151655132e+16,5.440963151655132,0.1120728242939958,5.396637149903826e+16,5.3966371499038255,22665501995.59419,201413577163.3185,9441.802239664308,0.9999999999999996,0.0200000907859263,4.5392963162610425e-06,45,91,67,20.734503772997414,cone,Promweaver FAL-C tabulated boundary,45,10,1,0.005,0.001,,
ok,34,8000,0.01,0.001,0.7858268352836819,8.826494855451738e+16,8.826494855451738,0.7847401020965282,8.802099118490536e+16,8.802099118490537,3800467638.744458,4836266042.470408,163.6386188365898,1.0,0.0009999721899042,-2.781009575598438e-05,45,91,97,22.669895252998685,cone,Promweaver FAL-C tabulated boundary,45,10,1,0.005,0.001,,
ok,34,8000,0.02,0.002,0.6643754566660057,7.753238871665861e+16,7.753238871665861,0.6633186745872794,7.728593266929835e+16,7.728593266929836,6872036706.435882,10343604113.435194,609.0988459956397,1.0,0.001999943241103,-2.8379448468096244e-05,45,91,98,23.87309909200121,cone,Promweaver FAL-C tabulated boundary,45,10,1,0.005,0.001,,
ok,34,8000,0.05,0.005,0.4605045246107915,7.0269378694598696e+16,7.02693786945987,0.4594711101555783,6.995435068607109e+16,6.995435068607109,13478007805.382471,29267916133.44905,2585.147297110143,1.0,0.0049999151280128,-1.6974397426885998e-05,45,91,100,31.69572170800529,cone,Promweaver FAL-C tabulated boundary,45,10,1,0.005,0.001,,
ok,34,8000,0.1,0.01,0.3326811010387379,6.857865028838437e+16,6.857865028838437,0.3316600353352189,6.815833275471462e+16,6.815833275471462,21228415172.909603,63810102547.53766,6571.223097252288,1.0,0.0099999489678326,-5.103216739119064e-06,45,91,101,25.66918767799507,cone,Promweaver FAL-C tabulated boundary,45,10,1,0.005,0.001,,
ok,34,8000,0.2,0.02,0.2632471204592493,6.820094994682173e+16,6.820094994682173,0.2622383320066773,6.767924618894798e+16,6.767924618894798,35324482878.16925,134187537613.11316,18296.21275925091,1.0,0.0199999856133749,-7.193312511616367e-07,45,91,101,19.71458261799125,cone,Promweaver FAL-C tabulated boundary,45,10,1,0.005,0.001,,
ok,34,10000,0.01,0.001,0.8856323082901155,1.1093360414814482e+17,11.093360414814482,0.8383736509624885,9.941031759880624e+16,9.941031759880625,3253091098.14872,3673184760.4221225,95.39581602993846,1.0,0.0009999745838763,-2.5416123634316654e-05,45,91,112,39.54136923799524,cone,Promweaver FAL-C tabulated boundary,45,10,1,0.005,0.001,,
ok,34,10000,0.02,0.002,0.7901993610327654,9.241033311047005e+16,9.241033311047005,0.7561456249693289,8.461708785950483e+16,8.461708785950483,6100363941.684141,7720031478.779177,402.7086470569565,1.0,0.0019999542156917,-2.2892154129565065e-05,45,91,126,26.40158027899452,cone,Promweaver FAL-C tabulated boundary,45,10,1,0.005,0.001,,
ok,34,10000,0.05,0.005,0.7067964875335577,7.96475821735617e+16,7.964758217356169,0.6876150192235164,7.53831949052981e+16,7.538319490529809,14276018994.260365,20198203083.99956,2558.8312006806127,1.0,0.0049999699614651,-6.0077069662795016e-06,45,91,137,39.20273909799289,cone,Promweaver FAL-C tabulated boundary,45,10,1,0.005,0.001,,
ok,34,10000,0.1,0.01,0.7119779135711178,7.941891510295526e+16,7.941891510295527,0.7008184001449488,7.694880837138642e+16,7.6948808371386415,28678611147.83161,40280197743.75623,10356.005698419907,0.9999999999999998,0.0099999886317688,-1.1368231175867825e-06,45,91,137,39.36709912499646,cone,Promweaver FAL-C tabulated boundary,45,10,1,0.005,0.001,,
ok,34,10000,0.2,0.02,0.7229748083615967,8.19135849659185e+16,8.19135849659185,0.7165957197597831,8.047445112750552e+16,8.047445112750552,57889164880.58909,80070791141.08739,40910.86248961429,1.0,0.0199999988514536,-5.742731741531503e-08,45,91,134,46.64907786999538,cone,Promweaver FAL-C tabulated boundary,45,10,1,0.005,0.001,,
ok,34,12000,0.01,0.001,0.964743606399121,1.270695418086546e+17,12.70695418086546,0.8789587255215867,1.05476232622197e+17,10.5476232622197,2839169854.778055,2942926841.853017,63.43680278959993,1.0000000000000002,0.0009999793297604,-2.0670239564901317e-05,45,91,96,33.88296707998961,cone,Promweaver FAL-C tabulated boundary,45,10,1,0.005,0.001,,
ok,34,12000,0.02,0.002,0.9199175716706532,1.0092567680049971e+17,10.092567680049973,0.8345180656500765,8.305682526911723e+16,8.305682526911724,5535524683.55875,6017413792.309389,303.60988891715294,1.0,0.0019999718555474,-1.4072226292658613e-05,45,91,114,33.027865137992194,cone,Promweaver FAL-C tabulated boundary,45,10,1,0.005,0.001,,
ok,34,12000,0.05,0.005,0.9252373841812542,8.53529002104489e+16,8.53529002104489,0.8410027537536899,7.05191021283185e+16,7.051910212831849,13882194983.377716,15003927879.1811,2257.8651350024684,1.0,0.0049999900064497,-1.9987100540602705e-06,45,91,133,46.17975240699889,cone,Promweaver FAL-C tabulated boundary,45,10,1,0.005,0.001,,
ok,34,12000,0.1,0.01,0.9543859584755822,8.655184834094158e+16,8.65518483409416,0.8720780554165919,7.226682606659963e+16,7.226682606659963,28230020331.462997,29579249443.856163,9207.591324630795,1.0,0.009999996159773,-3.840226985366013e-07,45,91,142,49.33919301499554,cone,Promweaver FAL-C tabulated boundary,45,10,1,0.005,0.001,,
ok,34,12000,0.2,0.02,0.9765064030311694,9.295969426009594e+16,9.295969426009592,0.8978219316996032,7.858233258967218e+16,7.858233258967218,57149146244.21368,58524087570.56509,35133.77429259149,1.0,0.0199999983727663,-8.136168284239574e-08,45,91,144,49.861945528988144,cone,Promweaver FAL-C tabulated boundary,45,10,1,0.005,0.001,,
ok,34,14000,0.01,0.001,0.9966981213783446,1.3683100752385011e+17,13.683100752385013,0.9103961038816548,1.1416106886822237e+17,11.416106886822236,2475619053.957855,2483820327.196258,44.7902110144949,1.0,0.0009999838331597,-1.6166840204013752e-05,45,91,76,22.001104367998774,cone,Promweaver FAL-C tabulated boundary,45,10,1,0.005,0.001,,
ok,34,14000,0.02,0.002,0.9767121896453276,1.040222739879711e+17,10.40222739879711,0.8904562476576336,8.646061064154709e+16,8.64606106415471,4898997806.564784,5015804920.325354,230.72154249869496,1.0,0.0019999818846034,-9.057698280648396e-06,45,91,93,32.886789041003794,cone,Promweaver FAL-C tabulated boundary,45,10,1,0.005,0.001,,
ok,34,14000,0.05,0.005,0.995663455476169,8.717307446497696e+16,8.717307446497696,0.9094703007337808,7.273346400112808e+16,7.273346400112808,12371576298.14202,12425459858.04551,1755.7703573050164,1.0,0.0049999939782097,-1.204358059114785e-06,45,91,114,26.29601250801352,cone,Promweaver FAL-C tabulated boundary,45,10,1,0.005,0.001,,
ok,34,14000,0.1,0.01,1.0175635549368651,8.753868330048725e+16,8.753868330048725,0.9314378163987376,7.334738836813062e+16,7.334738836813062,25024167071.387814,24592239914.6267,7153.511042280489,1.0,0.0099999972550599,-2.7449400356871484e-07,45,91,126,43.74831215699669,cone,Promweaver FAL-C tabulated boundary,45,10,1,0.005,0.001,,
ok,34,14000,0.2,0.02,1.0345479278423546,9.35193125471765e+16,9.35193125471765,0.9485331598342704,7.861494436267818e+16,7.861494436267818,50476192267.21426,48790578869.059296,27244.062390979416,1.0,0.0199999984946075,-7.526962369358568e-08,45,91,133,46.975660019001225,cone,Promweaver FAL-C tabulated boundary,45,10,1,0.005,0.001,,
ok,35,6000,0.01,0.001,0.6971314578802886,6.761943850298511e+16,6.761943850298511,0.6964964324389358,6.7496303889036536e+16,6.749630388903654,4719193549.036838,6769445698.787011,329.3548164007269,1.0,0.0010000266935847,2.669358475514312e-05,45,91,64,18.78640081599588,cone,Promweaver FAL-C tabulated boundary,45,10,1,0.005,0.001,,
ok,35,6000,0.02,0.002,0.5483881019487847,5.982337476101938e+16,5.982337476101938,0.5478253700600253,5.970066149272566e+16,5.970066149272566,8100193470.464013,14770913959.80088,1096.780890764809,1.0,0.0020000512233833,2.561169166960704e-05,45,91,65,12.8761742929928,cone,Promweaver FAL-C tabulated boundary,45,10,1,0.005,0.001,,
ok,35,6000,0.05,0.005,0.3193960618726937,5.510404991431831e+16,5.510404991431831,0.3188923595233766,5.493038369590769e+16,5.493038369590769,13715852928.765976,42943087176.299934,3413.9890236027027,1.0,0.005000083588258,1.6717651604020164e-05,45,91,67,14.692751880997092,cone,Promweaver FAL-C tabulated boundary,45,10,1,0.005,0.001,,
ok,35,6000,0.1,0.01,0.1912368803692642,5.428459783896874e+16,5.428459783896874,0.1907589027510379,5.4013579016907256e+16,5.401357901690726,18072294729.27857,94502141503.15729,6016.583889057592,1.0,0.0100000731504774,7.315047742019463e-06,45,91,67,15.299034086987376,cone,Promweaver FAL-C tabulated boundary,45,10,1,0.005,0.001,,
ok,35,6000,0.2,0.02,0.1118198735677313,5.412853098973074e+16,5.412853098973073,0.1113601032383206,5.368432499373651e+16,5.368432499373651,22535431670.67171,201533331702.62967,9382.21805206319,1.0,0.0200000909243293,4.546216469426822e-06,45,91,67,23.68212788899837,cone,Promweaver FAL-C tabulated boundary,45,10,1,0.005,0.001,,
ok,35,8000,0.01,0.001,0.7843731635047745,8.794452931099093e+16,8.794452931099093,0.783286363941396,8.770099252082792e+16,8.770099252082792,3796384258.47974,4840023135.820393,163.8820919385096,1.0,0.0009999719033446,-2.8096655322858505e-05,45,91,97,33.94223780899483,cone,Promweaver FAL-C tabulated boundary,45,10,1,0.005,0.001,,
ok,35,8000,0.02,0.002,0.6623185641864697,7.715911229768728e+16,7.715911229768728,0.6612617022463704,7.691306312553899e+16,7.691306312553899,6858831229.690149,10355788891.581043,609.695529620329,1.0,0.0019999464532171,-2.6773391434203528e-05,45,91,99,34.69355722000182,cone,Promweaver FAL-C tabulated boundary,45,10,1,0.005,0.001,,
ok,35,8000,0.05,0.005,0.4582496110510691,6.988983985752092e+16,6.988983985752092,0.4572160949940856,6.957494240763614e+16,6.957494240763614,13431592364.142338,29310646512.792057,2581.3147347922118,1.0,0.0049999147276626,-1.705446746706751e-05,45,91,100,19.24172237400489,cone,Promweaver FAL-C tabulated boundary,45,10,1,0.005,0.001,,
ok,35,8000,0.1,0.01,0.3310923659768768,6.821360399091149e+16,6.821360399091149,0.3300712073055722,6.779348258637898e+16,6.779348258637898,21150721042.466854,63881633090.70076,6558.12000016674,1.0,0.0099999488716355,-5.112836449182311e-06,45,91,101,24.14969042199664,cone,Promweaver FAL-C tabulated boundary,45,10,1,0.005,0.001,,
ok,35,8000,0.2,0.02,0.2622014712758905,6.783856923770858e+16,6.783856923770858,0.2611926082498443,6.731753358367382e+16,6.731753358367382,35211455323.29445,134291600851.63924,18276.42593168345,1.0000000000000002,0.0199999857520433,-7.123978334327984e-07,45,91,101,35.18480461300351,cone,Promweaver FAL-C tabulated boundary,45,10,1,0.005,0.001,,
ok,35,10000,0.01,0.001,0.8845128053065513,1.1057509401669651e+17,11.057509401669654,0.8372394329781131,9.907142682655672e+16,9.907142682655673,3250823748.502397,3675270418.9237127,95.57174821150468,1.0,0.0009999743075836,-2.569241630231457e-05,45,91,112,31.14825679200294,cone,Promweaver FAL-C tabulated boundary,45,10,1,0.005,0.001,,
ok,35,10000,0.02,0.002,0.788762983375834,9.195954880369446e+16,9.195954880369449,0.754687962664481,8.418575978703122e+16,8.418575978703121,6093939043.516006,7725944513.058284,403.8307445957896,1.0,0.0019999538807133,-2.3059643302486554e-05,45,91,126,35.4230533719965,cone,Promweaver FAL-C tabulated boundary,45,10,1,0.005,0.001,,
ok,35,10000,0.05,0.005,0.7056672955449282,7.92205251496574e+16,7.922052514965741,0.6864720027223342,7.496928957622954e+16,7.496928957622954,14262193447.025236,20210931606.248985,2567.6447049057365,1.0,0.0049999699064149,-6.018717011238572e-06,45,91,137,47.56921928099473,cone,Promweaver FAL-C tabulated boundary,45,10,1,0.005,0.001,,
ok,35,10000,0.1,0.01,0.7111716272402734,7.900332666726109e+16,7.900332666726109,0.7000060160831124,7.654204836963062e+16,7.654204836963062,28658984544.908794,40298267601.19916,10396.238105321238,1.0,0.0099999886405627,-1.1359437222455136e-06,45,91,137,30.53642128300271,cone,Promweaver FAL-C tabulated boundary,45,10,1,0.005,0.001,,
ok,35,10000,0.2,0.02,0.7221884108468469,8.147822373188658e+16,8.147822373188658,0.7158060585638685,8.00444569622926e+16,8.004445696229261,57851335913.27655,80105599929.85677,41075.72445324427,1.0,0.0199999959208441,-2.039577916279622e-07,45,91,134,46.31328242800373,cone,Promweaver FAL-C tabulated boundary,45,10,1,0.005,0.001,,
ok,35,12000,0.01,0.001,0.9639138811477566,1.2661605332448992e+17,12.661605332448993,0.8781288135106308,1.0508210367474574e+17,10.508210367474575,2837875571.2973704,2944117339.526473,63.60597686240368,1.0,0.0009999791278905,-2.0872109479782783e-05,45,91,96,29.96833019600308,cone,Promweaver FAL-C tabulated boundary,45,10,1,0.005,0.001,,
ok,35,12000,0.02,0.002,0.919054568678854,1.0038605234101672e+17,10.038605234101672,0.8336546637712877,8.259678585892118e+16,8.259678585892118,5532711516.367395,6020003278.2827015,304.93177099302176,1.0,0.0019999717587963,-1.4120601831042743e-05,45,91,114,32.88782834500307,cone,Promweaver FAL-C tabulated boundary,45,10,1,0.005,0.001,,
ok,35,12000,0.05,0.005,0.9247710392302964,8.489398905979117e+16,8.489398905979117,0.8405358890898531,7.013277494793434e+16,7.013277494793434,13878415732.130924,15007407394.247747,2268.8346414986204,1.0,0.0049999900133348,-1.99733302761601e-06,45,91,133,27.498825840986683,cone,Promweaver FAL-C tabulated boundary,45,10,1,0.005,0.001,,
ok,35,12000,0.1,0.01,0.9540773616271492,8.610828297580816e+16,8.610828297580817,0.8717688212125311,7.189197459656212e+16,7.189197459656212,28225160842.73585,29583723477.725872,9251.8359101659,1.0,0.0099999961607141,-3.83928583022608e-07,45,91,142,39.7569362459908,cone,Promweaver FAL-C tabulated boundary,45,10,1,0.005,0.001,,
ok,35,12000,0.2,0.02,0.976251858000734,9.249149102424178e+16,9.249149102424177,0.8975664475472541,7.818280593524016e+16,7.818280593524016,57141300814.67816,58531310692.40454,35301.93126563131,1.0,0.0199999983728671,-8.135664468500446e-08,45,91,144,48.41943954800081,cone,Promweaver FAL-C tabulated boundary,45,10,1,0.005,0.001,,
ok,35,14000,0.01,0.001,0.9961156859204257,1.3628617065837891e+17,13.628617065837894,0.9098136458300776,1.1369388936088846e+17,11.369388936088846,2474864108.949636,2484514744.5528126,44.94184793789648,1.0,0.0009999836978357,-1.6302164216209364e-05,45,91,76,22.450837800992304,cone,Promweaver FAL-C tabulated boundary,45,10,1,0.005,0.001,,
ok,35,14000,0.02,0.002,0.9762027245355156,1.03449753422152e+17,10.3449753422152,0.8899467650369944,8.597604961063965e+16,8.597604961063965,4897655116.958567,5017047170.493103,231.8712693957376,1.0,0.0019999831577541,-8.421122926153407e-06,45,91,94,32.86953498299408,cone,Promweaver FAL-C tabulated boundary,45,10,1,0.005,0.001,,
ok,35,14000,0.05,0.005,0.9954139755708364,8.670343886964981e+16,8.67034388696498,0.9092208106256182,7.23381820346396e+16,7.23381820346396,12369958798.991417,12426949091.103188,1764.819050819768,1.0,0.0049999939857154,-1.2028569106037332e-06,45,91,114,34.1842286799947,cone,Promweaver FAL-C tabulated boundary,45,10,1,0.005,0.001,,
ok,35,14000,0.1,0.01,1.0173964097580503,8.708662647674491e+16,8.70866264767449,0.9312706611244536,7.296639805727112e+16,7.296639805727112,25022044655.820923,24594193979.68141,7189.424416676504,1.0,0.0099999972554519,-2.7445480159371533e-07,45,91,126,30.690773291004007,cone,Promweaver FAL-C tabulated boundary,45,10,1,0.005,0.001,,
ok,35,14000,0.2,0.02,1.034422638791112,9.30475484769084e+16,9.30475484769084,0.948407857854856,7.821664599224392e+16,7.821664599224392,50473061239.619,48793461537.73744,27378.79667544976,1.0000000000000002,0.0199999984941242,-7.529379012632953e-08,45,91,133,33.86066560800828,cone,Promweaver FAL-C tabulated boundary,45,10,1,0.005,0.001,,
ok,36,6000,0.01,0.001,0.6956900693917635,6.736000754514125e+16,6.736000754514125,0.6950548657511298,6.723705685112478e+16,6.723705685112479,4713245835.397683,6774921826.206945,329.7904367069207,1.0,0.001000026710958,2.671095803655904e-05,45,91,64,18.647551974005182,cone,Promweaver FAL-C tabulated boundary,45,10,1,0.005,0.001,,
ok,36,6000,0.02,0.002,0.5464569346679256,5.954612451527042e+16,5.9546124515270416,0.5458939114893797,5.942348510834072e+16,5.942348510834072,8081216331.770819,14788386456.622908,1096.7306089606532,1.0,0.00200005128151,2.564075500316107e-05,45,91,65,22.345046788002943,cone,Promweaver FAL-C tabulated boundary,45,10,1,0.005,0.001,,
ok,36,6000,0.05,0.005,0.3176244271417169,5.481791169858391e+16,5.481791169858391,0.3171202958186895,5.464403656423956e+16,5.464403656423956,13656987162.87814,42997282311.61736,3402.415243261382,1.0,0.0050000834684,1.6693680009692565e-05,45,91,67,14.035199217003536,cone,Promweaver FAL-C tabulated boundary,45,10,1,0.005,0.001,,
ok,36,6000,0.1,0.01,0.1900871980200554,5.400231463322573e+16,5.400231463322573,0.1896087731834737,5.373082306693769e+16,5.373082306693769,17979829319.69839,94587271036.5345,5986.303819773431,0.9999999999999998,0.0100000730230371,7.302303709974532e-06,45,91,67,23.82940134400269,cone,Promweaver FAL-C tabulated boundary,45,10,1,0.005,0.001,,
ok,36,6000,0.2,0.02,0.1111578961833471,5.384780044151904e+16,5.384780044151904,0.1106977046139412,5.340286562985279e+16,5.34028656298528,22414407069.0155,201644757940.0433,9330.105225025216,1.0,0.0200000910541369,4.552706849708653e-06,45,91,67,23.56759863899788,cone,Promweaver FAL-C tabulated boundary,45,10,1,0.005,0.001,,
ok,36,8000,0.01,0.001,0.7831821670913147,8.768335088154446e+16,8.768335088154446,0.7820953129734097,8.744015615674202e+16,8.744015615674202,3793034118.128122,4843105828.386251,164.08026924883603,0.9999999999999998,0.00099997169809,-2.8301909949304812e-05,45,91,97,33.95790583000053,cone,Promweaver FAL-C tabulated boundary,45,10,1,0.005,0.001,,
ok,36,8000,0.02,0.002,0.6606661111078185,7.682940993156989e+16,7.682940993156989,0.6596091847945726,7.658378488807362e+16,7.658378488807362,6848189545.394731,10365583204.974062,610.413383252902,1.0000000000000002,0.0019999460620487,-2.6968975648392412e-05,45,91,99,34.66846198600251,cone,Promweaver FAL-C tabulated boundary,45,10,1,0.005,0.001,,
ok,36,8000,0.05,0.005,0.4562798675619445,6.952956328526729e+16,6.952956328526729,0.4552462621028951,6.921491106183804e+16,6.921491106183804,13390935936.8716,29348075356.521507,2579.006062927409,1.0,0.0049999144073218,-1.7118535629474793e-05,45,91,100,35.393621419003466,cone,Promweaver FAL-C tabulated boundary,45,10,1,0.005,0.001,,
ok,36,8000,0.1,0.01,0.3296112584079642,6.785209608063275e+16,6.785209608063275,0.3285900124904047,6.74322904649971e+16,6.74322904649971,21078133245.08648,63948462643.22014,6547.884689805985,1.0,0.0099999488117123,-5.118828760343474e-06,45,91,101,35.45634976499423,cone,Promweaver FAL-C tabulated boundary,45,10,1,0.005,0.001,,
ok,36,8000,0.2,0.02,0.2611960524041162,6.747734085673876e+16,6.747734085673876,0.2601871173214165,6.695705146229498e+16,6.695705146229497,35102610403.456604,134391810597.30064,18260.844922044733,1.0000000000000002,0.0199999855752993,-7.2123503471605e-07,45,91,101,36.73625288500625,cone,Promweaver FAL-C tabulated boundary,45,10,1,0.005,0.001,,
ok,36,10000,0.01,0.001,0.8835825089068693,1.1028952766228922e+17,11.028952766228922,0.8362968880466082,9.88009266749247e+16,9.88009266749247,3248937722.9295497,3677005475.073288,95.70805634236,1.0,0.0009999741024727,-2.5897527204969337e-05,45,91,112,21.84014457000012,cone,Promweaver FAL-C tabulated boundary,45,10,1,0.005,0.001,,
ok,36,10000,0.02,0.002,0.7875533549198033,9.157246143260435e+16,9.157246143260435,0.7534603624600006,8.381576949908296e+16,8.381576949908297,6088520855.039693,7730931265.805716,404.8169681398832,1.0,0.0019999536319355,-2.318403221723657e-05,45,91,126,38.733546553005,cone,Promweaver FAL-C tabulated boundary,45,10,1,0.005,0.001,,
ok,36,10000,0.05,0.005,0.7046539497310448,7.881485976285595e+16,7.881485976285595,0.685446217810445,7.457668845152405e+16,7.457668845152405,14249771467.301464,20222367976.139744,2576.3667851632163,1.0,0.0049999698637523,-6.027249523608834e-06,45,91,137,38.2654337920103,cone,Promweaver FAL-C tabulated boundary,45,10,1,0.005,0.001,,
ok,36,10000,0.1,0.01,0.7103975421189377,7.859344587122816e+16,7.859344587122816,0.6992260646770673,7.614101255555125e+16,7.614101255555124,28640125200.895348,40315631041.55602,10436.707061641178,1.0,0.0099999886466555,-1.1353344448600251e-06,45,91,137,39.28296528800274,cone,Promweaver FAL-C tabulated boundary,45,10,1,0.005,0.001,,
ok,36,10000,0.2,0.02,0.7214070379205278,8.104505931745488e+16,8.104505931745488,0.7150214349390034,7.961665316217088e+16,7.961665316217088,57813724454.6129,80140227937.42389,41241.58540277654,1.0,0.019999995910635,-2.04468245806888e-07,45,91,134,26.889223514008336,cone,Promweaver FAL-C tabulated boundary,45,10,1,0.005,0.001,,
ok,36,12000,0.01,0.001,0.9632154012236184,1.2625089056426398e+17,12.6250890564264,0.8774301762411799,1.0476416284753864e+17,10.476416284753864,2836785252.72467,2945120322.122099,63.740941027104455,0.9999999999999998,0.0009999789748068,-2.1025193180880183e-05,45,91,96,33.48990328599757,cone,Promweaver FAL-C tabulated boundary,45,10,1,0.005,0.001,,
ok,36,12000,0.02,0.002,0.9182737238615482,9.992199891642493e+16,9.992199891642493,0.8328734568385318,8.22005724614323e+16,8.22005724614323,5530169454.601962,6022354022.443713,306.0664771347508,1.0,0.0019999736161962,-1.3191901875779856e-05,45,91,115,28.383222365999245,cone,Promweaver FAL-C tabulated boundary,45,10,1,0.005,0.001,,
ok,36,12000,0.05,0.005,0.924334151075248,8.445465331784392e+16,8.445465331784392,0.8400985138254718,6.97631397574531e+16,6.976313975745311,13874873604.250423,15010668585.716791,2279.4731843775203,1.0,0.0049999900185784,-1.99628431615112e-06,45,91,133,45.64561617800791,cone,Promweaver FAL-C tabulated boundary,45,10,1,0.005,0.001,,
ok,36,12000,0.1,0.01,0.9537756959647536,8.567105351016997e+16,8.567105351016997,0.8714665323140266,7.1522556704025816e+16,7.152255670402582,28220409075.956707,29588098328.93832,9295.922669140522,1.0,0.0099999961606953,-3.83930468493554e-07,45,91,142,51.18300411201199,cone,Promweaver FAL-C tabulated boundary,45,10,1,0.005,0.001,,
ok,36,12000,0.2,0.02,0.9759982713775144,9.202616120568314e+16,9.202616120568312,0.8973119250850314,7.778575800410307e+16,7.778575800410307,57133482997.89043,58538508390.23803,35470.72741820127,1.0,0.0199999983726921,-8.136539324243852e-08,45,91,144,35.41982324399578,cone,Promweaver FAL-C tabulated boundary,45,10,1,0.005,0.001,,
ok,36,14000,0.01,0.001,0.99562014920692,1.3584039768131146e+17,13.584039768131143,0.909318089875664,1.133113077514604e+17,11.33113077514604,2474221494.8519588,2485105887.845728,45.06591639954893,1.0,0.0009999835932967,-1.64067032711393e-05,45,91,76,27.15171287499834,cone,Promweaver FAL-C tabulated boundary,45,10,1,0.005,0.001,,
ok,36,14000,0.02,0.002,0.975761155099746,1.0293004240668291e+17,10.293004240668292,0.8895051804522576,8.553661612711422e+16,8.553661612711423,4896488105.457696,5018121576.029697,232.93098114309177,1.0,0.001999983149922,-8.42503895186024e-06,45,91,94,23.01500966699677,cone,Promweaver FAL-C tabulated boundary,45,10,1,0.005,0.001,,
ok,36,14000,0.05,0.005,0.9951736705078316,8.624955007300178e+16,8.624955007300178,0.9089804957320434,7.195619875446835e+16,7.195619875446835,12368400413.944304,12428383889.650915,1773.6594413556627,1.0,0.004999993991247,-1.201750599207074e-06,45,91,114,32.91814280700055,cone,Promweaver FAL-C tabulated boundary,45,10,1,0.005,0.001,,
ok,36,14000,0.1,0.01,1.0172311023587477,8.664018471292418e+16,8.664018471292417,0.931105343738872,7.259015885575784e+16,7.259015885575784,25019945243.06727,24596126863.45434,7225.25767968156,1.0,0.0099999972551979,-2.744802090476339e-07,45,91,126,43.95541788599803,cone,Promweaver FAL-C tabulated boundary,45,10,1,0.005,0.001,,
ok,36,14000,0.2,0.02,1.0342974494588086,9.257856260569226e+16,9.257856260569223,0.9482826556030411,7.782070136200534e+16,7.7820701362005344,50469932334.02896,48796342251.8707,27514.080993571664,1.0,0.0199999984934604,-7.53269788558719e-08,45,91,133,46.02430658400408,cone,Promweaver FAL-C tabulated boundary,45,10,1,0.005,0.001,,
ok,37,6000,0.01,0.001,0.6934904452259567,6.699407639168858e+16,6.699407639168857,0.6928549685916134,6.687135324641846e+16,6.687135324641846,4704150927.901559,6783295949.187631,330.31332237640146,1.0,0.0010000267679789,2.676797899504348e-05,45,91,64,23.11774627900741,cone,Promweaver FAL-C tabulated boundary,45,10,1,0.005,0.001,,
ok,37,6000,0.02,0.002,0.5436658501542322,5.919476215847035e+16,5.919476215847035,0.5431024031194852,5.9072128633222616e+16,5.907212863322262,8053709717.368998,14813712715.41931,1095.742897623291,1.0000000000000002,0.0020000514164613,2.570823067079252e-05,45,91,65,18.52278484099952,cone,Promweaver FAL-C tabulated boundary,45,10,1,0.005,0.001,,
ok,37,6000,0.05,0.005,0.3153790052057497,5.4495697132542e+16,5.4495697132542,0.3148743246815826,5.432142483809736e+16,5.432142483809736,13582165071.241814,43066167522.409935,3385.1334642767997,1.0,0.0050000832966573,1.6659331473524438e-05,45,91,67,23.845463511999696,cone,Promweaver FAL-C tabulated boundary,45,10,1,0.005,0.001,,
ok,37,6000,0.1,0.01,0.1887182304015385,5.369631231925602e+16,5.369631231925602,0.188239267472738,5.342409795610786e+16,5.342409795610786,17869509941.798035,94688837977.00316,5946.765648662762,1.0,0.0100000728628031,7.286280314516834e-06,45,91,67,12.991119416998115,cone,Promweaver FAL-C tabulated boundary,45,10,1,0.005,0.001,,
ok,37,6000,0.2,0.02,0.1103680571382896,5.354482748918361e+16,5.354482748918361,0.1099073579142559,5.309874596331079e+16,5.309874596331079,22269831157.355125,201777867027.69745,9262.246290312343,1.0,0.0200000911530393,4.5576519660736606e-06,45,91,67,14.8932833840081,cone,Promweaver FAL-C tabulated boundary,45,10,1,0.005,0.001,,
ok,37,8000,0.01,0.001,0.7813634412277055,8.72598763753536e+16,8.72598763753536,0.7802765035097813,8.701727459300293e+16,8.701727459300292,3787909789.790712,4847820604.249178,164.43136492507062,1.0,0.0009999713279851,-2.8672014869973728e-05,45,91,97,34.09508762099722,cone,Promweaver FAL-C tabulated boundary,45,10,1,0.005,0.001,,
ok,37,8000,0.02,0.002,0.6582593116921981,7.638864689230192e+16,7.638864689230192,0.6572022911163733,7.614351692243888e+16,7.614351692243888,6832653501.569355,10379881272.024149,611.1530413456333,1.0,0.0019999453853794,-2.7307310266526733e-05,45,91,99,34.66921652000747,cone,Promweaver FAL-C tabulated boundary,45,10,1,0.005,0.001,,
ok,37,8000,0.05,0.005,0.4536544402096749,6.910622156062315e+16,6.910622156062315,0.4526207145544594,6.8791640780402296e+16,6.87916407804023,13336599413.14824,29398145881.66312,2573.7897383197947,1.0,0.0049999196901822,-1.6061963557280342e-05,45,91,101,31.408650536992354,cone,Promweaver FAL-C tabulated boundary,45,10,1,0.005,0.001,,
ok,37,8000,0.1,0.01,0.3278448586982949,6.745567917409643e+16,6.745567917409643,0.3268235079935104,6.703603807683313e+16,6.703603807683312,20991364625.51822,64028347764.4403,6532.250423336723,1.0000000000000002,0.0099999487020272,-5.129797272032665e-06,45,91,101,35.33177845700993,cone,Promweaver FAL-C tabulated boundary,45,10,1,0.005,0.001,,
ok,37,8000,0.2,0.02,0.2600472016730049,6.7085908547092616e+16,6.708590854709262,0.2590381838243716,6.656631399765219e+16,6.656631399765219,34978039160.06359,134506500877.66206,18237.2609983228,1.0000000000000002,0.0199999855953926,-7.202303680536869e-07,45,91,101,25.915479271992808,cone,Promweaver FAL-C tabulated boundary,45,10,1,0.005,0.001,,
ok,37,10000,0.01,0.001,0.8821584114156708,1.0976993490943827e+17,10.976993490943828,0.8348540067952926,9.831308391851718e+16,9.83130839185172,3246046979.489826,3679664488.241554,95.99004501321834,1.0,0.0009999737375783,-2.626242169394277e-05,45,91,112,22.5506540859933,cone,Promweaver FAL-C tabulated boundary,45,10,1,0.005,0.001,,
ok,37,10000,0.02,0.002,0.7857935187711542,9.103905907638336e+16,9.103905907638335,0.7516742609487997,8.330483991382645e+16,8.330483991382645,6080634916.159289,7738209556.205498,406.1347004102224,1.0,0.0019999563121893,-2.1843905311522485e-05,45,91,127,44.10128323400568,cone,Promweaver FAL-C tabulated boundary,45,10,1,0.005,0.001,,
ok,37,10000,0.05,0.005,0.7033574247189324,7.833879120621176e+16,7.833879120621176,0.6841337321854679,7.411510399242448e+16,7.411510399242448,14233857602.183344,20237019048.84464,2586.2372793820628,1.0,0.0049999697907496,-6.041850068513876e-06,45,91,137,26.33556508399488,cone,Promweaver FAL-C tabulated boundary,45,10,1,0.005,0.001,,
ok,37,10000,0.1,0.01,0.7094953282887241,7.814010750672373e+16,7.814010750672373,0.6983169985653845,7.569725861570894e+16,7.569725861570895,28618123692.01309,40335887427.24906,10481.134845903412,0.9999999999999998,0.009999988655823,-1.134417697626344e-06,45,91,137,29.016593826003373,cone,Promweaver FAL-C tabulated boundary,45,10,1,0.005,0.001,,
ok,37,10000,0.2,0.02,0.7205395569959893,8.057344430145085e+16,8.057344430145085,0.7141503370587158,7.915084644514842e+16,7.915084644514842,57771930707.73032,80178707951.28587,41423.02723477709,0.9999999999999998,0.0199999961196479,-1.9401760528031661e-07,45,91,134,46.224779140000464,cone,Promweaver FAL-C tabulated boundary,45,10,1,0.005,0.001,,
ok,37,12000,0.01,0.001,0.9621542226948916,1.255788712337306e+17,12.55788712337306,0.8763687584692479,1.0418398589875248e+17,10.418398589875247,2835127247.5060387,2946645330.4805427,64.00715686152918,1.0000000000000002,0.000999978708111,-2.1291888912134543e-05,45,91,96,20.7034223810042,cone,Promweaver FAL-C tabulated boundary,45,10,1,0.005,0.001,,
ok,37,12000,0.02,0.002,0.9172401054888129,9.926430928250611e+16,9.926430928250612,0.8318393598783808,8.164056197298509e+16,8.164056197298509,5526794322.648921,6025460824.89884,307.71841063168034,1.0,0.0019999735063795,-1.3246810221662075e-05,45,91,115,39.929863754005055,cone,Promweaver FAL-C tabulated boundary,45,10,1,0.005,0.001,,
ok,37,12000,0.05,0.005,0.9238072308018268,8.394472714007792e+16,8.394472714007792,0.839571005771133,6.933389067268308e+16,6.933389067268308,13870599484.2639,15014603720.112465,2291.907265739472,1.0000000000000002,0.004999990026207,-1.9947585807103536e-06,45,91,133,45.830517820999376,cone,Promweaver FAL-C tabulated boundary,45,10,1,0.005,0.001,,
ok,37,12000,0.1,0.01,0.95343179447218,8.51862566688802e+16,8.518625666888019,0.8711219200898559,7.111286203352975e+16,7.111286203352975,28214990308.28919,29593087278.89551,9345.23606538136,1.0000000000000002,0.0099999961615966,-3.8384033087396347e-07,45,91,142,40.74700827700144,cone,Promweaver FAL-C tabulated boundary,45,10,1,0.005,0.001,,
ok,37,12000,0.2,0.02,0.9757161807877852,9.151736310988968e+16,9.151736310988968,0.8970287931477317,7.735159098055878e+16,7.735159098055878,57124784325.09797,58546517368.37641,35657.06958001636,1.0,0.0199999984255645,-7.872177042178574e-08,45,91,144,35.63681019900832,cone,Promweaver FAL-C tabulated boundary,45,10,1,0.005,0.001,,
ok,37,14000,0.01,0.001,0.9948748184484396,1.3504350438413778e+17,13.504350438413775,0.9085727301484344,1.1263055341417389e+17,11.263055341417386,2473254329.934258,2485995508.250405,45.29641768728461,1.0,0.0009999834194812,-1.658051874248688e-05,45,91,76,26.96306478099723,cone,Promweaver FAL-C tabulated boundary,45,10,1,0.005,0.001,,
ok,37,14000,0.02,0.002,0.9751725282235488,1.0222221217678077e+17,10.222221217678076,0.8889165333660479,8.49384490584611e+16,8.49384490584611,4894931657.936019,5019554505.758087,234.39480936323088,1.0,0.0019999831376123,-8.43119380778204e-06,45,91,94,33.23485699199955,cone,Promweaver FAL-C tabulated boundary,45,10,1,0.005,0.001,,
ok,37,14000,0.05,0.005,0.9948923454335648,8.572619825817685e+16,8.572619825817684,0.9086991591453544,7.151574014688515e+16,7.151574014688515,12366575562.942982,12430064036.278963,1783.9609624749846,1.0,0.0049999940006633,-1.1998673233801214e-06,45,91,114,39.624728720998974,cone,Promweaver FAL-C tabulated boundary,45,10,1,0.005,0.001,,
ok,37,14000,0.1,0.01,1.0170452318821614,8.614520027274613e+16,8.614520027274613,0.9309194620316114,7.217300177141419e+16,7.21730017714142,25017584286.269783,24598300549.496517,7265.40215286519,1.0,0.0099999972558238,-2.744176110305862e-07,45,91,126,36.68455330601137,cone,Promweaver FAL-C tabulated boundary,45,10,1,0.005,0.001,,
ok,37,14000,0.2,0.02,1.0341587575404263,9.206502431406592e+16,9.206502431406593,0.9481439493697776,7.738714057983e+16,7.738714057983,50466465522.1608,48799534069.785225,27663.75354022829,1.0000000000000002,0.0199999984929241,-7.535379039497192e-08,45,91,133,38.02673551200132,cone,Promweaver FAL-C tabulated boundary,45,10,1,0.005,0.001,,
ok,38,6000,0.01,0.001,0.6917766847680582,6.668852623938274e+16,6.668852623938275,0.6911409945572893,6.656601917561706e+16,6.656601917561707,4697049377.313529,6789834755.544522,330.82561719429015,1.0,0.0010000268182501,2.6818250113691544e-05,45,91,64,16.29072808199271,cone,Promweaver FAL-C tabulated boundary,45,10,1,0.005,0.001,,
ok,38,6000,0.02,0.002,0.5414903579337088,5.889399238135599e+16,5.889399238135599,0.5409265781672286,5.877141972316837e+16,5.877141972316837,8032204350.03678,14833513159.287151,1095.464989077114,1.0,0.0020000514980119,2.5749005956934856e-05,45,91,65,22.920422759998477,cone,Promweaver FAL-C tabulated boundary,45,10,1,0.005,0.001,,
ok,38,6000,0.05,0.005,0.3135481686472839,5.420280433237391e+16,5.420280433237391,0.3130430356977522,5.402830120605434e+16,5.402830120605434,13520980103.318926,43122497451.19361,3372.831077766848,1.0,0.0050000831365919,1.662731838325548e-05,45,91,67,19.71605744099361,cone,Promweaver FAL-C tabulated boundary,45,10,1,0.005,0.001,,
ok,38,6000,0.1,0.01,0.1875573634328457,5.34098178075632e+16,5.34098178075632,0.1870779393832411,5.313712017100023e+16,5.313712017100023,17775774709.68471,94775136440.0538,5916.106429494728,1.0000000000000002,0.0100000727201464,7.272014649478685e-06,45,91,67,19.429315706991478,cone,Promweaver FAL-C tabulated boundary,45,10,1,0.005,0.001,,
ok,38,6000,0.2,0.02,0.1096981697540541,5.32603198305562e+16,5.32603198305562,0.10923703559076,5.281348408533598e+16,5.281348408533598,22147062107.13664,201890898971.1576,9209.339364424266,1.0,0.0200000912494744,4.562473720874648e-06,45,91,67,23.5982248490036,cone,Promweaver FAL-C tabulated boundary,45,10,1,0.005,0.001,,
ok,38,8000,0.01,0.001,0.7799278460350407,8.691818334895626e+16,8.691818334895625,0.7788408420723981,8.667607231160709e+16,8.667607231160709,3783857948.768085,4851548727.237113,164.72480699433933,1.0,0.0009999710494817,-2.895051829428924e-05,45,91,97,18.224613382000825,cone,Promweaver FAL-C tabulated boundary,45,10,1,0.005,0.001,,
ok,38,8000,0.02,0.002,0.6563586763657225,7.601317827398072e+16,7.601317827398072,0.655301580922224,7.576853009284206e+16,7.576853009284206,6820354557.646901,10391200426.28431,611.9627852469062,0.9999999999999998,0.0019999448786727,-2.756066363389202e-05,45,91,99,34.600926886996604,cone,Promweaver FAL-C tabulated boundary,45,10,1,0.005,0.001,,
ok,38,8000,0.05,0.005,0.4515725515503097,6.873217947081082e+16,6.8732179470810815,0.4505387298625716,6.841783140218207e+16,6.841783140218207,13293367994.5989,29437945129.66071,2571.046546179626,1.0,0.0049999193295536,-1.6134089267892667e-05,45,91,101,25.542828707999437,cone,Promweaver FAL-C tabulated boundary,45,10,1,0.005,0.001,,
ok,38,8000,0.1,0.01,0.3263348489800121,6.70878920864635e+16,6.70878920864635,0.3253134080553511,6.666857386959013e+16,6.666857386959013,20917018296.07993,64096796163.38214,6521.618742092248,1.0,0.0099999486184819,-5.138151807845825e-06,45,91,101,29.312665208010003,cone,Promweaver FAL-C tabulated boundary,45,10,1,0.005,0.001,,
ok,38,8000,0.2,0.02,0.2590260333473502,6.671974770039567e+16,6.671974770039567,0.258016941570973,6.620091794647252e+16,6.620091794647252,34867124360.07712,134608571615.35112,18221.23738537269,1.0000000000000002,0.019999980055699,-9.972150476905692e-07,45,91,101,35.30454541499785,cone,Promweaver FAL-C tabulated boundary,45,10,1,0.005,0.001,,
ok,38,10000,0.01,0.001,0.8810149180487052,1.0934181427666066e+17,10.934181427666063,0.8336953997272992,9.791169328895666e+16,9.791169328895666,3243722842.473991,3681802403.140089,96.22794306453578,1.0000000000000002,0.0009999734573064,-2.654269354784508e-05,45,91,112,35.78763939101191,cone,Promweaver FAL-C tabulated boundary,45,10,1,0.005,0.001,,
ok,38,10000,0.02,0.002,0.784408043632388,9.058700262626494e+16,9.058700262626497,0.7502680774186739,8.287332231879762e+16,8.28733223187976,6074408690.319698,7743939827.784918,407.3259945387914,1.0,0.0019999559998127,-2.200009363725018e-05,45,91,127,33.842514433999895,cone,Promweaver FAL-C tabulated boundary,45,10,1,0.005,0.001,,
ok,38,10000,0.05,0.005,0.7022741018780699,7.79135883148006e+16,7.791358831480061,0.6830370339765404,7.370354946485093e+16,7.370354946485093,14220542945.12294,20249277179.798286,2595.4887462893425,1.0,0.0049999697318751,-6.05362496831907e-06,45,91,137,30.30267486300727,cone,Promweaver FAL-C tabulated boundary,45,10,1,0.005,0.001,,
ok,38,10000,0.1,0.01,0.7086908530767828,7.772191207748491e+16,7.772191207748492,0.697506398693238,7.528807855346898e+16,7.528807855346898,28598489185.404835,40353969662.85713,10523.075948933649,1.0,0.0099999894296286,-1.0570371340376523e-06,45,91,138,26.975329474007594,cone,Promweaver FAL-C tabulated boundary,45,10,1,0.005,0.001,,
ok,38,10000,0.2,0.02,0.7197349799127617,8.013419937955925e+16,8.013419937955925,0.7133423978778201,7.871704020789357e+16,7.871704020789357,57733131075.72459,80214429876.28914,41594.15642276963,1.0000000000000002,0.0199999961081392,-1.9459303716995446e-07,45,91,134,46.448402709007496,cone,Promweaver FAL-C tabulated boundary,45,10,1,0.005,0.001,,
ok,38,12000,0.01,0.001,0.9612783854640744,1.2500377704904477e+17,12.500377704904476,0.8754927235849792,1.036883259895371e+17,10.368832598953713,2833757561.619292,2947905210.883572,64.23951425790841,1.0,0.0009999784992818,-2.150071818783801e-05,45,91,96,18.3118684499932,cone,Promweaver FAL-C tabulated boundary,45,10,1,0.005,0.001,,
ok,38,12000,0.02,0.002,0.9163862017098682,9.871081644903917e+16,9.871081644903915,0.8309850603448509,8.1169728530553e+16,8.1169728530553,5524003398.556112,6028029872.393294,309.1314067188683,1.0,0.0019999734168755,-1.3291562207633225e-05,45,91,115,39.86908500100253,cone,Promweaver FAL-C tabulated boundary,45,10,1,0.005,0.001,,
ok,38,12000,0.05,0.005,0.9233432191723828,8.348356471489928e+16,8.348356471489929,0.8391064762753256,6.894595676196509e+16,6.894595676196508,13866833779.382393,15018070736.265987,2303.3165835898094,1.0,0.0049999900282225,-1.994355485097909e-06,45,91,133,38.59385031499551,cone,Promweaver FAL-C tabulated boundary,45,10,1,0.005,0.001,,
ok,38,12000,0.1,0.01,0.953117048458828,8.473816967739125e+16,8.473816967739126,0.8708065233793214,7.073428222870809e+16,7.073428222870809,28210029329.997284,29597654743.04794,9391.349350936402,1.0,0.0099999961609153,-3.839084630058442e-07,45,91,142,42.027939405001234,cone,Promweaver FAL-C tabulated boundary,45,10,1,0.005,0.001,,
ok,38,12000,0.2,0.02,0.9754535228997574,9.10444168072044e+16,9.10444168072044,0.896765165385979,7.694804937210131e+16,7.694804937210131,57116682607.51971,58553976449.567154,35832.130585189225,1.0,0.0199999984257307,-7.871346525967214e-08,45,91,144,49.65818239298824,cone,Promweaver FAL-C tabulated boundary,45,10,1,0.005,0.001,,
ok,38,14000,0.01,0.001,0.9942433229687982,1.3433781507137427e+17,13.433781507137429,0.9079412100950316,1.1202846138550272e+17,11.202846138550273,2472434373.8473606,2486749789.241432,45.50417713533721,1.0,0.0009999832861112,-1.6713888720308948e-05,45,91,76,26.978006755001843,cone,Promweaver FAL-C tabulated boundary,45,10,1,0.005,0.001,,
ok,38,14000,0.02,0.002,0.9746737361468696,1.0161194470738045e+17,10.161194470738044,0.8884177241493785,8.442297737821971e+16,8.44229773782197,4893612059.473241,5020769389.784648,235.6754322297952,1.0,0.0019999831287089,-8.435645535830733e-06,45,91,94,33.11673441900348,cone,Promweaver FAL-C tabulated boundary,45,10,1,0.005,0.001,,
ok,38,14000,0.05,0.005,0.9946392935756058,8.525050228055642e+16,8.525050228055642,0.9084460969285902,7.111546412752605e+16,7.111546412752605,12364933680.604675,12431575708.369877,1793.4391098669546,1.0,0.0049999940060586,-1.1987882783670576e-06,45,91,114,37.30177541800367,cone,Promweaver FAL-C tabulated boundary,45,10,1,0.005,0.001,,
ok,38,14000,0.1,0.01,1.016873224932444,8.568722628821763e+16,8.568722628821764,0.9307474446868578,7.178705970930395e+16,7.178705970930396,25015399051.68643,24600312446.37042,7302.957708191803,1.0000000000000002,0.0099999972553084,-2.744691586856196e-07,45,91,126,43.73812760999135,cone,Promweaver FAL-C tabulated boundary,45,10,1,0.005,0.001,,
ok,38,14000,0.2,0.02,1.034029120796784,9.158771306379894e+16,9.158771306379894,0.9480142992440628,7.698417347582038e+16,7.698417347582039,50463224647.08816,48802517871.25985,27804.35231534384,1.0,0.0199999984921351,-7.539324078237318e-08,45,91,133,28.515260507003404,cone,Promweaver FAL-C tabulated boundary,45,10,1,0.005,0.001,,
ok,39,6000,0.01,0.001,0.689774571409916,6.638391863060834e+16,6.638391863060835,0.6891386307027841,6.62615691640359e+16,6.62615691640359,4688735577.254239,6797489747.513232,331.1681769758185,1.0,0.0010000268769003,2.6876900393419875e-05,45,91,64,22.99390445499739,cone,Promweaver FAL-C tabulated boundary,45,10,1,0.005,0.001,,
ok,39,6000,0.02,0.002,0.5387818556858605,5.857733513106054e+16,5.857733513106054,0.5382176587267481,5.845471834305861e+16,5.845471834305861,8005349998.991831,14858239776.46974,1094.0345521518475,1.0,0.0020000517124559,2.585622799525754e-05,45,91,65,23.097438348006108,cone,Promweaver FAL-C tabulated boundary,45,10,1,0.005,0.001,,
ok,39,6000,0.05,0.005,0.3113911881830152,5.392426638926568e+16,5.392426638926568,0.3108855167816354,5.374927223384023e+16,5.374927223384023,13448690384.433107,43189052531.98383,3354.0979816157032,0.9999999999999998,0.0050000830883065,1.661766130863634e-05,45,91,67,19.26575837199925,cone,Promweaver FAL-C tabulated boundary,45,10,1,0.005,0.001,,
ok,39,6000,0.1,0.01,0.1862553909873145,5.314950105278132e+16,5.314950105278132,0.1857754444016751,5.287594058855882e+16,5.287594058855882,17670442481.761658,94872112898.8162,5874.834783324975,0.9999999999999996,0.0100000726572626,7.265726265429094e-06,45,91,67,23.894304491986983,cone,Promweaver FAL-C tabulated boundary,45,10,1,0.005,0.001,,
ok,39,6000,0.2,0.02,0.1089505647438709,5.300265597565509e+16,5.300265597565509,0.1084889403470713,5.255446215418116e+16,5.255446215418116,22009887504.167774,202017195192.24387,9139.82778841553,1.0000000000000002,0.0200000914709274,4.5735463746060514e-06,45,91,67,19.153981797004235,cone,Promweaver FAL-C tabulated boundary,45,10,1,0.005,0.001,,
ok,39,8000,0.01,0.001,0.7782933660547376,8.664076276604395e+16,8.664076276604396,0.7772062862331277,8.63989011432222e+16,8.63989011432222,3779244243.120263,4855809400.352087,164.84950724320365,1.0000000000000002,0.0009999726008886,-2.7399111313325744e-05,45,91,98,19.344794896998792,cone,Promweaver FAL-C tabulated boundary,45,10,1,0.005,0.001,,
ok,39,8000,0.02,0.002,0.6540785474538323,7.562607320045347e+16,7.562607320045347,0.6530213616931231,7.538180224591178e+16,7.538180224591177,6805564277.642056,10404811936.019691,612.4303851444706,1.0,0.001999944208204,-2.789589799217715e-05,45,91,99,34.78702575599891,cone,Promweaver FAL-C tabulated boundary,45,10,1,0.005,0.001,,
ok,39,8000,0.05,0.005,0.4490654147366931,6.83610707755098e+16,6.83610707755098,0.4480314764665176,6.804664104637551e+16,6.804664104637551,13241150595.138124,29486017316.43484,2564.735559202762,1.0,0.0049999189372453,-1.6212550922774235e-05,45,91,101,35.381795330991736,cone,Promweaver FAL-C tabulated boundary,45,10,1,0.005,0.001,,
ok,39,8000,0.1,0.01,0.3246867354478427,6.675002668114154e+16,6.675002668114153,0.3236651953683668,6.633066516903806e+16,6.633066516903806,20835690544.507107,64171671552.17563,6503.7577069480585,1.0,0.0099999484559897,-5.154401020585064e-06,45,91,101,32.51265670999419,cone,Promweaver FAL-C tabulated boundary,45,10,1,0.005,0.001,,
ok,39,8000,0.2,0.02,0.2579858052585287,6.638676046886925e+16,6.638676046886925,0.2569766377363296,6.58684038170775e+16,6.58684038170775,34753987393.93164,134712789174.9878,18193.983728788087,1.0,0.0199999866233053,-6.688347334304899e-07,45,91,102,35.69942650900339,cone,Promweaver FAL-C tabulated boundary,45,10,1,0.005,0.001,,
ok,39,10000,0.01,0.001,0.8798126380952326,1.0902648420620312e+17,10.902648420620311,0.8324771999963197,9.761044910240611e+16,9.761044910240614,3241276240.694414,3684052831.647972,96.36073055992738,1.0,0.000999973141477,-2.685852295149053e-05,45,91,112,32.39654493799026,cone,Promweaver FAL-C tabulated boundary,45,10,1,0.005,0.001,,
ok,39,10000,0.02,0.002,0.7828473003326218,9.013927231226182e+16,9.013927231226182,0.748683938543711,8.24436031157029e+16,8.24436031157029,6067383671.176235,7750405051.659859,408.40294878049775,1.0,0.0019999556154805,-2.219225974948308e-05,45,91,127,37.33434692400624,cone,Promweaver FAL-C tabulated boundary,45,10,1,0.005,0.001,,
ok,39,10000,0.05,0.005,0.7010494560090326,7.74981197393036e+16,7.74981197393036,0.6817972155150851,7.33000547326222e+16,7.33000547326222,14205477713.78073,20263160597.32839,2603.877329611898,1.0000000000000002,0.0049999717079406,-5.6584118734298574e-06,45,91,138,42.0015284330002,cone,Promweaver FAL-C tabulated boundary,45,10,1,0.005,0.001,,
ok,39,10000,0.1,0.01,0.7078802077457055,7.733415362999894e+16,7.733415362999894,0.6966895697136296,7.490838170557109e+16,7.490838170557109,28578684075.087124,40372203887.57296,10561.196381243042,1.0,0.0099999894413145,-1.0558685472825122e-06,45,91,138,27.67372705199523,cone,Promweaver FAL-C tabulated boundary,45,10,1,0.005,0.001,,
ok,39,10000,0.2,0.02,0.7189764177488601,7.97323908333959e+16,7.973239083339591,0.7125806592698146,7.832015827826814e+16,7.832015827826814,57696518780.70635,80248137986.71747,41750.76458409794,1.0,0.0199999960996888,-1.9501555873630005e-07,45,91,134,46.18165772900102,cone,Promweaver FAL-C tabulated boundary,45,10,1,0.005,0.001,,
ok,39,12000,0.01,0.001,0.9603990144548674,1.2459986785707914e+17,12.459986785707914,0.8746131539580279,1.0333469923825922e+17,10.333469923825922,2832381130.7567096,2949171217.511503,64.38516354663103,1.0,0.0009999782753847,-2.172461527230433e-05,45,91,96,22.330234185996236,cone,Promweaver FAL-C tabulated boundary,45,10,1,0.005,0.001,,
ok,39,12000,0.02,0.002,0.9154866677968236,9.81922226983874e+16,9.81922226983874,0.8300851091621476,8.072690253870608e+16,8.072690253870608,5521060738.990436,6030738549.450661,310.4330551438084,1.0,0.00199997331476,-1.3342619958325516e-05,45,91,115,23.08078562800074,cone,Promweaver FAL-C tabulated boundary,45,10,1,0.005,0.001,,
ok,39,12000,0.05,0.005,0.922870456760302,8.304998688294997e+16,8.304998688294997,0.8386331856613408,6.858074035828985e+16,6.858074035828984,13862997222.221457,15021606901.240429,2314.060473654026,1.0,0.0049999907350463,-1.8529907264835937e-06,45,91,134,46.36478094299673,cone,Promweaver FAL-C tabulated boundary,45,10,1,0.005,0.001,,
ok,39,12000,0.1,0.01,0.9528151761394976,8.432604176133786e+16,8.432604176133786,0.8705040267780291,7.038594605449829e+16,7.038594605449829,28205269832.219063,29602036720.802235,9434.06366161287,1.0000000000000002,0.0099999961624754,-3.8375245290517284e-07,45,91,142,38.904799973999616,cone,Promweaver FAL-C tabulated boundary,45,10,1,0.005,0.001,,
ok,39,12000,0.2,0.02,0.9752078806293378,9.061191689115043e+16,9.061191689115043,0.8965186158267304,7.657897296850517e+16,7.657897296850517,57109103872.61444,58560954035.52298,35993.60721008644,1.0000000000000002,0.0199999984265926,-7.867036796310732e-08,45,91,144,40.90735308200237,cone,Promweaver FAL-C tabulated boundary,45,10,1,0.005,0.001,,
ok,39,14000,0.01,0.001,0.9936316442707772,1.3384458415287938e+17,13.384458415287938,0.9073295075713504,1.1160407299276483e+17,11.160407299276486,2471639620.266041,2487480782.760264,45.64250732395015,1.0,0.0009999831350938,-1.6864906184684697e-05,45,91,76,27.27151945199876,cone,Promweaver FAL-C tabulated boundary,45,10,1,0.005,0.001,,
ok,39,14000,0.02,0.002,0.9741756216136628,1.0106468204134858e+17,10.106468204134858,0.8879195924864244,8.395995120537517e+16,8.395995120537517,4892293609.413944,5021983203.921852,236.82394558882777,0.9999999999999998,0.0019999831171646,-8.441417664482517e-06,45,91,94,26.29214441300428,cone,Promweaver FAL-C tabulated boundary,45,10,1,0.005,0.001,,
ok,39,14000,0.05,0.005,0.9943962692567236,8.481362405914554e+16,8.481362405914554,0.9082030626582624,7.074774023482365e+16,7.074774023482365,12363356492.705286,12433027833.005108,1802.2173378551165,1.0,0.004999994014676,-1.19706479034809e-06,45,91,114,39.84682902498753,cone,Promweaver FAL-C tabulated boundary,45,10,1,0.005,0.001,,
ok,39,14000,0.1,0.01,1.0167126923192271,8.527001891559866e+16,8.527001891559866,0.930586902370258,7.143544268562689e+16,7.143544268562689,25013359271.638195,24602190432.559784,7337.492708560822,1.0,0.0099999972561017,-2.743898270055056e-07,45,91,126,43.82342264900217,cone,Promweaver FAL-C tabulated boundary,45,10,1,0.005,0.001,,
ok,39,14000,0.2,0.02,1.033909308612287,9.1153244545835e+16,9.1153244545835,0.9478944746900976,7.661736721945738e+16,7.661736721945737,50460229031.33105,48805275869.949135,27933.56096736688,1.0,0.0199999984918262,-7.540868762756503e-08,45,91,133,26.061785844998667,cone,Promweaver FAL-C tabulated boundary,45,10,1,0.005,0.001,,
ok,40,6000,0.01,0.001,0.6881175077416792,6.610958947620111e+16,6.610958947620111,0.6874813589032146,6.598741238175496e+16,6.598741238175496,4681840397.278449,6803838508.111353,331.5650525023953,1.0,0.00100002692315,2.692315004900088e-05,45,91,64,22.80389001099684,cone,Promweaver FAL-C tabulated boundary,45,10,1,0.005,0.001,,
ok,40,6000,0.02,0.002,0.5366585276900615,5.830078752108781e+16,5.830078752108781,0.5360940018618614,5.817819563821656e+16,5.817819563821656,7984219656.669657,14877653563.125368,1093.4288581074843,1.0,0.0020000480708136,2.4035406849271666e-05,45,91,66,19.387962783992407,cone,Promweaver FAL-C tabulated boundary,45,10,1,0.005,0.001,,
ok,40,6000,0.05,0.005,0.3096446177850374,5.3665586304135336e+16,5.366558630413533,0.3091385060263332,5.349029769480396e+16,5.349029769480396,13389991344.12276,43243094098.98546,3340.909520294698,0.9999999999999998,0.0050000829623663,1.659247327104318e-05,45,91,67,24.12078769899381,cone,Promweaver FAL-C tabulated boundary,45,10,1,0.005,0.001,,
ok,40,6000,0.1,0.01,0.1851764929413662,5.2899555075719336e+16,5.289955507571934,0.1846961089887905,5.262544754744414e+16,5.262544754744415,17582993865.477276,94952623770.90544,5844.315190002712,1.0,0.0100000725473089,7.254730889812154e-06,45,91,67,19.532119228999363,cone,Promweaver FAL-C tabulated boundary,45,10,1,0.005,0.001,,
ok,40,6000,0.2,0.02,0.1083320288492918,5.275442472679013e+16,5.275442472679013,0.1078699949437574,5.230539122983788e+16,5.230539122983788,21896265331.57383,202121806119.17865,9088.269618210928,1.0000000000000002,0.0200000915962021,4.579810108235049e-06,45,91,67,23.52240454299317,cone,Promweaver FAL-C tabulated boundary,45,10,1,0.005,0.001,,
ok,40,8000,0.01,0.001,0.7769549057068219,8.636077057756558e+16,8.636077057756559,0.7758677636778101,8.611926173810242e+16,8.611926173810241,3775454294.474747,4859296552.146859,165.05243103250712,1.0,0.0009999723400911,-2.765990887850997e-05,45,91,98,28.80250910599716,cone,Promweaver FAL-C tabulated boundary,45,10,1,0.005,0.001,,
ok,40,8000,0.02,0.002,0.6522141880160911,7.528344803877342e+16,7.528344803877342,0.6511569279946842,7.503957211889008e+16,7.503957211889008,6793442213.145526,10415968155.813747,613.0279404787408,1.0,0.0019999436912622,-2.8154368882917988e-05,45,91,99,34.604336846998194,cone,Promweaver FAL-C tabulated boundary,45,10,1,0.005,0.001,,
ok,40,8000,0.05,0.005,0.4470506091624799,6.802645962522371e+16,6.802645962522371,0.4460165764544693,6.771213175086371e+16,6.771213175086372,13199063488.89531,29524763457.146137,2560.992854011345,1.0,0.0049999186290295,-1.6274194088519708e-05,45,91,101,19.25097700599872,cone,Promweaver FAL-C tabulated boundary,45,10,1,0.005,0.001,,
ok,40,8000,0.1,0.01,0.3232849953039688,6.642884902909172e+16,6.642884902909172,0.3222633702926246,6.600966383538487e+16,6.600966383538487,20766378187.73666,64235515069.94954,6491.794895426344,1.0,0.0099999519464498,-4.80535501928142e-06,45,91,102,29.03965154000616,cone,Promweaver FAL-C tabulated boundary,45,10,1,0.005,0.001,,
ok,40,8000,0.2,0.02,0.2570660378439833,6.606759939013374e+16,6.606759939013374,0.2560568030544172,6.554985824625018e+16,6.554985824625018,34653795923.39874,134805033811.70316,18176.618841699623,1.0000000000000002,0.0199999866791889,-6.660405504899102e-07,45,91,102,36.19049230898963,cone,Promweaver FAL-C tabulated boundary,45,10,1,0.005,0.001,,
ok,40,10000,0.01,0.001,0.878739053759451,1.0875531346097405e+17,10.875531346097404,0.8313893278899311,9.735079869468822e+16,9.735079869468825,3239094754.1229463,3686071240.677584,96.47100902294456,1.0,0.0009999746351496,-2.5364850395623653e-05,45,91,113,39.31435307499487,cone,Promweaver FAL-C tabulated boundary,45,10,1,0.005,0.001,,
ok,40,10000,0.02,0.002,0.7815270406254053,8.97363646904358e+16,8.97363646904358,0.7473438312746112,8.205808204284674e+16,8.205808204284674,6061432009.675163,7755882643.32427,409.4322088337347,1.0,0.0019999553189506,-2.2340524688654537e-05,45,91,127,43.9458116349997,cone,Promweaver FAL-C tabulated boundary,45,10,1,0.005,0.001,,
ok,40,10000,0.05,0.005,0.7000244844188495,7.71194081569002e+16,7.711940815690019,0.6807595171927097,7.293309947659008e+16,7.293309947659008,14192848107.04005,20274788129.479156,2612.013528159928,1.0,0.0049999716659454,-5.666810903165453e-06,45,91,138,47.67010787301115,cone,Promweaver FAL-C tabulated boundary,45,10,1,0.005,0.001,,
ok,40,10000,0.1,0.01,0.7071504116960592,7.696828029290752e+16,7.696828029290752,0.6959541954911201,7.455031806038302e+16,7.455031806038303,28560838894.413063,40388633623.09519,10598.151800304486,1.0,0.0099999894494967,-1.0550503293932363e-06,45,91,138,33.13178185699508,cone,Promweaver FAL-C tabulated boundary,45,10,1,0.005,0.001,,
ok,40,10000,0.2,0.02,0.7182603155672291,7.934936051998686e+16,7.934936051998687,0.7118615525221504,7.794185935628032e+16,7.794185935628032,57661927583.62262,80279985311.57256,41902.01245316212,1.0,0.01999999609073,-1.954634995526838e-07,45,91,134,46.56677921701339,cone,Promweaver FAL-C tabulated boundary,45,10,1,0.005,0.001,,
ok,40,12000,0.01,0.001,0.9596018350324902,1.242559375481272e+17,12.42559375481272,0.8738157936563314,1.0303263127045277e+17,10.303263127045277,2831136458.7941427,2950324140.114099,64.50664496583043,1.0,0.0009999795313514,-2.046864855408982e-05,45,91,97,33.982777194993105,cone,Promweaver FAL-C tabulated boundary,45,10,1,0.005,0.001,,
ok,40,12000,0.02,0.002,0.9147053030563038,9.77178215842576e+16,9.77178215842576,0.8293033816540271,8.032269202131715e+16,8.032269202131715,5518502527.019365,6033093400.224531,311.65113637393307,1.0,0.0019999732354081,-1.3382295913121414e-05,45,91,115,22.177657927997643,cone,Promweaver FAL-C tabulated boundary,45,10,1,0.005,0.001,,
ok,40,12000,0.05,0.005,0.9224477493141658,8.26457257606037e+16,8.26457257606037,0.8382100060030206,6.8240551560662696e+16,6.82405515606627,13859563602.284382,15024768191.573866,2324.2279195681285,1.0,0.0049999907402604,-1.85194790926213e-06,45,91,134,38.712171523002326,cone,Promweaver FAL-C tabulated boundary,45,10,1,0.005,0.001,,
ok,40,12000,0.1,0.01,0.952533299974795,8.393553696208344e+16,8.393553696208343,0.870221567508785,7.005598178175292e+16,7.005598178175292,28200824330.979267,29606129603.789696,9474.967596931088,1.0,0.0099999961631744,-3.836825584677128e-07,45,91,142,41.02157207900018,cone,Promweaver FAL-C tabulated boundary,45,10,1,0.005,0.001,,
ok,40,12000,0.2,0.02,0.9749743442161188,9.02001764528042e+16,9.02001764528042,0.8962842166179967,7.622764610706883e+16,7.622764610706883,57101896960.59257,58567589290.262405,36148.783347493794,1.0,0.0199999984271413,-7.864293088272188e-08,45,91,144,30.53106413899513,cone,Promweaver FAL-C tabulated boundary,45,10,1,0.005,0.001,,
ok,40,14000,0.01,0.001,0.9931051387875888,1.3337266510326534e+17,13.337266510326534,0.9068029815597796,1.1119935035830509e+17,11.119935035830508,2470955180.7488866,2488110356.336993,45.778642126873706,1.0000000000000002,0.0009999830142847,-1.6985715270076418e-05,45,91,76,26.90210444098921,cone,Promweaver FAL-C tabulated boundary,45,10,1,0.005,0.001,,
ok,40,14000,0.02,0.002,0.973734741857436,1.0055911104971347e+17,10.055911104971347,0.8874786975576586,8.353259422339826e+16,8.353259422339825,4891126127.008824,5023058043.177976,237.9010170294908,1.0,0.0019999831093678,-8.445316061929387e-06,45,91,94,27.03176677699957,cone,Promweaver FAL-C tabulated boundary,45,10,1,0.005,0.001,,
ok,40,14000,0.05,0.005,0.9941704584310124,8.440199147462117e+16,8.440199147462117,0.9079772425833073,7.040133798706279e+16,7.040133798706279,12361890682.912558,12434377402.867052,1810.5774352756907,1.0,0.0049999940209205,-1.1958158945696291e-06,45,91,114,39.69618173400522,cone,Promweaver FAL-C tabulated boundary,45,10,1,0.005,0.001,,
ok,40,14000,0.1,0.01,1.01656026402956,8.487306189659467e+16,8.487306189659467,0.9304344648655004,7.110091484421778e+16,7.110091484421778,25011422177.999702,24603973874.462208,7370.668918817868,1.0000000000000002,0.0099999972562487,-2.743751207137657e-07,45,91,126,24.276662286007195,cone,Promweaver FAL-C tabulated boundary,45,10,1,0.005,0.001,,
ok,40,14000,0.2,0.02,1.0337946959389108,9.073905789757091e+16,9.073905789757092,0.9477798501826562,7.626769293163339e+16,7.626769293163339,50457363099.57314,48807914470.62598,28057.87882254748,1.0,0.0199999984913717,-7.543141198468327e-08,45,91,133,45.79427069700614,cone,Promweaver FAL-C tabulated boundary,45,10,1,0.005,0.001,,
ok,41,6000,0.01,0.001,0.6871135371632596,6.591551401444623e+16,6.591551401444623,0.6864772618716447,6.5793493440046056e+16,6.579349344004606,4677656412.160351,6807690664.1542845,331.94718781119514,1.0,0.0010000269275867,2.692758675434427e-05,45,91,64,22.601503166006296,cone,Promweaver FAL-C tabulated boundary,45,10,1,0.005,0.001,,
ok,41,6000,0.02,0.002,0.5353341862977543,5.808745751636575e+16,5.808745751636575,0.534769454033423,5.796496745463322e+16,5.7964967454633225,7971021614.418606,14889804945.102276,1093.8193595343268,1.0,0.0020000480908979,2.4045448960511445e-05,45,91,66,23.498423157987418,cone,Promweaver FAL-C tabulated boundary,45,10,1,0.005,0.001,,
ok,41,6000,0.05,0.005,0.3083872047423686,5.343046150952664e+16,5.343046150952664,0.3078807735088751,5.325511936701758e+16,5.325511936701759,13347640833.147638,43282083782.62147,3334.418434303517,1.0,0.0050000828240378,1.6564807564338476e-05,45,91,67,19.006040273990948,cone,Promweaver FAL-C tabulated boundary,45,10,1,0.005,0.001,,
ok,41,6000,0.1,0.01,0.1843640957540447,5.266438481893767e+16,5.266438481893768,0.1838833798224421,5.239010578318832e+16,5.239010578318832,17517048073.904,95013337614.67868,5826.460790882044,1.0,0.0100000724524946,7.24524946218996e-06,45,91,67,13.000694849004503,cone,Promweaver FAL-C tabulated boundary,45,10,1,0.005,0.001,,
ok,41,6000,0.2,0.02,0.1078715462783108,5.252025248179897e+16,5.252025248179897,0.1074092051706201,5.207101011484769e+16,5.207101011484768,21811600385.26313,202199756449.108,9058.332526700666,1.0,0.0200000916953533,4.584767666557243e-06,45,91,67,19.28585606699926,cone,Promweaver FAL-C tabulated boundary,45,10,1,0.005,0.001,,
ok,41,8000,0.01,0.001,0.7761050965958743,8.61703778143553e+16,8.61703778143553,0.7750179149630777,8.592912895213205e+16,8.592912895213205,3773045361.326923,4861513444.346809,165.206091231261,1.0,0.0009999722247204,-2.777527953966817e-05,45,91,98,34.26742656600254,cone,Promweaver FAL-C tabulated boundary,45,10,1,0.005,0.001,,
ok,41,8000,0.02,0.002,0.6510591499729952,7.50331443034943e+16,7.50331443034943,0.6500018437542292,7.478963772647128e+16,7.478963772647128,6785919415.571877,10422892322.23116,613.7114836661705,1.0,0.0019999434615907,-2.826920463710504e-05,45,91,99,28.77879199800373,cone,Promweaver FAL-C tabulated boundary,45,10,1,0.005,0.001,,
ok,41,8000,0.05,0.005,0.4456565174985938,6.773709726308562e+16,6.773709726308562,0.4446224190512739,6.742310854639259e+16,6.74231085463926,13169877703.18559,29551632672.413784,2560.571470064852,1.0,0.0049999184465286,-1.631069426501208e-05,45,91,101,35.86503190599615,cone,Promweaver FAL-C tabulated boundary,45,10,1,0.005,0.001,,
ok,41,8000,0.1,0.01,0.3221957536143103,6.613005971317737e+16,6.613005971317737,0.3211740622641146,6.571132430275544e+16,6.571132430275544,20712417097.042,64285195769.01728,6487.28012438725,1.0,0.0099999519299555,-4.807004442934636e-06,45,91,102,21.9880091889936,cone,Promweaver FAL-C tabulated boundary,45,10,1,0.005,0.001,,
ok,41,8000,0.2,0.02,0.2562972969633634,6.57685503060652e+16,6.57685503060652,0.2552880057186652,6.525158097176296e+16,6.525158097176296,34569950630.07921,134882228722.92264,18171.01762171429,1.0000000000000002,0.0199999867176335,-6.641183204064703e-07,45,91,102,35.462172966988874,cone,Promweaver FAL-C tabulated boundary,45,10,1,0.005,0.001,,
ok,41,10000,0.01,0.001,0.8780698951747627,1.0854963724217768e+17,10.854963724217768,0.8307112789638412,9.715617660674256e+16,9.715617660674257,3237730424.326274,3687326535.3003206,96.57239367111208,1.0,0.0009999745129304,-2.5487069504155288e-05,45,91,113,32.45260982000036,cone,Promweaver FAL-C tabulated boundary,45,10,1,0.005,0.001,,
ok,41,10000,0.02,0.002,0.7806482502325061,8.944484898717568e+16,8.944484898717567,0.7464518003439874,8.178018593475173e+16,8.178018593475173,6057465983.30911,7759533159.146865,410.2292591964453,1.0,0.001999955180853,-2.2409573492221738e-05,45,91,127,43.91139386300347,cone,Promweaver FAL-C tabulated boundary,45,10,1,0.005,0.001,,
ok,41,10000,0.05,0.005,0.6992705298333747,7.67962696709387e+16,7.679626967093871,0.6799961802410527,7.262106605748792e+16,7.262106605748792,14183548721.864914,20283349743.40279,2619.5680494314934,1.0,0.0049999716459098,-5.670818038414071e-06,45,91,138,48.06202307599597,cone,Promweaver FAL-C tabulated boundary,45,10,1,0.005,0.001,,
ok,41,10000,0.1,0.01,0.7065253030183587,7.663239192866125e+16,7.663239192866125,0.6953243003210776,7.422184680080715e+16,7.422184680080715,28545541994.119595,40402717173.99179,10633.20545307531,1.0,0.0099999894521755,-1.0547824429857351e-06,45,91,138,30.77863179400447,cone,Promweaver FAL-C tabulated boundary,45,10,1,0.005,0.001,,
ok,41,10000,0.2,0.02,0.7176034228307269,7.899288920419245e+16,7.899288920419245,0.7112018974241244,7.758983151650202e+16,7.7589831516502015,57630181069.33075,80309233813.29097,42044.768884179226,1.0,0.0199999991134146,-4.4329269768828e-08,45,91,135,26.588058359004208,cone,Promweaver FAL-C tabulated boundary,45,10,1,0.005,0.001,,
ok,41,12000,0.01,0.001,0.959093765769484,1.2399375259282158e+17,12.399375259282158,0.873307609450954,1.0280450740524328e+17,10.280450740524328,2830340153.0262136,2951056772.5934734,64.60668553309213,1.0000000000000002,0.0009999794396791,-2.056032083171469e-05,45,91,97,19.037237769007334,cone,Promweaver FAL-C tabulated boundary,45,10,1,0.005,0.001,,
ok,41,12000,0.02,0.002,0.9141428164265828,9.735937182114634e+16,9.735937182114634,0.82874063368863,8.001785912741002e+16,8.001785912741001,5516659747.785317,6034789803.796895,312.5896788728524,1.0,0.0019999731986348,-1.3400682552554624e-05,45,91,115,23.41842333400564,cone,Promweaver FAL-C tabulated boundary,45,10,1,0.005,0.001,,
ok,41,12000,0.05,0.005,0.9221006163670252,8.229340487416045e+16,8.229340487416044,0.8378624851167891,6.794443600227648e+16,6.794443600227648,13856742783.70931,15027365276.365772,2333.2285359621774,1.0,0.0049999907432665,-1.851346688279409e-06,45,91,134,46.77458918400225,cone,Promweaver FAL-C tabulated boundary,45,10,1,0.005,0.001,,
ok,41,12000,0.1,0.01,0.9522826943668744,8.357842338763925e+16,8.357842338763925,0.8699704433423835,6.975436448338528e+16,6.975436448338528,28196870965.20596,29609769380.459717,9512.784520245685,1.0,0.009999996162508,-3.837491987374042e-07,45,91,142,49.04270513399388,cone,Promweaver FAL-C tabulated boundary,45,10,1,0.005,0.001,,
ok,41,12000,0.2,0.02,0.974759359798372,8.981874663240392e+16,8.981874663240392,0.8960684377550467,7.590222783157282e+16,7.590222783157282,57095261116.30385,58573698772.29385,36293.8580659603,1.0,0.019999998427203,-7.86398494934115e-08,45,91,144,49.67156050199992,cone,Promweaver FAL-C tabulated boundary,45,10,1,0.005,0.001,,
ok,41,14000,0.01,0.001,0.9927079931806828,1.3310271091009616e+17,13.310271091009616,0.9064058203603677,1.1096582198017997e+17,11.096582198017996,2470441592.193959,2488588395.7462144,45.852421928236566,0.9999999999999998,0.0009999841037478,-1.589625214272472e-05,45,91,77,26.6670519039908,cone,Promweaver FAL-C tabulated boundary,45,10,1,0.005,0.001,,
ok,41,14000,0.02,0.002,0.9733983766306936,1.00160807826895e+17,10.0160807826895,0.8871423207480852,8.319614027537389e+16,8.319614027537389,4890235080.990832,5023878402.096599,238.76004663105329,1.0,0.0019999831076187,-8.446190634479184e-06,45,91,94,27.46611783299886,cone,Promweaver FAL-C tabulated boundary,45,10,1,0.005,0.001,,
ok,41,14000,0.05,0.005,0.9939739067744562,8.403634816337315e+16,8.403634816337314,0.907780682873899,7.009371495850255e+16,7.009371495850255,12360614538.149212,12435552335.83609,1818.0798559175876,1.0,0.0049999940237416,-1.1952516736773995e-06,45,91,114,33.078757680006674,cone,Promweaver FAL-C tabulated boundary,45,10,1,0.005,0.001,,
ok,41,14000,0.1,0.01,1.0164212441927576,8.450848769770363e+16,8.450848769770364,0.9302954366228866,7.079370534186803e+16,7.079370534186803,25009655234.9538,24605600658.03867,7401.420520133723,1.0,0.0099999972554996,-2.7445003821652264e-07,45,91,126,43.75505158699525,cone,Promweaver FAL-C tabulated boundary,45,10,1,0.005,0.001,,
ok,41,14000,0.2,0.02,1.0336884442662937,9.035529088812182e+16,9.035529088812185,0.9476735875380504,7.594371169270646e+16,7.594371169270646,50454705960.27557,48810360839.51586,28174.08176672169,1.0000000000000002,0.0199999984907118,-7.5464406251724e-08,45,91,133,45.91714495699853,cone,Promweaver FAL-C tabulated boundary,45,10,1,0.005,0.001,,
ok,42,6000,0.01,0.001,0.6853699919198958,6.562928883094915e+16,6.562928883094915,0.6847334963709321,6.550744704105843e+16,6.550744704105843,4670379213.93646,6814391159.515956,332.3583477821191,1.0,0.0010000269755127,2.697551273263439e-05,45,91,64,18.799041385995224,cone,Promweaver FAL-C tabulated boundary,45,10,1,0.005,0.001,,
ok,42,6000,0.02,0.002,0.5331098397235747,5.780649976848094e+16,5.780649976848094,0.5325447589314536,5.768401832809586e+16,5.7684018328095865,7948805962.364592,14910259331.334352,1093.0175063423192,1.0,0.0020000481722885,2.408614425465118e-05,45,91,66,23.538561848006797,cone,Promweaver FAL-C tabulated boundary,45,10,1,0.005,0.001,,
ok,42,6000,0.05,0.005,0.3066110275811957,5.3167136260685496e+16,5.31671362606855,0.3061041415251209,5.299149089160863e+16,5.299149089160864,13287687828.863249,43337279593.912994,3320.898213731327,0.9999999999999998,0.0050000826752564,1.653505128304533e-05,45,91,67,19.390728319995105,cone,Promweaver FAL-C tabulated boundary,45,10,1,0.005,0.001,,
ok,42,6000,0.1,0.01,0.1832754949358107,5.241045231501256e+16,5.241045231501256,0.1827943305420842,5.21356208075706e+16,5.21356208075706,17428549320.496384,95094815193.92676,5795.682311445478,1.0,0.0100000723306718,7.233067189638119e-06,45,91,67,12.9779082150053,cone,Promweaver FAL-C tabulated boundary,45,10,1,0.005,0.001,,
ok,42,6000,0.2,0.02,0.107248023394125,5.226817438516686e+16,5.226817438516687,0.1067852630977286,5.181808771754678e+16,5.181808771754678,21696854467.34571,202305401821.8321,9006.503466300026,1.0000000000000002,0.0200000918059801,4.590299006179687e-06,45,91,67,18.24986576999072,cone,Promweaver FAL-C tabulated boundary,45,10,1,0.005,0.001,,
ok,42,8000,0.01,0.001,0.7746821113939075,8.586566442778677e+16,8.586566442778677,0.7735948632724845,8.562481268073642e+16,8.562481268073642,3769006436.8318977,4865229726.358619,165.437600879768,1.0,0.0009999719523352,-2.804766479507816e-05,45,91,98,34.29082654599915,cone,Promweaver FAL-C tabulated boundary,45,10,1,0.005,0.001,,
ok,42,8000,0.02,0.002,0.6490747427967175,7.468527446474002e+16,7.468527446474002,0.6480173567470058,7.444213808156048e+16,7.444213808156048,6772983678.542938,10434828582.85268,614.2215883730397,1.0,0.0019999466528465,-2.667357671673129e-05,45,91,100,34.905088986997725,cone,Promweaver FAL-C tabulated boundary,45,10,1,0.005,0.001,,
ok,42,8000,0.05,0.005,0.4435936625217441,6.739610033639116e+16,6.739610033639116,0.4425594662005585,6.708221150285198e+16,6.708221150285199,13126593426.438198,29591480977.92032,2556.638353302045,1.0,0.0049999181329377,-1.6373412454334654e-05,45,91,101,35.3655938259908,cone,Promweaver FAL-C tabulated boundary,45,10,1,0.005,0.001,,
ok,42,8000,0.1,0.01,0.320779941557147,6.580359239847714e+16,6.580359239847714,0.3197581634978935,6.538505262090116e+16,6.538505262090116,20642152683.99727,64349886042.73395,6475.307075169905,0.9999999999999998,0.0099999518474886,-4.815251137060827e-06,45,91,102,30.138558777005528,cone,Promweaver FAL-C tabulated boundary,45,10,1,0.005,0.001,,
ok,42,8000,0.2,0.02,0.2553641268888144,6.54444161146813e+16,6.544441611468129,0.2543547668261488,6.492808336791997e+16,6.492808336791997,34468042143.68057,134976053855.39513,18153.51102127142,1.0,0.0199999867345889,-6.632705539313942e-07,45,91,102,24.74471677400288,cone,Promweaver FAL-C tabulated boundary,45,10,1,0.005,0.001,,
ok,42,10000,0.01,0.001,0.8769765156499778,1.0820151813879424e+17,10.820151813879423,0.829603354110954,9.682743457421294e+16,9.682743457421294,3235498969.2320805,3689379261.0102735,96.74959982052717,1.0,0.000999974253818,-2.5746181992348377e-05,45,91,113,39.35645531798946,cone,Promweaver FAL-C tabulated boundary,45,10,1,0.005,0.001,,
ok,42,10000,0.02,0.002,0.7792635646864703,8.902460655773432e+16,8.902460655773432,0.7450462064792527,8.137813581384747e+16,8.137813581384748,6051208971.153624,7765291802.893765,411.3147075670941,1.0,0.0019999548726537,-2.2563673115474567e-05,45,91,127,43.15094510599738,cone,Promweaver FAL-C tabulated boundary,45,10,1,0.005,0.001,,
ok,42,10000,0.05,0.005,0.6982202712289072,7.641122736630125e+16,7.641122736630125,0.6789328227016278,7.224800823079429e+16,7.224800823079429,14170581539.173628,20295288067.521446,2627.9564938244566,1.0,0.0049999716028528,-5.67942942154842e-06,45,91,138,39.44585749700491,cone,Promweaver FAL-C tabulated boundary,45,10,1,0.005,0.001,,
ok,42,10000,0.1,0.01,0.705775179224373,7.626037294234635e+16,7.626037294234635,0.6945684223988366,7.385777709254437e+16,7.385777709254435,28527171801.723267,40419630275.28656,10671.329021958443,1.0,0.009999989460143,-1.0539856992383687e-06,45,91,138,27.349381829000777,cone,Promweaver FAL-C tabulated boundary,45,10,1,0.005,0.001,,
ok,42,10000,0.2,0.02,0.7168666160062029,7.860365361367525e+16,7.860365361367525,0.7104619876675946,7.720540652793232e+16,7.720540652793232,57594535209.73462,80342052375.94196,42200.71629658008,1.0,0.0199999991392909,-4.3035452805539887e-08,45,91,135,25.45328756100207,cone,Promweaver FAL-C tabulated boundary,45,10,1,0.005,0.001,,
ok,42,12000,0.01,0.001,0.9582870502161104,1.2355287817967758e+17,12.355287817967758,0.8725007112902089,1.0242198947378256e+17,10.242198947378256,2829074848.6482067,2952220681.694698,64.77926388420101,1.0,0.0009999792543425,-2.074565745883647e-05,45,91,97,30.043266720997053,cone,Promweaver FAL-C tabulated boundary,45,10,1,0.005,0.001,,
ok,42,12000,0.02,0.002,0.9133220441316504,9.686040645458944e+16,9.686040645458943,0.8279194798019056,7.959295142254778e+16,7.959295142254778,5513968852.687999,6037266797.7487135,313.8935053165143,1.0,0.0019999731165163,-1.3441741819652034e-05,45,91,115,39.82397992200276,cone,Promweaver FAL-C tabulated boundary,45,10,1,0.005,0.001,,
ok,42,12000,0.05,0.005,0.921664838288848,8.18808874861497e+16,8.18808874861497,0.83742621983799,6.7597340785155576e+16,6.7597340785155575,13853200254.987553,15030626839.04405,2343.7845289262327,1.0,0.0049999907488993,-1.850220123986168e-06,45,91,134,38.675758012992446,cone,Promweaver FAL-C tabulated boundary,45,10,1,0.005,0.001,,
ok,42,12000,0.1,0.01,0.9519923586238954,8.318120905337278e+16,8.318120905337278,0.8696795066620933,6.941874796728013e+16,6.941874796728013,28192289635.264072,29613987318.15034,9555.10510034346,1.0,0.0099999961632224,-3.836777598756335e-07,45,91,142,43.87082360099885,cone,Promweaver FAL-C tabulated boundary,45,10,1,0.005,0.001,,
ok,42,12000,0.2,0.02,0.9745182738865148,8.940008957885722e+16,8.940008957885722,0.8958264607094387,7.55450046279058e+16,7.554500462790579,57087818091.41619,58580551664.508064,36454.31441725727,1.0,0.0199999984733421,-7.633289382524831e-08,45,91,145,27.09739770500164,cone,Promweaver FAL-C tabulated boundary,45,10,1,0.005,0.001,,
ok,42,14000,0.01,0.001,0.9921450577469894,1.3257731206640733e+17,13.257731206640733,0.9058428629423751,1.1051585726382323e+17,11.051585726382324,2469709153.567666,2489262164.119428,46.00684090020415,1.0,0.0009999839835749,-1.6016425003753318e-05,45,91,77,27.21920545499597,cone,Promweaver FAL-C tabulated boundary,45,10,1,0.005,0.001,,
ok,42,14000,0.02,0.002,0.9729357413701236,9.962961313221997e+16,9.962961313221998,0.8866796695469163,8.274726152149891e+16,8.274726152149892,4889009051.853949,5025007144.838844,239.9127002268753,1.0,0.0019999830999786,-8.450010650831036e-06,45,91,94,27.2915521489922,cone,Promweaver FAL-C tabulated boundary,45,10,1,0.005,0.001,,
ok,42,14000,0.05,0.005,0.9937402571715608,8.361521618993718e+16,8.361521618993718,0.9075470236956108,6.973933841962527e+16,6.973933841962527,12359097222.888369,12436949327.247269,1826.788126910203,1.0,0.004999994030312,-1.193937588551963e-06,45,91,114,33.362318410989246,cone,Promweaver FAL-C tabulated boundary,45,10,1,0.005,0.001,,
ok,42,14000,0.1,0.01,1.016263911734098,8.410414562290651e+16,8.41041456229065,0.9301380946495876,7.045296243373626e+16,7.045296243373626,25007655259.090748,24607441994.490414,7435.814452732524,1.0,0.0099999972556914,-2.7443085547085294e-07,45,91,126,27.46263703799923,cone,Promweaver FAL-C tabulated boundary,45,10,1,0.005,0.001,,
ok,42,14000,0.2,0.02,1.0335701804232789,8.993387434460904e+16,8.993387434460905,0.9475553114812344,7.558793866184813e+16,7.558793866184812,50451748108.351685,48813084069.13417,28302.782524804537,1.0,0.0199999984902544,-7.548727753992067e-08,45,91,133,45.855896737004514,cone,Promweaver FAL-C tabulated boundary,45,10,1,0.005,0.001,,
ok,43,6000,0.01,0.001,0.6835104252635728,6.533315942811624e+16,6.533315942811624,0.682873693897091,6.521149253311308e+16,6.521149253311308,4662601940.396941,6821552046.699164,332.7537967685906,1.0,0.0010000270219127,2.702191270243827e-05,45,91,64,17.17720624699723,cone,Promweaver FAL-C tabulated boundary,45,10,1,0.005,0.001,,
ok,43,6000,0.02,0.002,0.5307398433260548,5.751570999379622e+16,5.751570999379623,0.530174388688226,5.739321984918532e+16,5.739321984918532,7925068357.004755,14932114964.913357,1091.9922308178498,1.0,0.002000048255216,2.4127608020015068e-05,45,91,66,23.54664573799528,cone,Promweaver FAL-C tabulated boundary,45,10,1,0.005,0.001,,
ok,43,6000,0.05,0.005,0.3046983034038893,5.28945082835517e+16,5.28945082835517,0.3041909228549277,5.271849614654612e+16,5.271849614654612,13222954841.596428,43396877153.16515,3305.5706616195057,1.0,0.0050000826091257,1.6521825144805154e-05,45,91,67,23.73526253999444,cone,Promweaver FAL-C tabulated boundary,45,10,1,0.005,0.001,,
ok,43,6000,0.1,0.01,0.1820948297676691,5.214835198156618e+16,5.214835198156618,0.1816131742381264,5.18728436307043e+16,5.187284363070431,17332394393.95683,95183341647.15636,5760.716954849466,1.0,0.010000072208586,7.22085860532101e-06,45,91,67,18.71546488199965,cone,Promweaver FAL-C tabulated boundary,45,10,1,0.005,0.001,,
ok,43,6000,0.2,0.02,0.1065680368231783,5.200814141320936e+16,5.200814141320936,0.106104815097477,5.155699409685291e+16,5.155699409685291,21571580882.390995,202420740077.8469,8947.312653771327,1.0000000000000002,0.0200000919420335,4.597101676412362e-06,45,91,67,19.07822130099521,cone,Promweaver FAL-C tabulated boundary,45,10,1,0.005,0.001,,
ok,43,8000,0.01,0.001,0.7731653015297346,8.555179882957314e+16,8.555179882957313,0.772077982286834,8.531134130404485e+16,8.531134130404485,3764694390.670837,4869197289.664004,165.6648258604381,1.0,0.0009999716588287,-2.834117126724288e-05,45,91,98,34.224237290996825,cone,Promweaver FAL-C tabulated boundary,45,10,1,0.005,0.001,,
ok,43,8000,0.02,0.002,0.6470055569135924,7.432177744986638e+16,7.432177744986638,0.6459480873007766,7.407903210110994e+16,7.407903210110994,6759450590.385047,10447283671.920258,614.7615658772017,0.9999999999999998,0.0019999461082626,-2.6945868658546576e-05,45,91,100,34.99253688400495,cone,Promweaver FAL-C tabulated boundary,45,10,1,0.005,0.001,,
ok,43,8000,0.05,0.005,0.4413792853527486,6.704255761384782e+16,6.704255761384783,0.4403449831639446,6.672871860918576e+16,6.672871860918576,13079999696.941525,29634375991.360897,2551.9072983076653,1.0,0.004999917791116,-1.6441776784330283e-05,45,91,101,35.5241831989988,cone,Promweaver FAL-C tabulated boundary,45,10,1,0.005,0.001,,
ok,43,8000,0.1,0.01,0.3192599005378689,6.546599232158896e+16,6.546599232158896,0.3182380287743006,6.504758219740472e+16,6.504758219740472,20566557958.07789,64419483697.85448,6461.1150193088615,1.0000000000000002,0.0099999517500154,-4.8249984565054685e-06,45,91,102,32.162229570996715,cone,Promweaver FAL-C tabulated boundary,45,10,1,0.005,0.001,,
ok,43,8000,0.2,0.02,0.2543710855987728,6.510933051944946e+16,6.510933051944946,0.2533616519543891,6.459360254986642e+16,6.459360254986642,34359439234.3401,135076041183.92712,18132.133368283517,1.0,0.0199999866054513,-6.697274309783173e-07,45,91,102,24.645692677004263,cone,Promweaver FAL-C tabulated boundary,45,10,1,0.005,0.001,,
ok,43,10000,0.01,0.001,0.8758117555856718,1.078459641710774e+17,10.78459641710774,0.8284230713231598,9.649098233255949e+16,9.649098233255948,3233119089.636914,3691568500.8987646,96.92582497749112,1.0,0.0009999739741421,-2.602585783603034e-05,45,91,113,33.904148069996154,cone,Promweaver FAL-C tabulated boundary,45,10,1,0.005,0.001,,
ok,43,10000,0.02,0.002,0.7777467201166528,8.859641803759717e+16,8.859641803759716,0.7435063494251677,8.096720552482875e+16,8.096720552482875,6044353204.406793,7771621593.595677,412.3666223629814,1.0,0.0019999575466134,-2.1226693251632373e-05,45,91,128,44.80859317399154,cone,Promweaver FAL-C tabulated boundary,45,10,1,0.005,0.001,,
ok,43,10000,0.05,0.005,0.6971073193815601,7.601261907542952e+16,7.601261907542952,0.6778059525597633,7.186164730274678e+16,7.186164730274679,14156823632.089373,20307954368.702686,2636.610312706183,1.0,0.004999971555869,-5.688826182348449e-06,45,91,138,47.73209969801246,cone,Promweaver FAL-C tabulated boundary,45,10,1,0.005,0.001,,
ok,43,10000,0.1,0.01,0.7049846098658006,7.587519280162155e+16,7.587519280162155,0.693771776365289,7.348078570572558e+16,7.348078570572558,28507794461.984936,40437470638.41808,10710.936144987436,1.0,0.0099999894684928,-1.053150719930451e-06,45,91,138,47.70566499899724,cone,Promweaver FAL-C tabulated boundary,45,10,1,0.005,0.001,,
ok,43,10000,0.2,0.02,0.7160942875076363,7.820034113474536e+16,7.820034113474536,0.7096864000514101,7.680706938160992e+16,7.680706938160992,57557139566.54144,80376481939.08775,42363.29748707968,1.0,0.0199999991669206,-4.165396812194632e-08,45,91,135,45.27088262198959,cone,Promweaver FAL-C tabulated boundary,45,10,1,0.005,0.001,,
ok,43,12000,0.01,0.001,0.9574288070579584,1.2310257155757326e+17,12.310257155757329,0.8716422737004637,1.0203066430830947e+17,10.20306643083095,2827727624.5586467,2953459937.400305,64.95431750548326,1.0,0.0009999790554835,-2.094451646166874e-05,45,91,97,28.47008443600498,cone,Promweaver FAL-C tabulated boundary,45,10,1,0.005,0.001,,
ok,43,12000,0.02,0.002,0.912450980478532,9.634290314788488e+16,9.634290314788489,0.8270480108280158,7.915203544178723e+16,7.915203544178723,5511110658.454041,6039897787.784453,315.2524960048656,1.0,0.0019999730285137,-1.3485743126156677e-05,45,91,115,21.67348040499201,cone,Promweaver FAL-C tabulated boundary,45,10,1,0.005,0.001,,
ok,43,12000,0.05,0.005,0.9212061755552028,8.145354107341509e+16,8.14535410734151,0.8369670440837907,6.723772391260971e+16,6.723772391260972,13849470031.033922,15034061210.767471,2354.812542374652,1.0,0.0049999907548937,-1.84902124548969e-06,45,91,134,25.589084125997037,cone,Promweaver FAL-C tabulated boundary,45,10,1,0.005,0.001,,
ok,43,12000,0.1,0.01,0.9516873857361314,8.276984804435904e+16,8.276984804435903,0.8693739022324979,6.907115684790308e+16,6.907115684790308,28187476698.8498,29618419999.38535,9599.31498511854,1.0,0.0099999964353701,-3.564629834362787e-07,45,91,143,49.65263023899752,cone,Promweaver FAL-C tabulated boundary,45,10,1,0.005,0.001,,
ok,43,12000,0.2,0.02,0.9742660413210892,8.896603972050266e+16,8.896603972050265,0.8955732955817656,7.517464720109232e+16,7.517464720109232,57080028934.53286,58587722976.70692,36622.17306067472,1.0,0.0199999984733352,-7.633323834133064e-08,45,91,145,28.45012186699023,cone,Promweaver FAL-C tabulated boundary,45,10,1,0.005,0.001,,
ok,43,14000,0.01,0.001,0.9915471173612956,1.320395599160069e+17,13.20395599160069,0.9052448991826754,1.1005493669506464e+17,11.005493669506464,2468930731.9636803,2489978225.6782684,46.165095999352495,1.0,0.0009999838545065,-1.6145493407721326e-05,45,91,77,22.68770648300415,cone,Promweaver FAL-C tabulated boundary,45,10,1,0.005,0.001,,
ok,43,14000,0.02,0.002,0.9724465425666884,9.907918535888066e+16,9.907918535888063,0.8861904538752502,8.228204726828029e+16,8.228204726828029,4887712026.405041,5026201248.558454,241.11753408682208,1.0,0.001999983091535,-8.454232470122766e-06,45,91,94,32.80499147799856,cone,Promweaver FAL-C tabulated boundary,45,10,1,0.005,0.001,,
ok,43,14000,0.05,0.005,0.99349259713024,8.317912078315606e+16,8.317912078315606,0.9072993534941924,6.93723262037401e+16,6.937232620374011,12357489638.222092,12438431523.211552,1835.8880055593224,1.0,0.0049999944768054,-1.1046389100308194e-06,45,91,115,40.306487761001335,cone,Promweaver FAL-C tabulated boundary,45,10,1,0.005,0.001,,
ok,43,14000,0.1,0.01,1.0160992661015371,8.368522545032275e+16,8.368522545032276,0.929973439058366,7.0099933313023656e+16,7.009993331302366,25005561999.438435,24609369215.84162,7471.786418009201,1.0,0.009999997255985,-2.744014940617156e-07,45,91,126,23.91469995000807,cone,Promweaver FAL-C tabulated boundary,45,10,1,0.005,0.001,,
ok,43,14000,0.2,0.02,1.033446453166282,8.94968106886546e+16,8.949681068865459,0.9474315714446376,7.521895686194357e+16,7.521895686194357,50448653259.85615,48815933428.66593,28437.51186382589,1.0,0.0199999984898103,-7.550948494944308e-08,45,91,133,38.758915487997,cone,Promweaver FAL-C tabulated boundary,45,10,1,0.005,0.001,,
ok,44,6000,0.01,0.001,0.6816486275997621,6.503812909833354e+16,6.5038129098333535,0.6810116591944154,6.491663577814856e+16,6.491663577814856,4654798893.166342,6828736543.572212,333.145387731914,1.0,0.0010000270575511,2.705755119264408e-05,45,91,64,22.583916921998025,cone,Promweaver FAL-C tabulated boundary,45,10,1,0.005,0.001,,
ok,44,6000,0.02,0.002,0.5283546998861984,5.72223526954266e+16,5.72223526954266,0.5277888664198789,5.709985549933227e+16,5.709985549933228,7901107625.197548,14954173071.4222,1090.9635616912385,1.0000000000000002,0.0020000480722739,2.403613697421654e-05,45,91,66,19.372938957007136,cone,Promweaver FAL-C tabulated boundary,45,10,1,0.005,0.001,,
ok,44,6000,0.05,0.005,0.3027606464951959,5.261726608308227e+16,5.261726608308227,0.3022527599602908,5.244088129469601e+16,5.244088129469601,13157196385.973816,43457419378.25657,3290.019220415979,1.0,0.0050000825914727,1.6518294548156783e-05,45,91,67,19.69723307200184,cone,Promweaver FAL-C tabulated boundary,45,10,1,0.005,0.001,,
ok,44,6000,0.1,0.01,0.1808670935863197,5.187837448796641e+16,5.187837448796641,0.1803849220189851,5.160213922591739e+16,5.16021392259174,17232215834.06697,95275572202.65062,5723.950788410846,0.9999999999999998,0.0100000720530305,7.205303050733523e-06,45,91,67,23.92042584199225,cone,Promweaver FAL-C tabulated boundary,45,10,1,0.005,0.001,,
ok,44,6000,0.2,0.02,0.1058547395193155,5.173996235584283e+16,5.173996235584284,0.1053910288849005,5.12876477971071e+16,5.128764779710711,21440016835.96361,202541869483.80725,8884.3188320274,1.0,0.0200000920470379,4.602351895595379e-06,45,91,67,19.3721057609946,cone,Promweaver FAL-C tabulated boundary,45,10,1,0.005,0.001,,
ok,44,8000,0.01,0.001,0.7716362735539932,8.524133354245946e+16,8.524133354245945,0.770548882354706,8.500125834342589e+16,8.500125834342589,3760340502.062263,4873203387.319949,165.88385122349743,1.0,0.000999971366629,-2.8633370939903924e-05,45,91,98,34.24853733499185,cone,Promweaver FAL-C tabulated boundary,45,10,1,0.005,0.001,,
ok,44,8000,0.02,0.002,0.6449251996690337,7.395645529451557e+16,7.395645529451556,0.6438676455679377,7.371410524992027e+16,7.371410524992027,6745811858.733161,10459836058.809631,615.307716577373,1.0,0.0019999455677682,-2.7216115851226227e-05,45,91,100,27.425176711010863,cone,Promweaver FAL-C tabulated boundary,45,10,1,0.005,0.001,,
ok,44,8000,0.05,0.005,0.439122531711997,6.668434793206627e+16,6.668434793206627,0.4380881206794527,6.637055041256697e+16,6.637055041256697,13032389550.48816,29678252900.572144,2546.9721555753727,1.0,0.0049999229801084,-1.5403978314426633e-05,45,91,102,29.45482640400587,cone,Promweaver FAL-C tabulated boundary,45,10,1,0.005,0.001,,
ok,44,8000,0.1,0.01,0.317690941023025,6.511897721824148e+16,6.511897721824148,0.3166689718671217,6.47006930492329e+16,6.47006930492329,20488358718.46197,64491479210.85057,6446.244411510622,1.0,0.0099999516449988,-4.835500115422941e-06,45,91,102,20.11993146300665,cone,Promweaver FAL-C tabulated boundary,45,10,1,0.005,0.001,,
ok,44,8000,0.2,0.02,0.2533350229576738,6.476337014976907e+16,6.476337014976907,0.2523255121557058,6.424824944948916e+16,6.424824944948916,34245959982.288124,135180519386.81136,18108.78236256612,1.0,0.0199999866357048,-6.682147569644913e-07,45,91,102,35.54999735001184,cone,Promweaver FAL-C tabulated boundary,45,10,1,0.005,0.001,,
ok,44,10000,0.01,0.001,0.8746330425924668,1.0749124467325517e+17,10.749124467325515,0.8272286201135393,9.615512437350637e+16,9.615512437350636,3230707843.643268,3693786635.441132,97.10068203885145,1.0,0.0009999736969066,-2.630309332927322e-05,45,91,113,21.48975951099419,cone,Promweaver FAL-C tabulated boundary,45,10,1,0.005,0.001,,
ok,44,10000,0.02,0.002,0.7762591228113721,8.816007936083754e+16,8.816007936083754,0.7419961573459454,8.054931480730158e+16,8.054931480730158,6037609903.865232,7777827952.602817,413.4834452910506,1.0,0.0019999572383862,-2.1380806859358503e-05,45,91,128,37.13996667601168,cone,Promweaver FAL-C tabulated boundary,45,10,1,0.005,0.001,,
ok,44,10000,0.05,0.005,0.695971881593319,7.560520993621259e+16,7.560520993621259,0.6766562753909919,7.146683741036614e+16,7.146683741036615,14142770059.96332,20320892889.502453,2645.557695531143,1.0,0.0049999715099438,-5.698011230556576e-06,45,91,138,47.732352159990114,cone,Promweaver FAL-C tabulated boundary,45,10,1,0.005,0.001,,
ok,44,10000,0.1,0.01,0.7041691209246249,7.547858466251306e+16,7.547858466251306,0.6929500059473196,7.309263195106085e+16,7.309263195106085,28487788395.850124,40455889855.612526,10752.110566400122,1.0,0.0099999894766848,-1.0523315129018494e-06,45,91,138,38.00669618100801,cone,Promweaver FAL-C tabulated boundary,45,10,1,0.005,0.001,,
ok,44,10000,0.2,0.02,0.7152901939369397,7.778357173162312e+16,7.778357173162312,0.7088789073023678,7.639544188627403e+16,7.639544188627403,57518162946.56651,80412346533.07346,42532.61961487895,1.0,0.0199999961141902,-1.9429048699753926e-07,45,91,135,47.09035101201152,cone,Promweaver FAL-C tabulated boundary,45,10,1,0.005,0.001,,
ok,44,12000,0.01,0.001,0.9565582004633852,1.2264802036068322e+17,12.26480203606832,0.870771469701146,1.0163566350715118e+17,10.16356635071512,2826359850.7044816,2954718123.095185,65.13199301694591,1.0000000000000002,0.0009999788584699,-2.1141530044850587e-05,45,91,97,34.02379971201299,cone,Promweaver FAL-C tabulated boundary,45,10,1,0.005,0.001,,
ok,44,12000,0.02,0.002,0.9115408201668754,9.582796307270195e+16,9.582796307270195,0.8261374257591648,7.871266331460686e+16,7.871266331460687,5508126607.914732,6042654904.808719,316.6033979643349,1.0,0.0019999747857039,-1.2607148047088026e-05,45,91,116,34.08597290099715,cone,Promweaver FAL-C tabulated boundary,45,10,1,0.005,0.001,,
ok,44,12000,0.05,0.005,0.9207352078707788,8.101566635295403e+16,8.101566635295404,0.8364955493649745,6.6869299983378616e+16,6.686929998337861,13845637957.55736,15037589351.63967,2366.2298797442804,1.0000000000000002,0.0049999907606081,-1.8478783666425744e-06,45,91,134,48.87828092400741,cone,Promweaver FAL-C tabulated boundary,45,10,1,0.005,0.001,,
ok,44,12000,0.1,0.01,0.9513717763484654,8.234535299360251e+16,8.234535299360251,0.8690576391860156,6.8712497117036056e+16,6.871249711703606,28182493592.40408,29623007843.025906,9645.388795013158,1.0,0.0099999964358701,-3.564129897465351e-07,45,91,143,48.09694187899004,cone,Promweaver FAL-C tabulated boundary,45,10,1,0.005,0.001,,
ok,44,12000,0.2,0.02,0.9740030424744308,8.851697399141347e+16,8.851697399141347,0.8953093241003884,7.479148335808211e+16,7.479148335808211,57071905274.28454,58595202258.6036,36797.48894209681,1.0,0.0199999984732409,-7.633795245237662e-08,45,91,145,42.18422646699764,cone,Promweaver FAL-C tabulated boundary,45,10,1,0.005,0.001,,
ok,44,14000,0.01,0.001,0.9909391051300824,1.3149467524933405e+17,13.149467524933405,0.9046368631593852,1.0958794781885314e+17,10.958794781885311,2468138747.1263576,2490706779.4063487,46.32665819749471,1.0,0.0009999837264431,-1.6273556854504156e-05,45,91,77,24.037155283993343,cone,Promweaver FAL-C tabulated boundary,45,10,1,0.005,0.001,,
ok,44,14000,0.02,0.002,0.9719465402733,9.852038620582195e+16,9.852038620582196,0.88569043432793,8.180978619782931e+16,8.18097861978293,4886385722.070262,5027422311.412588,242.3535508170911,1.0,0.0019999830836546,-8.458172682211662e-06,45,91,94,21.085924814004105,cone,Promweaver FAL-C tabulated boundary,45,10,1,0.005,0.001,,
ok,44,14000,0.05,0.005,0.9932392111572188,8.27307932341183e+16,8.27307932341183,0.9070459571306178,6.899507000675196e+16,6.899507000675196,12355843375.737282,12439947232.189457,1845.34511948558,1.0,0.0049999944830779,-1.1033844093608078e-06,45,91,115,40.20172943100624,cone,Promweaver FAL-C tabulated boundary,45,10,1,0.005,0.001,,
ok,44,14000,0.1,0.01,1.0159280903663306,8.325257228209229e+16,8.325257228209228,0.929802252967618,6.973533825927007e+16,6.973533825927007,25003385369.672382,24611373193.408287,7509.30887547869,1.0,0.0099999972560923,-2.7439076531743373e-07,45,91,126,23.902218262999668,cone,Promweaver FAL-C tabulated boundary,45,10,1,0.005,0.001,,
ok,44,14000,0.2,0.02,1.0333173972362997,8.904438689969056e+16,8.904438689969057,0.947302502182966,7.483701113137203e+16,7.4837011131372035,50445424737.56381,48818905858.43677,28578.341269505203,1.0,0.0199999984892816,-7.553591693104654e-08,45,91,133,49.30156199299381,cone,Promweaver FAL-C tabulated boundary,45,10,1,0.005,0.001,,
ok,45,6000,0.01,0.001,0.6798996964160301,6.474934769549353e+16,6.474934769549352,0.6792625044783857,6.462804030425794e+16,6.462804030425794,4647453911.465207,6835499318.448634,333.57599154155645,1.0000000000000002,0.001000027094023,2.709402305441609e-05,45,91,64,23.03368190099718,cone,Promweaver FAL-C tabulated boundary,45,10,1,0.005,0.001,,
ok,45,6000,0.02,0.002,0.5261668040242409,5.6940588179740216e+16,5.694058817974022,0.5256006207043029,5.681811193960086e+16,5.681811193960087,7879066434.481631,14974465082.595057,1090.2537164353246,1.0,0.0020000479960085,2.399800429881381e-05,45,91,66,23.461461198006877,cone,Promweaver FAL-C tabulated boundary,45,10,1,0.005,0.001,,
ok,45,6000,0.05,0.005,0.3010221560853498,5.234927418166875e+16,5.234927418166875,0.3005138111899238,5.217261597910514e+16,5.217261597910514,13098040610.19941,43511882249.9088,3277.192864815458,1.0,0.0050000825373297,1.650746595301816e-05,45,91,67,19.76482612999098,cone,Promweaver FAL-C tabulated boundary,45,10,1,0.005,0.001,,
ok,45,6000,0.1,0.01,0.1798152087895819,5.162153509776312e+16,5.162153509776312,0.179332590710002,5.134480597329709e+16,5.134480597329709,17146231574.44516,95354734951.86671,5695.166884280424,1.0,0.010000071950219,7.195021901017227e-06,45,91,67,23.972260770999128,cone,Promweaver FAL-C tabulated boundary,45,10,1,0.005,0.001,,
ok,45,6000,0.2,0.02,0.1052541744513722,5.148543128619082e+16,5.148543128619083,0.1047900482418865,5.103237461337925e+16,5.103237461337925,21329123541.630768,202643967831.27017,8836.121203400842,1.0000000000000002,0.0200000921580162,4.607900810221776e-06,45,91,67,13.219097944995156,cone,Promweaver FAL-C tabulated boundary,45,10,1,0.005,0.001,,
ok,45,8000,0.01,0.001,0.7701602500058744,8.490839359822488e+16,8.490839359822488,0.7690727890931822,8.466878276055989e+16,8.466878276055988,3756130776.752508,4877076915.77676,166.16164567695176,1.0,0.000999971093493,-2.8906506940916742e-05,45,91,98,34.59278636499948,cone,Promweaver FAL-C tabulated boundary,45,10,1,0.005,0.001,,
ok,45,8000,0.02,0.002,0.6430115768830216,7.360742256920406e+16,7.360742256920406,0.6419539446416344,7.33654811728058e+16,7.3365481172805795,6733237300.766087,10471409136.06135,615.9227285237902,0.9999999999999998,0.0019999450815716,-2.745921419953536e-05,45,91,100,35.343222402007086,cone,Promweaver FAL-C tabulated boundary,45,10,1,0.005,0.001,,
ok,45,8000,0.05,0.005,0.4370813287779457,6.633709915517171e+16,6.633709915517171,0.4360468186060697,6.602344956731833e+16,6.602344956731833,12989192235.951992,29718021294.27268,2543.359855815492,1.0000000000000002,0.0049999226848085,-1.54630382923418e-05,45,91,102,35.82783534000919,cone,Promweaver FAL-C tabulated boundary,45,10,1,0.005,0.001,,
ok,45,8000,0.1,0.01,0.3163007599369347,6.478831091484708e+16,6.478831091484708,0.3152787039086457,6.437028915299892e+16,6.437028915299892,20418923905.9238,64555405778.96496,6435.303646423061,1.0000000000000002,0.0099999515733366,-4.842666334430034e-06,45,91,102,35.92688523599645,cone,Promweaver FAL-C tabulated boundary,45,10,1,0.005,0.001,,
ok,45,8000,0.2,0.02,0.2524127291197908,6.443645518686355e+16,6.443645518686355,0.2514031493237213,6.39220306949477e+16,6.392203069494769,34144784890.85232,135273625105.6807,18093.27238535397,1.0000000000000002,0.0199999813509618,-9.324519097825276e-07,45,91,102,29.681599642994115,cone,Promweaver FAL-C tabulated boundary,45,10,1,0.005,0.001,,
ok,45,10000,0.01,0.001,0.8734742826209837,1.0708678811089053e+17,10.708678811089053,0.82605435946063,9.577516357157234e+16,9.577516357157233,3228334586.9251933,3695969819.7846384,97.32427677581587,1.0,0.0009999734235288,-2.657647110476842e-05,45,91,113,21.59638102099416,cone,Promweaver FAL-C tabulated boundary,45,10,1,0.005,0.001,,
ok,45,10000,0.02,0.002,0.7748685247849729,8.773296520598195e+16,8.773296520598196,0.7405843770041562,8.014120346729269e+16,8.01412034672927,6031296613.19587,7783638669.372413,414.62794231269976,1.0000000000000002,0.0019999569689644,-2.1515517775608572e-05,45,91,128,41.59607151499949,cone,Promweaver FAL-C tabulated boundary,45,10,1,0.005,0.001,,
ok,45,10000,0.05,0.005,0.6949279978725706,7.521847309753627e+16,7.521847309753627,0.6755992647955789,7.109240907671602e+16,7.1092409076716025,14129833853.997232,20332802674.886944,2654.297495279864,1.0,0.00499997146402,-5.70719598889241e-06,45,91,138,50.21051206999982,cone,Promweaver FAL-C tabulated boundary,45,10,1,0.005,0.001,,
ok,45,10000,0.1,0.01,0.7034046706234496,7.510233553655845e+16,7.510233553655845,0.6921796550418334,7.272447716932117e+16,7.272447716932117,28469017879.170338,40473171515.818,10791.741338190355,1.0,0.0099999894829724,-1.051702760122841e-06,45,91,138,25.926584579006885,cone,Promweaver FAL-C tabulated boundary,45,10,1,0.005,0.001,,
ok,45,10000,0.2,0.02,0.7145341863414927,7.739105422115669e+16,7.739105422115669,0.7081196960032179,7.600778680440515e+16,7.6007786804405155,57481493674.38783,80446107090.69148,42693.85070781768,1.0,0.0199999961041684,-1.9479157765955882e-07,45,91,135,39.340855349000776,cone,Promweaver FAL-C tabulated boundary,45,10,1,0.005,0.001,,
ok,45,12000,0.01,0.001,0.9556976542078092,1.221307541391242e+17,12.21307541391242,0.8699107281534548,1.011890159279586e+17,10.11890159279586,2825006736.559882,2955962823.7254267,65.345236896823,1.0,0.0009999786635834,-2.133641652029769e-05,45,91,97,18.861049849991105,cone,Promweaver FAL-C tabulated boundary,45,10,1,0.005,0.001,,
ok,45,12000,0.02,0.002,0.9106990217450612,9.530819961354594e+16,9.530819961354592,0.8252952349234072,7.827069692172507e+16,7.827069692172508,5505359589.919248,6045202046.412656,318.0102481970301,1.0,0.0019999747149057,-1.2642547118349098e-05,45,91,116,21.81770863800193,cone,Promweaver FAL-C tabulated boundary,45,10,1,0.005,0.001,,
ok,45,12000,0.05,0.005,0.9202954803137272,8.060105752447096e+16,8.060105752447097,0.8360553295029568,6.6520606619307736e+16,6.652060661930774,13842058449.435255,15040884960.900295,2377.172062034177,1.0,0.0049999907663182,-1.8467363461366344e-06,45,91,134,48.32191418900038,cone,Promweaver FAL-C tabulated boundary,45,10,1,0.005,0.001,,
ok,45,12000,0.1,0.01,0.9510746037205072,8.194456902138283e+16,8.194456902138283,0.8687598508889651,6.837392160361255e+16,6.837392160361255,28177800168.90221,29627328979.94913,9689.335508633894,1.0,0.0099999964360553,-3.563944693182885e-07,45,91,143,41.70468309300486,cone,Promweaver FAL-C tabulated boundary,45,10,1,0.005,0.001,,
ok,45,12000,0.2,0.02,0.9737545961450648,8.809462148717744e+16,8.809462148717744,0.8950599586986453,7.443112971889642e+16,7.443112971889642,57064229259.577385,58602269489.13549,36963.96222627031,1.0,0.0199999984887001,-7.55649926312274e-08,45,91,145,50.21466831400176,cone,Promweaver FAL-C tabulated boundary,45,10,1,0.005,0.001,,
ok,45,14000,0.01,0.001,0.9903386945031868,1.3088533847060125e+17,13.088533847060123,0.9040364290137766,1.0906750198675272e+17,10.906750198675272,2467356215.664941,2491426649.650112,46.51282386642441,1.0000000000000002,0.0009999836025868,-1.639741316165899e-05,45,91,77,27.423965681999107,cone,Promweaver FAL-C tabulated boundary,45,10,1,0.005,0.001,,
ok,45,14000,0.02,0.002,0.9714487592873902,9.79686649357042e+16,9.79686649357042,0.8851926361087522,8.134352315292856e+16,8.134352315292857,4885067608.262287,5028641564.013882,243.58692193013997,1.0000000000000002,0.0019999842788845,-7.860557705392443e-06,45,91,95,28.04053024300083,cone,Promweaver FAL-C tabulated boundary,45,10,1,0.005,0.001,,
ok,45,14000,0.05,0.005,0.992999109841284,8.230363258649997e+16,8.230363258649996,0.9068058459658676,6.863567482118848e+16,6.863567482118848,12354283054.569798,12441383816.08866,1854.4541109047675,1.0,0.0049999944891986,-1.102160262361762e-06,45,91,115,33.449689515997306,cone,Promweaver FAL-C tabulated boundary,45,10,1,0.005,0.001,,
ok,45,14000,0.1,0.01,1.015765976706707,8.284351922001051e+16,8.28435192200105,0.9296401294988846,6.939064761105561e+16,6.939064761105561,25001323644.25571,24613271380.9872,7545.1428168425455,1.0,0.0099999972562038,-2.7437961711701536e-07,45,91,126,43.91299970299588,cone,Promweaver FAL-C tabulated boundary,45,10,1,0.005,0.001,,
ok,45,14000,0.2,0.02,1.033195367448678,8.861883378404146e+16,8.861883378404146,0.9471804597878708,7.447775720862331e+16,7.447775720862332,50442371622.737526,48821716794.27623,28712.10042243367,1.0,0.0199999984887568,-7.556215965431877e-08,45,91,133,25.562934682995547,cone,Promweaver FAL-C tabulated boundary,45,10,1,0.005,0.001,,
ok,46,6000,0.01,0.001,0.6775856698634408,6.439370572902821e+16,6.4393705729028206,0.6769481808699215,6.427259641420243e+16,6.427259641420243,4637713430.266954,6844467993.547783,334.01379246267953,1.0,0.0010000271677837,2.7167783721044475e-05,45,91,64,24.924178344997927,cone,Promweaver FAL-C tabulated boundary,45,10,1,0.005,0.001,,
ok,46,6000,0.02,0.002,0.52320033337524,5.659138868868755e+16,5.659138868868755,0.5226336720721363,5.646887047901569e+16,5.6468870479015685,7849086441.727946,15002066973.261215,1088.6489870150997,1.0,0.0020000479910157,2.399550785739217e-05,45,91,66,13.107976336003048,cone,Promweaver FAL-C tabulated boundary,45,10,1,0.005,0.001,,
ok,46,6000,0.05,0.005,0.2987914784739608,5.20452486188765e+16,5.204524861887649,0.2982825392688333,5.186809959933156e+16,5.186809959933156,13021919839.988869,43581965277.24504,3258.134043336928,1.0,0.0050000825590913,1.6511818264584862e-05,45,91,67,23.695597375000943,cone,Promweaver FAL-C tabulated boundary,45,10,1,0.005,0.001,,
ok,46,6000,0.1,0.01,0.1784735664335058,5.133583527515946e+16,5.133583527515945,0.1779903728689762,5.105824159666086e+16,5.105824159666087,17036354106.43636,95455895496.9033,5653.699013256963,1.0000000000000004,0.0100000718315246,7.183152469537877e-06,45,91,67,17.099364344991045,cone,Promweaver FAL-C tabulated boundary,45,10,1,0.005,0.001,,
ok,46,6000,0.2,0.02,0.1044786979986904,5.120302558660193e+16,5.1203025586601925,0.1040140297689601,5.0748588243730216e+16,5.074858824373021,21185767669.343437,202775954095.53235,8765.824804244434,1.0000000000000002,0.0200000922966064,4.614830321700291e-06,45,91,67,22.084006335993763,cone,Promweaver FAL-C tabulated boundary,45,10,1,0.005,0.001,,
ok,46,8000,0.01,0.001,0.768203957305744,8.453099743504525e+16,8.453099743504525,0.7671164034504271,8.429182413541238e+16,8.429182413541238,3750547947.0962567,4882229402.007031,166.40771232206174,1.0,0.0009999725922467,-2.740775320629954e-05,45,91,99,34.82985626500158,cone,Promweaver FAL-C tabulated boundary,45,10,1,0.005,0.001,,
ok,46,8000,0.02,0.002,0.6404460449160706,7.316779539556107e+16,7.316779539556107,0.6393883072767587,7.292631237729678e+16,7.292631237729679,6716334867.482179,10486964391.1414,616.516512603488,1.0,0.0019999443067815,-2.7846609212739057e-05,45,91,100,21.744978846007143,cone,Promweaver FAL-C tabulated boundary,45,10,1,0.005,0.001,,
ok,46,8000,0.05,0.005,0.4344308315007061,6.593174316099789e+16,6.593174316099788,0.4333961914966664,6.561807118862702e+16,6.561807118862703,12932927707.436,29769820117.87757,2536.875427020551,1.0000000000000002,0.0049999223561537,-1.552876925034474e-05,45,91,102,29.456006483989768,cone,Promweaver FAL-C tabulated boundary,45,10,1,0.005,0.001,,
ok,46,8000,0.1,0.01,0.3145681902569944,6.441760946576534e+16,6.441760946576534,0.3135460251916078,6.3999649530811256e+16,6.399964953081126,20332195039.713776,64635254515.41326,6417.471225048507,1.0,0.0099999514894814,-4.8510518543126704e-06,45,91,102,35.94926667299296,cone,Promweaver FAL-C tabulated boundary,45,10,1,0.005,0.001,,
ok,46,8000,0.2,0.02,0.2512980281093078,6.407151585045123e+16,6.407151585045123,0.2502883644362099,6.355769785030318e+16,6.355769785030319,34022338162.15711,135386411179.31224,18066.05444956114,1.0,0.0199999875841236,-6.207938180874394e-07,45,91,103,35.98449105900363,cone,Promweaver FAL-C tabulated boundary,45,10,1,0.005,0.001,,
ok,46,10000,0.01,0.001,0.8719208181405884,1.0662279875258562e+17,10.662279875258562,0.8244800239802639,9.533585361923392e+16,9.533585361923391,3225154085.8299336,3698907078.176806,97.55529773216796,1.0,0.0009999747789059,-2.5221094034858643e-05,45,91,114,32.96839883600478,cone,Promweaver FAL-C tabulated boundary,45,10,1,0.005,0.001,,
ok,46,10000,0.02,0.002,0.7730837106876244,8.720892146635994e+16,8.720892146635993,0.7387722907098545,7.963959929609786e+16,7.963959929609786,6023179499.386266,7791109056.002369,415.9974767698644,1.0,0.0019999565387832,-2.1730608351817893e-05,45,91,128,25.43509653500223,cone,Promweaver FAL-C tabulated boundary,45,10,1,0.005,0.001,,
ok,46,10000,0.05,0.005,0.6935961199427925,7.47626136772832e+16,7.47626136772832,0.6742505800479669,7.065026957481458e+16,7.065026957481457,14113312056.358831,20348026251.24675,2664.2404191479804,1.0,0.00499997330947,-5.338105981377016e-06,45,91,139,36.18240298000456,cone,Promweaver FAL-C tabulated boundary,45,10,1,0.005,0.001,,
ok,46,10000,0.1,0.01,0.7024984125368485,7.467663087408509e+16,7.467663087408509,0.6912663863464871,7.230775873125214e+16,7.230775873125214,28446744587.841072,40493678106.85115,10836.285303367731,1.0,0.0099999894892877,-1.0510712213779303e-06,45,91,138,47.92357501700462,cone,Promweaver FAL-C tabulated boundary,45,10,1,0.005,0.001,,
ok,46,10000,0.2,0.02,0.7136675261207377,7.695029954282165e+16,7.695029954282165,0.7072493551410052,7.557246077561477e+16,7.557246077561476,57439419424.294815,80484843883.1407,42875.556344833385,1.0,0.0199999960920198,-1.9539900929926854e-07,45,91,135,46.61389595500077,cone,Promweaver FAL-C tabulated boundary,45,10,1,0.005,0.001,,
ok,46,12000,0.01,0.001,0.9545624193200416,1.2144723031208992e+17,12.144723031208992,0.868775235385021,1.0059903519996605e+17,10.059903519996602,2823219924.4983125,2957606404.104366,65.62990956320554,1.0,0.000999978393699,-2.1606300915728505e-05,45,91,97,18.9511281419982,cone,Promweaver FAL-C tabulated boundary,45,10,1,0.005,0.001,,
ok,46,12000,0.02,0.002,0.9096566114417904,9.468393374747302e+16,9.468393374747302,0.8242523382326061,7.773949369723606e+16,7.773949369723606,5501929862.864556,6048359121.079866,319.7082231143433,1.0,0.0019999746064666,-1.2696766691407818e-05,45,91,116,40.47341016599967,cone,Promweaver FAL-C tabulated boundary,45,10,1,0.005,0.001,,
ok,46,12000,0.05,0.005,0.9197690327450758,8.012038988411466e+16,8.012038988411465,0.8355282922506095,6.611618829214834e+16,6.611618829214835,13837770939.179716,15044832394.368084,2389.9522311632168,1.0,0.0049999907687164,-1.8462567053303956e-06,45,91,134,46.706340235003154,cone,Promweaver FAL-C tabulated boundary,45,10,1,0.005,0.001,,
ok,46,12000,0.1,0.01,0.9507288566260396,8.148966980961568e+16,8.148966980961568,0.868413387253268,6.79895592746841e+16,6.79895592746841,28172337855.312126,29632358015.60765,9739.647026281107,1.0,0.0099999964358571,-3.564142810746906e-07,45,91,143,34.14033989699965,cone,Promweaver FAL-C tabulated boundary,45,10,1,0.005,0.001,,
ok,46,12000,0.2,0.02,0.9734699044551782,8.761843139068712e+16,8.761843139068713,0.8947742135620651,7.402481559859374e+16,7.402481559859375,57055431078.052414,58610369788.45753,37153.39528263221,1.0,0.0199999984885935,-7.557032152827324e-08,45,91,145,50.33591746998718,cone,Promweaver FAL-C tabulated boundary,45,10,1,0.005,0.001,,
ok,46,14000,0.01,0.001,0.9895312493956808,1.3004669976841315e+17,13.004669976841315,0.9032289522404408,1.083517694654114e+17,10.83517694654114,2466303133.608685,2492395399.45291,46.77282205300087,1.0,0.0009999834345035,-1.65654964559038e-05,45,91,77,26.608263747009914,cone,Promweaver FAL-C tabulated boundary,45,10,1,0.005,0.001,,
ok,46,14000,0.02,0.002,0.9708594595468008,9.729533617175283e+16,9.729533617175283,0.8846033159999267,8.077489757510365e+16,8.077489757510365,4883502854.282793,5030082167.15777,245.11555297664927,1.0000000000000002,0.0019999842719988,-7.864000570959734e-06,45,91,95,25.28853742800129,cone,Promweaver FAL-C tabulated boundary,45,10,1,0.005,0.001,,
ok,46,14000,0.05,0.005,0.9927205975110462,8.181430759856014e+16,8.181430759856015,0.9065273222075344,6.822397026445054e+16,6.822397026445055,12352472664.05587,12443050637.839134,1864.998744045263,1.0,0.0049999944962191,-1.1007561754455828e-06,45,91,115,40.41957207101223,cone,Promweaver FAL-C tabulated boundary,45,10,1,0.005,0.001,,
ok,46,14000,0.1,0.01,1.015580234882268,8.238062654141525e+16,8.238062654141524,0.9294543764335093,6.900058357534682e+16,6.900058357534682,24998961029.74978,24615446590.14342,7586.104631685069,1.0000000000000002,0.0099999972561783,-2.743821673339974e-07,45,91,126,43.94559464800113,cone,Promweaver FAL-C tabulated boundary,45,10,1,0.005,0.001,,
ok,46,14000,0.2,0.02,1.0330561386942407,8.813883539812798e+16,8.813883539812798,0.9470412166470348,7.407253765028315e+16,7.407253765028315,50438887798.53532,48824924328.20633,28864.47717242324,1.0,0.0199999984993726,-7.503136827125e-08,45,91,133,38.53936363699904,cone,Promweaver FAL-C tabulated boundary,45,10,1,0.005,0.001,,
ok,47,6000,0.01,0.001,0.6762427302034343,6.417066879290046e+16,6.417066879290046,0.6756050681381549,6.404970657913756e+16,6.404970657913756,4632048773.7902565,6849683651.899364,334.3564317837622,1.0,0.0010000271973652,2.719736528719076e-05,45,91,64,23.329375385001185,cone,Promweaver FAL-C tabulated boundary,45,10,1,0.005,0.001,,
ok,47,6000,0.02,0.002,0.5214547150413424,5.636121612105665e+16,5.636121612105665,0.5208877705012321,5.623872681478027e+16,5.623872681478027,7831393038.849945,15018356940.600391,1088.1723488225816,1.0,0.0020000479932642,2.399663213059275e-05,45,91,66,21.940906592994,cone,Promweaver FAL-C tabulated boundary,45,10,1,0.005,0.001,,
ok,47,6000,0.05,0.005,0.2973781471085937,5.182013482228185e+16,5.182013482228185,0.2968688277133782,5.164278219334298e+16,5.164278219334298,12973563476.604307,43626485680.76102,3248.0299377590422,1.0,0.00500008253399,1.6506798009019438e-05,45,91,67,13.281039139998027,cone,Promweaver FAL-C tabulated boundary,45,10,1,0.005,0.001,,
ok,47,6000,0.1,0.01,0.1775968795258984,5.111507031689791e+16,5.111507031689791,0.1771133062429575,5.0837089863278296e+16,5.08370898632783,16964429357.737862,95522113919.03424,5630.2742351611005,1.0,0.0100000717258058,7.172580587799791e-06,45,91,67,19.516271863001748,cone,Promweaver FAL-C tabulated boundary,45,10,1,0.005,0.001,,
ok,47,6000,0.2,0.02,0.1039797858920763,5.098352361445384e+16,5.098352361445384,0.1035147656729713,5.052852450810282e+16,5.052852450810282,21093439193.6075,202860960066.80573,8726.999341573133,1.0,0.0200000923950066,4.61975033436146e-06,45,91,67,23.813058580009965,cone,Promweaver FAL-C tabulated boundary,45,10,1,0.005,0.001,,
ok,47,8000,0.01,0.001,0.7671020605890835,8.431011829623325e+16,8.431011829623325,0.7660144542810023,8.407121602438298e+16,8.407121602438298,3747394312.134307,4885131333.4454565,166.56321227394076,1.0,0.0009999724058554,-2.759414459386697e-05,45,91,99,19.135843519994523,cone,Promweaver FAL-C tabulated boundary,45,10,1,0.005,0.001,,
ok,47,8000,0.02,0.002,0.6389251968217755,7.288505557313614e+16,7.288505557313615,0.6378673963493144,7.264391928596802e+16,7.264391928596802,6706291653.55474,10496207829.827412,617.0585641854753,1.0,0.0019999439305278,-2.803473609985438e-05,45,91,100,29.32280502098729,cone,Promweaver FAL-C tabulated boundary,45,10,1,0.005,0.001,,
ok,47,8000,0.05,0.005,0.4327928857972522,6.564537474320186e+16,6.564537474320186,0.4317581649303318,6.533186015363698e+16,6.533186015363698,12898059521.729471,29801921299.99971,2534.221795166221,1.0,0.004999922209786,-1.5558042787758294e-05,45,91,102,19.99369944199861,cone,Promweaver FAL-C tabulated boundary,45,10,1,0.005,0.001,,
ok,47,8000,0.1,0.01,0.3134035714802629,6.413567579499599e+16,6.413567579499599,0.3123813326063444,6.371797118592399e+16,6.371797118592399,20273782746.982563,64689060980.46601,6408.699398220375,1.0,0.0099999547887153,-4.521128469867074e-06,45,91,103,30.09295126599318,cone,Promweaver FAL-C tabulated boundary,45,10,1,0.005,0.001,,
ok,47,8000,0.2,0.02,0.2505161271537879,6.379053532736898e+16,6.379053532736898,0.2495064043865273,6.32773472100331e+16,6.327734721003311,33936319320.81029,135465607369.76952,18053.991287793488,1.0,0.0199999876393007,-6.180349624435032e-07,45,91,103,36.04908128500392,cone,Promweaver FAL-C tabulated boundary,45,10,1,0.005,0.001,,
ok,47,10000,0.01,0.001,0.8710765821244402,1.0638055296594328e+17,10.638055296594327,0.8236244477347063,9.510602386962738e+16,9.510602386962738,3223420569.2882943,3700501925.360913,97.67236470219582,1.0,0.0009999746042189,-2.5395781086358024e-05,45,91,114,33.474401462008245,cone,Promweaver FAL-C tabulated boundary,45,10,1,0.005,0.001,,
ok,47,10000,0.02,0.002,0.7719871145279502,8.6880245862119e+16,8.6880245862119,0.7376588894591337,7.932536867058859e+16,7.932536867058859,6018184734.5218935,7795706199.321546,416.8789710414959,1.0,0.0019999563241588,-2.1837920574944644e-05,45,91,128,44.36170311100432,cone,Promweaver FAL-C tabulated boundary,45,10,1,0.005,0.001,,
ok,47,10000,0.05,0.005,0.6927357227350918,7.44391947748661e+16,7.4439194774866095,0.673379301215522,7.033735362410036e+16,7.033735362410036,14102622324.78546,20357867888.066784,2671.763941523573,1.0,0.0049999732834856,-5.343302865098986e-06,45,91,139,26.59140797299915,cone,Promweaver FAL-C tabulated boundary,45,10,1,0.005,0.001,,
ok,47,10000,0.1,0.01,0.7018496263546962,7.435679892405123e+16,7.4356798924051235,0.6906125699993773,7.199486082644298e+16,7.199486082644299,28430787398.160503,40508374344.8377,10870.689483351987,1.0,0.0099999902076693,-9.792330668556555e-07,45,91,139,40.32300997400307,cone,Promweaver FAL-C tabulated boundary,45,10,1,0.005,0.001,,
ok,47,10000,0.2,0.02,0.7130130124699564,7.661394413674376e+16,7.661394413674376,0.7065920560378087,7.524028122232966e+16,7.524028122232966,57407618104.18535,80514124006.40344,43016.1200226659,1.0,0.0199999962898894,-1.8550552725871136e-07,45,91,135,46.717756815007306,cone,Promweaver FAL-C tabulated boundary,45,10,1,0.005,0.001,,
ok,47,12000,0.01,0.001,0.9538947188129476,1.2118569440211683e+17,12.118569440211685,0.8681073823910445,1.0036848435403962e+17,10.03684843540396,2822172167.785058,2958578249.911107,65.72273884236198,1.0,0.0009999796890602,-2.031093971027569e-05,45,91,98,34.36845278799592,cone,Promweaver FAL-C tabulated boundary,45,10,1,0.005,0.001,,
ok,47,12000,0.02,0.002,0.9090011866690928,9.429560553696605e+16,9.429560553696604,0.8235966073677359,7.740903461946386e+16,7.7409034619463855,5499771600.675268,6050345897.598229,320.77303589440857,1.0,0.0019999745542987,-1.2722850638259215e-05,45,91,116,40.6577337810013,cone,Promweaver FAL-C tabulated boundary,45,10,1,0.005,0.001,,
ok,47,12000,0.05,0.005,0.9194001425035708,7.977393499954326e+16,7.977393499954326,0.8351589886177889,6.582489892025658e+16,6.582489892025658,13834765276.55735,15047599665.238922,2399.28906927473,1.0,0.0049999907724547,-1.8455090584207352e-06,45,91,134,25.414848811997217,cone,Promweaver FAL-C tabulated boundary,45,10,1,0.005,0.001,,
ok,47,12000,0.1,0.01,0.950473680576098,8.114897809109075e+16,8.114897809109076,0.8681576822012296,6.770178036874183e+16,6.770178036874183,28168305246.50359,29636070753.09051,9777.737676123788,1.0,0.0099999964358069,-3.564193072624899e-07,45,91,143,41.18685940699652,cone,Promweaver FAL-C tabulated boundary,45,10,1,0.005,0.001,,
ok,47,12000,0.2,0.02,0.97325446024079,8.725750016257363e+16,8.725750016257363,0.8945579719252758,7.371687935276395e+16,7.3716879352763955,57048771320.51903,58616501286.21528,37298.36751129867,1.0,0.0199999984885304,-7.557347542902491e-08,45,91,145,42.80805068499467,cone,Promweaver FAL-C tabulated boundary,45,10,1,0.005,0.001,,
ok,47,14000,0.01,0.001,0.9890942699202524,1.2967475782987523e+17,12.967475782987524,0.9027919556095048,1.0803275093382638e+17,10.803275093382638,2465732888.609321,2492920001.2533946,46.88529039665541,1.0,0.0009999833482733,-1.665172661650255e-05,45,91,77,27.477736094006104,cone,Promweaver FAL-C tabulated boundary,45,10,1,0.005,0.001,,
ok,47,14000,0.02,0.002,0.9704858864866192,9.687885710088584e+16,9.687885710088583,0.8842297300181031,8.042309539314006e+16,8.042309539314006,4882510454.236754,5030995836.438754,246.0692564829321,1.0000000000000002,0.0019999842693782,-7.865310851836588e-06,45,91,95,34.39868648799893,cone,Promweaver FAL-C tabulated boundary,45,10,1,0.005,0.001,,
ok,47,14000,0.05,0.005,0.992519220836142,8.146013481989541e+16,8.146013481989542,0.9063259372671694,6.7926007746134056e+16,6.792600774613406,12351163366.688765,12444256098.419537,1872.7103367545155,1.0,0.0049999945000289,-1.099994217067246e-06,45,91,115,40.444586759011145,cone,Promweaver FAL-C tabulated boundary,45,10,1,0.005,0.001,,
ok,47,14000,0.1,0.01,1.015441012251929,8.20343024817458e+16,8.203430248174579,0.9293151453760377,6.870876143874339e+16,6.870876143874339,24997189859.385246,24617077267.68819,7617.051428031534,1.0,0.0099999972558417,-2.744158237449889e-07,45,91,126,23.804906852994463,cone,Promweaver FAL-C tabulated boundary,45,10,1,0.005,0.001,,
ok,47,14000,0.2,0.02,1.0329504523983708,8.777617378145798e+16,8.777617378145798,0.9469355194294264,7.376638140501771e+16,7.376638140501771,50436242956.73158,48827359375.87855,28980.695945165666,1.0,0.0199999984988859,-7.505570054355813e-08,45,91,133,46.162365202006185,cone,Promweaver FAL-C tabulated boundary,45,10,1,0.005,0.001,,
ok,48,6000,0.01,0.001,0.6743301601225326,6.388656388310577e+16,6.388656388310577,0.6736922507062967,6.376574898641805e+16,6.376574898641805,4623966473.588924,6857125406.86109,334.6723418713778,1.0,0.0010000272470199,2.7247019985512586e-05,45,91,64,12.482118239000556,cone,Promweaver FAL-C tabulated boundary,45,10,1,0.005,0.001,,
ok,48,6000,0.02,0.002,0.5189976279069367,5.6079954957187496e+16,5.607995495718749,0.5184302821896314,5.595741361892036e+16,5.595741361892036,7806423162.318312,15041346515.976965,1086.6671101234438,1.0,0.0020000480236234,2.401181173079109e-05,45,91,66,19.20915543900628,cone,Promweaver FAL-C tabulated boundary,45,10,1,0.005,0.001,,
ok,48,6000,0.05,0.005,0.2955092133889169,5.156968116215517e+16,5.156968116215517,0.2949993868354849,5.139189372362568e+16,5.139189372362568,12909467081.511086,43685497766.59943,3231.6341030806875,0.9999999999999998,0.0050000825239647,1.650479294675738e-05,45,91,67,23.777623347006735,cone,Promweaver FAL-C tabulated boundary,45,10,1,0.005,0.001,,
ok,48,6000,0.1,0.01,0.1764554892623436,5.087655172093364e+16,5.087655172093364,0.175971417189312,5.059779431917921e+16,5.059779431917921,16870638304.46756,95608464066.45525,5594.294958537041,0.9999999999999998,0.0100000716093333,7.1609333303357375e-06,45,91,67,23.79765865100489,cone,Promweaver FAL-C tabulated boundary,45,10,1,0.005,0.001,,
ok,48,6000,0.2,0.02,0.1033207339632495,5.074704657841387e+16,5.074704657841387,0.1028552447809607,5.029081697267283e+16,5.029081697267284,20971356595.182304,202973360629.06467,8666.470801659852,1.0000000000000002,0.0200000925472692,4.627363463065303e-06,45,91,67,23.7854994389927,cone,Promweaver FAL-C tabulated boundary,45,10,1,0.005,0.001,,
ok,48,8000,0.01,0.001,0.7655533832352108,8.401788298305986e+16,8.401788298305986,0.7644657029741465,8.377931131358368e+16,8.377931131358368,3742955495.458718,4889215536.663262,166.74683226438032,1.0,0.0009999721033485,-2.789665146931894e-05,45,91,99,34.63945774199965,cone,Promweaver FAL-C tabulated boundary,45,10,1,0.005,0.001,,
ok,48,8000,0.02,0.002,0.6367428921906558,7.253534840634606e+16,7.2535348406346065,0.6356850009661902,7.229452666893827e+16,7.2294526668938275,6691861675.086475,10509519237.919931,617.3681337770113,1.0,0.0019999470535137,-2.647324311849664e-05,45,91,101,35.28323622199241,cone,Promweaver FAL-C tabulated boundary,45,10,1,0.005,0.001,,
ok,48,8000,0.05,0.005,0.4305885937537287,6.531544312670087e+16,6.531544312670087,0.4295537632947542,6.500187611077877e+16,6.500187611077877,12851016472.183088,29845231988.50249,2528.477439063848,1.0000000000000002,0.0049999221073717,-1.5578525646396665e-05,45,91,102,29.29392781300703,cone,Promweaver FAL-C tabulated boundary,45,10,1,0.005,0.001,,
ok,48,8000,0.1,0.01,0.3119442044883606,6.382809683329863e+16,6.382809683329863,0.3109218726063958,6.341041591424676e+16,6.341041591424676,20200441250.094173,64756584541.2201,6393.075259070322,1.0000000000000002,0.0099999547399511,-4.526004884417011e-06,45,91,103,29.50290535899694,cone,Promweaver FAL-C tabulated boundary,45,10,1,0.005,0.001,,
ok,48,8000,0.2,0.02,0.2495756778556925,6.348573131734566e+16,6.348573131734566,0.248565883702794,6.297303849482991e+16,6.297303849482991,33832724581.213577,135560984435.25427,18030.08690041678,1.0,0.0199999875885104,-6.205744754878005e-07,45,91,103,36.32437761800247,cone,Promweaver FAL-C tabulated boundary,45,10,1,0.005,0.001,,
ok,48,10000,0.01,0.001,0.8698973109413061,1.0605358073859734e+17,10.605358073859737,0.8224293111069169,9.479523767567235e+16,9.479523767567237,3220996500.06898,3702731873.700789,97.82619673190143,1.0,0.0009999743281417,-2.567185821301249e-05,45,91,114,21.913131002002046,cone,Promweaver FAL-C tabulated boundary,45,10,1,0.005,0.001,,
ok,48,10000,0.02,0.002,0.7704950460330416,8.646398284269243e+16,8.646398284269242,0.7361438967165576,7.892615878554834e+16,7.8926158785548335,6011379075.872328,7801969794.384036,417.93909100371457,1.0,0.0019999559895778,-2.2005211071721157e-05,45,91,128,36.90495334600564,cone,Promweaver FAL-C tabulated boundary,45,10,1,0.005,0.001,,
ok,48,10000,0.05,0.005,0.6916349021067777,7.40669139756369e+16,7.40669139756369,0.672264524040284,6.997627745057272e+16,6.997627745057272,14088930409.289145,20370473448.30789,2679.9815116245427,1.0000000000000002,0.0049999732389194,-5.352216117526786e-06,45,91,139,27.10289458499756,cone,Promweaver FAL-C tabulated boundary,45,10,1,0.005,0.001,,
ok,48,10000,0.1,0.01,0.7010900895943674,7.40043286881727e+16,7.40043286881727,0.6898471345907499,7.164983533049604e+16,7.164983533049604,28412089158.482204,40525589478.69411,10908.102602362438,1.0,0.0099999902165901,-9.783409868693858e-07,45,91,139,49.0000188890117,cone,Promweaver FAL-C tabulated boundary,45,10,1,0.005,0.001,,
ok,48,10000,0.2,0.02,0.7122807355549711,7.624648654603811e+16,7.624648654603811,0.7058566569830327,7.487735054096206e+16,7.487735054096206,57372010346.40527,80546907255.1907,43169.82618209662,1.0000000000000002,0.019999996280626,-1.859686994676313e-07,45,91,135,35.68011535299593,cone,Promweaver FAL-C tabulated boundary,45,10,1,0.005,0.001,,
ok,48,12000,0.01,0.001,0.9530333043551916,1.2076834407725176e+17,12.076834407725176,0.8672457719210095,1.0000491353686952e+17,10.000491353686952,2820814162.298016,2959827478.6488576,65.88640921607086,1.0,0.0009999794986279,-2.050137201973709e-05,45,91,98,28.73355119099142,cone,Promweaver FAL-C tabulated boundary,45,10,1,0.005,0.001,,
ok,48,12000,0.02,0.002,0.9081439204431944,9.38103509817661e+16,9.381035098176609,0.8227389404850814,7.699552900351694e+16,7.699552900351694,5496946511.914845,6052946441.82853,322.101139571751,1.0,0.0019999744723614,-1.2763819298581072e-05,45,91,116,33.46377435499744,cone,Promweaver FAL-C tabulated boundary,45,10,1,0.005,0.001,,
ok,48,12000,0.05,0.005,0.9189586224964762,7.938019816229413e+16,7.938019816229413,0.8347169736217638,6.549358358513943e+16,6.549358358513943,13831166387.337849,15050913119.204,2409.9355766674453,1.0,0.0049999907783335,-1.8443332999718003e-06,45,91,134,46.56684757400944,cone,Promweaver FAL-C tabulated boundary,45,10,1,0.005,0.001,,
ok,48,12000,0.1,0.01,0.9501830981933078,8.077297536958986e+16,8.077297536958985,0.8678664972456738,6.738408349034221e+16,6.738408349034221,28163711874.76519,29640299778.34387,9820.050121162416,1.0000000000000002,0.0099999964366895,-3.563310427973087e-07,45,91,143,27.367790301999776,cone,Promweaver FAL-C tabulated boundary,45,10,1,0.005,0.001,,
ok,48,12000,0.2,0.02,0.973014184606982,8.68618204443059e+16,8.686182044430591,0.8943168067444165,7.337926697084707e+16,7.337926697084707,57041342337.37154,58623340995.18968,37458.51421264459,1.0000000000000002,0.0199999984887264,-7.556367614958148e-08,45,91,145,50.28876254698844,cone,Promweaver FAL-C tabulated boundary,45,10,1,0.005,0.001,,
ok,48,14000,0.01,0.001,0.9884987572558808,1.291746132514266e+17,12.91746132514266,0.9021964195464764,1.0760367722905498e+17,10.760367722905498,2464955343.1107817,2493635247.406496,47.03714368166137,1.0,0.0009999832173587,-1.6782641269752485e-05,45,91,77,27.271600381005555,cone,Promweaver FAL-C tabulated boundary,45,10,1,0.005,0.001,,
ok,48,14000,0.02,0.002,0.9700123571988624,9.636915542453869e+16,9.636915542453869,0.8837561843406516,7.999234914393461e+16,7.999234914393461,4881251995.203707,5032154445.227342,247.2432277289954,1.0,0.0019999842635282,-7.868235887050629e-06,45,91,95,33.46326279299683,cone,Promweaver FAL-C tabulated boundary,45,10,1,0.005,0.001,,
ok,48,14000,0.05,0.005,0.992286019771168,8.106124437118312e+16,8.106124437118313,0.9060927266278884,6.759036776781688e+16,6.759036776781688,12349646843.570255,12445652359.808737,1881.4635568945532,1.0,0.0049999945064495,-1.0987100814222048e-06,45,91,115,33.789681346999714,cone,Promweaver FAL-C tabulated boundary,45,10,1,0.005,0.001,,
ok,48,14000,0.1,0.01,1.0152849199202054,8.165269203970296e+16,8.165269203970295,0.9291590435945196,6.838718903995122e+16,6.838718903995122,24995203797.877792,24618905794.289,7651.43435312163,1.0,0.009999997256202,-2.7437979492617165e-07,45,91,126,44.11197371200251,cone,Promweaver FAL-C tabulated boundary,45,10,1,0.005,0.001,,
ok,48,14000,0.2,0.02,1.0328331843570675,8.737846008158467e+16,8.737846008158467,0.946818239268149,7.343062950543456e+16,7.343062950543456,50433307968.82243,48830061555.60045,29109.21696609465,1.0,0.0199999984985375,-7.50731232387891e-08,45,91,133,45.9031867540034,cone,Promweaver FAL-C tabulated boundary,45,10,1,0.005,0.001,,
ok,49,6000,0.01,0.001,0.6731994100358868,6.368899115392137e+16,6.368899115392137,0.6725613539034034,6.356831994448669e+16,6.356831994448669,4619179714.263239,6861532623.768937,335.015845691368,1.0,0.0010000272603987,2.726039877816097e-05,45,91,64,12.34057564700197,cone,Promweaver FAL-C tabulated boundary,45,10,1,0.005,0.001,,
ok,49,6000,0.02,0.002,0.517547133170053,5.587091477602529e+16,5.587091477602529,0.5169795492457898,5.5748436870644296e+16,5.57484368706443,7791646681.518777,15054950906.198214,1086.6075533754042,1.0,0.0020000480233018,2.4011650911733365e-05,45,91,66,23.52866547601297,cone,Promweaver FAL-C tabulated boundary,45,10,1,0.005,0.001,,
ok,49,6000,0.05,0.005,0.2942818511904742,5.135258439437443e+16,5.135258439437443,0.2937716888186558,5.117469066567396e+16,5.117469066567396,12867279195.372814,43724338226.49992,3224.119600683847,1.0,0.0050000824307609,1.648615219392718e-05,45,91,67,23.728088695992483,cone,Promweaver FAL-C tabulated boundary,45,10,1,0.005,0.001,,
ok,49,6000,0.1,0.01,0.1756939101969295,5.066242401431826e+16,5.066242401431826,0.1752095024949456,5.038344522832093e+16,5.038344522832093,16807962952.616083,95666166993.3613,5576.275200268194,1.0,0.0100000715242287,7.152422872198914e-06,45,91,67,19.30664046399761,cone,Promweaver FAL-C tabulated boundary,45,10,1,0.005,0.001,,
ok,49,6000,0.2,0.02,0.1028901240221803,5.053409799444322e+16,5.053409799444322,0.1024243259433734,5.007758373691164e+16,5.007758373691164,20891517420.039543,203046867895.07507,8636.851500937224,1.0,0.0200000926393731,4.631968655507967e-06,45,91,67,13.263487379997969,cone,Promweaver FAL-C tabulated boundary,45,10,1,0.005,0.001,,
ok,49,8000,0.01,0.001,0.764600329112413,8.381635429511786e+16,8.381635429511785,0.7635126031992061,8.357804842980512e+16,8.357804842980512,3740220325.534086,4891732560.2984295,166.90356197409977,1.0,0.0009999719606399,-2.803936001243533e-05,45,91,99,34.71310067099694,cone,Promweaver FAL-C tabulated boundary,45,10,1,0.005,0.001,,
ok,49,8000,0.02,0.002,0.6354682831688945,7.228429596817029e+16,7.228429596817029,0.6344103387613036,7.204381469866393e+16,7.204381469866393,6683409702.392728,10517298627.501154,617.9484029242864,1.0,0.0019999467940006,-2.660299969572434e-05,45,91,101,35.32941215400933,cone,Promweaver FAL-C tabulated boundary,45,10,1,0.005,0.001,,
ok,49,8000,0.05,0.005,0.4291709689547907,6.504318447530597e+16,6.504318447530597,0.4281360675449459,6.472987286447081e+16,6.472987286447081,12820689719.104803,29873152301.816925,2527.09159613739,1.0,0.0049999220008695,-1.5599826088535936e-05,45,91,102,29.70646090200171,cone,Promweaver FAL-C tabulated boundary,45,10,1,0.005,0.001,,
ok,49,8000,0.1,0.01,0.3109123241216132,6.355552926340159e+16,6.35555292634016,0.3098899260982201,6.313822699169794e+16,6.313822699169794,20148491037.62929,64804414217.26411,6387.511768031185,1.0,0.0099999547654571,-4.523454287183592e-06,45,91,103,24.223786806993303,cone,Promweaver FAL-C tabulated boundary,45,10,1,0.005,0.001,,
ok,49,8000,0.2,0.02,0.2488587573230623,6.321408920251111e+16,6.321408920251111,0.2478489085227466,6.270209476203714e+16,6.270209476203714,33753654588.108097,135633782596.96898,18023.02639216153,1.0000000000000002,0.0199999875991882,-6.200405893580506e-07,45,91,103,22.69773181399796,cone,Promweaver FAL-C tabulated boundary,45,10,1,0.005,0.001,,
ok,49,10000,0.01,0.001,0.8691528026386602,1.0582763167466797e+17,10.582763167466798,0.8216747701951606,9.458161193287171e+16,9.458161193287172,3219464712.4116187,3704141208.125486,97.94184061802731,1.0000000000000002,0.0009999741856609,-2.5814339088851487e-05,45,91,114,22.063683091007988,cone,Promweaver FAL-C tabulated boundary,45,10,1,0.005,0.001,,
ok,49,10000,0.02,0.002,0.7695466306608714,8.616878497647909e+16,8.616878497647908,0.7351808734194989,7.864452375988619e+16,7.864452375988619,6007047617.327188,7805956621.716938,418.766738868211,1.0,0.0019999558313586,-2.2084320683811443e-05,45,91,128,23.990044329999364,cone,Promweaver FAL-C tabulated boundary,45,10,1,0.005,0.001,,
ok,49,10000,0.05,0.005,0.690871657139271,7.376368006618726e+16,7.376368006618726,0.6714915796987094,6.968334106063822e+16,6.968334106063822,14079427301.2277,20379222617.884094,2687.3696235421858,1.0,0.004999973217728,-5.356454380565922e-06,45,91,139,48.16836889799743,cone,Promweaver FAL-C tabulated boundary,45,10,1,0.005,0.001,,
ok,49,10000,0.1,0.01,0.7004787500413586,7.369673201236338e+16,7.3696732012363375,0.6892310386969738,7.134901050191713e+16,7.134901050191713,28397027671.72664,40539456293.35648,10942.020881652228,1.0,0.0099999902198745,-9.78012542653117e-07,45,91,139,45.68698086199584,cone,Promweaver FAL-C tabulated boundary,45,10,1,0.005,0.001,,
ok,49,10000,0.2,0.02,0.7116476946798235,7.592227952200744e+16,7.592227952200744,0.7052209120929487,7.455718623323461e+16,7.45571862332346,57341204668.951584,80575269332.88231,43307.62687299851,1.0,0.0199999962717887,-1.8641056302726167e-07,45,91,135,46.64058577000105,cone,Promweaver FAL-C tabulated boundary,45,10,1,0.005,0.001,,
ok,49,12000,0.01,0.001,0.952475104847896,1.2047918328494253e+17,12.047918328494251,0.8666874452970958,9.975387139014051e+16,9.975387139014051,2819933617.7047424,2960637609.6885667,66.0033160206125,1.0000000000000002,0.0009999793964559,-2.060354402691998e-05,45,91,98,29.22110182499455,cone,Promweaver FAL-C tabulated boundary,45,10,1,0.005,0.001,,
ok,49,12000,0.02,0.002,0.9075580891639848,9.345309369809558e+16,9.34530936980956,0.8221528351988531,7.669197754827256e+16,7.669197754827256,5495014579.287031,6054724920.526986,323.1052502566039,1.0,0.0019999744344147,-1.27827926431779e-05,45,91,116,38.61883965598827,cone,Promweaver FAL-C tabulated boundary,45,10,1,0.005,0.001,,
ok,49,12000,0.05,0.005,0.9186125504983382,7.905311763813176e+16,7.905311763813176,0.8343705131952288,6.521870152961489e+16,6.521870152961489,13828346181.27656,15053513229.026556,2418.9198835213087,1.0,0.0049999914271837,-1.7145632599455114e-06,45,91,135,46.98341255100968,cone,Promweaver FAL-C tabulated boundary,45,10,1,0.005,0.001,,
ok,49,12000,0.1,0.01,0.9499387475344824,8.044628771109696e+16,8.044628771109696,0.8676216397440131,6.71081943030731e+16,6.710819430307311,28159848291.17501,29643856895.260315,9857.223724602109,1.0,0.0099999964361682,-3.563831745337364e-07,45,91,143,29.90391254199494,cone,Promweaver FAL-C tabulated boundary,45,10,1,0.005,0.001,,
ok,49,12000,0.2,0.02,0.9728050318174648,8.651453957046587e+16,8.651453957046588,0.8941068794451823,7.308299841449245e+16,7.308299841449244,57034874215.917336,58629296056.74494,37600.348946849226,1.0,0.0199999984884993,-7.557503355765105e-08,45,91,145,42.16696229600348,cone,Promweaver FAL-C tabulated boundary,45,10,1,0.005,0.001,,
ok,49,14000,0.01,0.001,0.9880715171872804,1.288722984843756e+17,12.88722984843756,0.901769162581244,1.0734296167741094e+17,10.734296167741094,2464400105.968322,2494151549.863183,47.12624787267991,1.0,0.0009999842896215,-1.571037842136233e-05,45,91,78,26.79024550699978,cone,Promweaver FAL-C tabulated boundary,45,10,1,0.005,0.001,,
ok,49,14000,0.02,0.002,0.9696704173564654,9.598027304377683e+16,9.598027304377684,0.883414232655517,7.966406661188082e+16,7.966406661188081,4880342898.6978245,5032991428.162479,248.15252190423493,1.0000000000000002,0.0019999842628946,-7.868552683552854e-06,45,91,95,28.87322029499046,cone,Promweaver FAL-C tabulated boundary,45,10,1,0.005,0.001,,
ok,49,14000,0.05,0.005,0.992094199166662,8.072380578442798e+16,8.072380578442798,0.9059008981459528,6.730652809755516e+16,6.730652809755516,12348399159.185425,12446801089.61207,1888.9466411156989,1.0,0.0049999945092084,-1.0981583010993832e-06,45,91,115,33.40036548500939,cone,Promweaver FAL-C tabulated boundary,45,10,1,0.005,0.001,,
ok,49,14000,0.1,0.01,1.0151501729626993,8.131988394722986e+16,8.131988394722985,0.9290242884781736,6.810677264802606e+16,6.810677264802607,24993489087.43893,24620484489.00505,7681.6943955465185,1.0,0.0099999972555783,-2.744421630923588e-07,45,91,126,36.31455543098855,cone,Promweaver FAL-C tabulated boundary,45,10,1,0.005,0.001,,
ok,49,14000,0.2,0.02,1.0327303535146255,8.702944590139638e+16,8.702944590139639,0.9467153977966796,7.31360020913728e+16,7.31360020913728,50430734047.58074,48832431307.89468,29222.970573193244,1.0,0.0199999984979849,-7.51007551286209e-08,45,91,133,46.47361353499582,cone,Promweaver FAL-C tabulated boundary,45,10,1,0.005,0.001,,
ok,50,6000,0.01,0.001,0.6718810052881099,6.3470205155913096e+16,6.34702051559131,0.671242777636931,6.334968024177922e+16,6.334968024177922,4613590799.485397,6866678419.502334,335.35766920572667,1.0,0.0010000272783881,2.7278388157027725e-05,45,91,64,22.97309849000885,cone,Promweaver FAL-C tabulated boundary,45,10,1,0.005,0.001,,
ok,50,6000,0.02,0.002,0.51587526430539,5.564730457662343e+16,5.564730457662344,0.5153074045384622,5.552486229063698e+16,5.552486229063699,7774581736.17398,15070661987.723352,1086.2003403816552,1.0,0.0020000480005156,2.400025782734079e-05,45,91,66,23.333297625998966,cone,Promweaver FAL-C tabulated boundary,45,10,1,0.005,0.001,,
ok,50,6000,0.05,0.005,0.2928879602745854,5.112506022469322e+16,5.112506022469322,0.2923774138294247,5.094697869357917e+16,5.094697869357917,12819276161.24986,43768532339.91476,3214.3500775577827,1.0000000000000002,0.0050000823168247,1.646336495499112e-05,45,91,67,13.120666995004283,cone,Promweaver FAL-C tabulated boundary,45,10,1,0.005,0.001,,
ok,50,6000,0.1,0.01,0.1748058970888504,5.043621060847266e+16,5.043621060847267,0.1743210951549333,5.015684170633421e+16,5.0156841706334205,16734786833.289465,95733537094.48088,5552.619575836908,0.9999999999999998,0.0100000713796832,7.137968323876752e-06,45,91,67,16.339106579005602,cone,Promweaver FAL-C tabulated boundary,45,10,1,0.005,0.001,,
ok,50,6000,0.2,0.02,0.1023798870162547,5.03089412537567e+16,5.030894125375671,0.1019137203444351,4.985184055645376e+16,4.985184055645376,20796839703.495907,203134036475.28943,8597.051157792099,1.0,0.0200000927119091,4.63559545731823e-06,45,91,67,19.35393641100381,cone,Promweaver FAL-C tabulated boundary,45,10,1,0.005,0.001,,
ok,50,8000,0.01,0.001,0.7635000494083263,8.35952506024129e+16,8.359525060241289,0.762412270660739,8.335721955146462e+16,8.335721955146463,3737059083.381518,4894641573.733425,167.06224925511748,0.9999999999999998,0.0009999717836321,-2.8216367829693095e-05,45,91,99,19.30228147600428,cone,Promweaver FAL-C tabulated boundary,45,10,1,0.005,0.001,,
ok,50,8000,0.02,0.002,0.6339859549204034,7.200878453236656e+16,7.200878453236656,0.6329279484273351,7.176864611618195e+16,7.176864611618195,6673564537.52147,10526360222.537312,618.4865350205414,1.0,0.0019999464772433,-2.676137834099236e-05,45,91,101,35.30944683299458,cone,Promweaver FAL-C tabulated boundary,45,10,1,0.005,0.001,,
ok,50,8000,0.05,0.005,0.4275700046967061,6.475764337537194e+16,6.4757643375371945,0.4265350227116172,6.4444516284358776e+16,6.4444516284358775,12786372677.702984,29904746678.31975,2524.664545085761,1.0,0.0049999219290386,-1.56141922690034e-05,45,91,102,29.867157061991747,cone,Promweaver FAL-C tabulated boundary,45,10,1,0.005,0.001,,
ok,50,8000,0.1,0.01,0.3097400682311425,6.3267416522456696e+16,6.326741652245669,0.3087175946880104,6.285040565247655e+16,6.285040565247655,20089379858.31801,64858834612.66102,6379.005264875041,0.9999999999999998,0.0099999545232428,-4.5476757163862005e-06,45,91,103,27.9582868689904,cone,Promweaver FAL-C tabulated boundary,45,10,1,0.005,0.001,,
ok,50,8000,0.2,0.02,0.2480548358096872,6.292573307399955e+16,6.292573307399955,0.2470449254929653,6.241439466782775e+16,6.241439466782775,33664888151.45373,135715508393.8058,18010.512375233197,1.0,0.0199999876487758,-6.175612098091586e-07,45,91,103,35.981613265001215,cone,Promweaver FAL-C tabulated boundary,45,10,1,0.005,0.001,,
ok,50,10000,0.01,0.001,0.8683033705782888,1.055806701197534e+17,10.55806701197534,0.8208138772131821,9.434759214975822e+16,9.434759214975822,3217715597.513793,3705750439.930688,98.06429202182572,1.0,0.0009999740145045,-2.5985495463514904e-05,45,91,114,39.64373221900314,cone,Promweaver FAL-C tabulated boundary,45,10,1,0.005,0.001,,
ok,50,10000,0.02,0.002,0.7684136130866741,8.585033978191003e+16,8.585033978191003,0.7340303263035515,7.833934286240994e+16,7.833934286240994,6001876031.4268,7810736209.263137,419.5966607485228,1.0,0.0019999585632902,-2.071835488023574e-05,45,91,129,44.69887242099503,cone,Promweaver FAL-C tabulated boundary,45,10,1,0.005,0.001,,
ok,50,10000,0.05,0.005,0.6900171933628831,7.343943148997363e+16,7.343943148997363,0.6706262352215036,6.936981879870934e+16,6.936981879870935,14068778749.767836,20389026367.882114,2695.153427718754,1.0000000000000002,0.0049999731957684,-5.360846311135147e-06,45,91,139,48.218056066994905,cone,Promweaver FAL-C tabulated boundary,45,10,1,0.005,0.001,,
ok,50,10000,0.1,0.01,0.6998141128075622,7.337022441586066e+16,7.337022441586066,0.6885612217144874,7.102963379819212e+16,7.102963379819212,28380641401.310207,40554542816.30704,10978.033838147074,1.0,0.0099999902243513,-9.775648686372038e-07,45,91,139,48.71530748100486,cone,Promweaver FAL-C tabulated boundary,45,10,1,0.005,0.001,,
ok,50,10000,0.2,0.02,0.7109640351050373,7.557684956086082e+16,7.5576849560860815,0.7045343270872588,7.421605005506429e+16,7.421605005506429,57307911357.26577,80605921716.9813,43455.06227389806,1.0,0.0199999962620679,-1.86896603922293e-07,45,91,135,26.01095246699697,cone,Promweaver FAL-C tabulated boundary,45,10,1,0.005,0.001,,
ok,50,12000,0.01,0.001,0.9518430770592246,1.2016487077184973e+17,12.016487077184973,0.8660552734963616,9.948051700677683e+16,9.948051700677684,2818936011.898135,2961555407.439013,66.12914563244983,1.0,0.0009999792746553,-2.072534460457326e-05,45,91,98,34.25068738700065,cone,Promweaver FAL-C tabulated boundary,45,10,1,0.005,0.001,,
ok,50,12000,0.02,0.002,0.906895306506746,9.306267126209869e+16,9.306267126209868,0.8214897423479546,7.635992543018835e+16,7.635992543018835,5492827495.420433,6056738254.141108,324.2025345422726,1.0,0.0019999743861313,-1.2806934341800733e-05,45,91,116,41.28743048699107,cone,Promweaver FAL-C tabulated boundary,45,10,1,0.005,0.001,,
ok,50,12000,0.05,0.005,0.918235227251023,7.870162516272416e+16,7.870162516272416,0.8339927666031026,6.492326736063896e+16,6.492326736063896,13825268244.237707,15056347038.249949,2428.6416148323365,1.0,0.0049999914303503,-1.7139299290577777e-06,45,91,135,46.523717423013295,cone,Promweaver FAL-C tabulated boundary,45,10,1,0.005,0.001,,
ok,50,12000,0.1,0.01,0.9496737743339664,8.009764902568957e+16,8.009764902568957,0.8673561167796856,6.6813738106647896e+16,6.681373810664789,28155657584.09628,29647715189.18973,9897.182547001148,1.0,0.0099999964358855,-3.564114470569479e-07,45,91,143,36.86170153399871,cone,Promweaver FAL-C tabulated boundary,45,10,1,0.005,0.001,,
ok,50,12000,0.2,0.02,0.9725792910077696,8.614368237326363e+16,8.614368237326364,0.8938803025050132,7.276660806315571e+16,7.276660806315571,57027891629.79537,58635724775.410416,37752.976586813085,1.0,0.0199999984883362,-7.558318762534988e-08,45,91,145,37.42061017199012,cone,Promweaver FAL-C tabulated boundary,45,10,1,0.005,0.001,,
ok,50,14000,0.01,0.001,0.9876281728093492,1.284926518791259e+17,12.849265187912591,0.9013258007541444,1.0701753871905027e+17,10.701753871905028,2463820761.566613,2494684567.936305,47.24326766045091,1.0,0.0009999842115047,-1.5788495233209562e-05,45,91,78,17.877335152006708,cone,Promweaver FAL-C tabulated boundary,45,10,1,0.005,0.001,,
ok,50,14000,0.02,0.002,0.9692891493894216,9.555842187646515e+16,9.555842187646515,0.8830329514763015,7.930783363898106e+16,7.930783363898105,4879328883.168411,5033925001.886194,249.14444883674943,1.0,0.0019999842610138,-7.869493072378692e-06,45,91,95,27.843489377992228,cone,Promweaver FAL-C tabulated boundary,45,10,1,0.005,0.001,,
ok,50,14000,0.05,0.005,0.9918853408396128,8.03622247055162e+16,8.03622247055162,0.905692031239648,6.700236009248416e+16,6.700236009248416,12347040392.877647,12448052092.821642,1897.0281997791408,1.0,0.0049999945125186,-1.0974962657422924e-06,45,91,115,30.00997574700159,cone,Promweaver FAL-C tabulated boundary,45,10,1,0.005,0.001,,
ok,50,14000,0.1,0.01,1.0150046637064138,8.096456719365488e+16,8.096456719365488,0.9288787704100414,6.780738522122869e+16,6.780738522122869,24991637175.68391,24622189502.48355,7714.26255175454,1.0,0.0099999972550404,-2.744959586020723e-07,45,91,126,24.50459518599382,cone,Promweaver FAL-C tabulated boundary,45,10,1,0.005,0.001,,
ok,50,14000,0.2,0.02,1.0326194559389528,8.665641332490886e+16,8.665641332490887,0.946604488756931,7.282109782479046e+16,7.282109782479046,50427957930.98191,48834987217.17204,29345.536510428326,1.0,0.0199999984974297,-7.512851174507061e-08,45,91,133,45.92340914699889,cone,Promweaver FAL-C tabulated boundary,45,10,1,0.005,0.001,,
ok,51,6000,0.01,0.001,0.6705585354320818,6.3253853075970456e+16,6.325385307597045,0.6699201352376399,6.313346970113453e+16,6.313346970113453,4607976288.647545,6871847937.448659,335.6861984555434,1.0,0.0010000273104553,2.7310455357268396e-05,45,91,64,22.76606852500117,cone,Promweaver FAL-C tabulated boundary,45,10,1,0.005,0.001,,
ok,51,6000,0.02,0.002,0.5141551239708424,5.542008034196756e+16,5.542008034196756,0.513586978955656,5.5297668857806e+16,5.5297668857806,7756986748.112642,15086860728.344194,1085.722774833836,1.0,0.0020000479471339,2.3973566979241384e-05,45,91,66,19.12177512299968,cone,Promweaver FAL-C tabulated boundary,45,10,1,0.005,0.001,,
ok,51,6000,0.05,0.005,0.2915001643621444,5.09011462259797e+16,5.090114622597969,0.2909892326435555,5.072286695764118e+16,5.072286695764118,12771386650.506945,43812622467.82286,3204.413438012076,1.0,0.0050000822508525,1.645017050268954e-05,45,91,67,13.105063247989165,cone,Promweaver FAL-C tabulated boundary,45,10,1,0.005,0.001,,
ok,51,6000,0.1,0.01,0.1739611890156811,5.021883283541098e+16,5.021883283541098,0.1734760091535849,4.9939101601618216e+16,4.993910160161821,16665083628.44637,95797710528.08884,5530.296039602059,0.9999999999999998,0.0100000713045551,7.130455519435695e-06,45,91,67,19.257150776000344,cone,Promweaver FAL-C tabulated boundary,45,10,1,0.005,0.001,,
ok,51,6000,0.2,0.02,0.1019019363254755,5.009308025561789e+16,5.009308025561789,0.1014354218150352,4.963547058072404e+16,4.963547058072404,20708079218.56711,203215757867.6949,8560.554526378095,1.0,0.0200000928458422,4.6422921146094245e-06,45,91,67,23.63827180500084,cone,Promweaver FAL-C tabulated boundary,45,10,1,0.005,0.001,,
ok,51,8000,0.01,0.001,0.7624035494159593,8.33766476388346e+16,8.33766476388346,0.7613157178757894,8.313888631190115e+16,8.313888631190116,3733904933.2471657,4897544005.543429,167.21763761623933,1.0,0.0009999716003675,-2.8399632445632456e-05,45,91,99,28.78463447198737,cone,Promweaver FAL-C tabulated boundary,45,10,1,0.005,0.001,,
ok,51,8000,0.02,0.002,0.6324874553588147,7.17344180479057e+16,7.173441804790571,0.6314293858445339,7.14946140334927e+16,7.14946140334927,6663594628.244613,10535536431.25508,618.9984470204652,0.9999999999999998,0.0019999461321904,-2.693390477727202e-05,45,91,101,35.23887503199512,cone,Promweaver FAL-C tabulated boundary,45,10,1,0.005,0.001,,
ok,51,8000,0.05,0.005,0.4259180165267867,6.4471110841966776e+16,6.447111084196678,0.4248829508165414,6.415813628952481e+16,6.415813628952481,12750898927.192669,29937449068.653664,2521.833753570908,1.0000000000000002,0.0049999270226018,-1.4595479635309824e-05,45,91,103,36.19734046800295,cone,Promweaver FAL-C tabulated boundary,45,10,1,0.005,0.001,,
ok,51,8000,0.1,0.01,0.3086106225576698,6.29894473589388e+16,6.29894473589388,0.3075880758636248,6.257272194913156e+16,6.257272194913156,20032333491.70139,64911354397.58871,6370.819271298048,1.0,0.0099999543312918,-4.566870813287049e-06,45,91,103,35.95561379000719,cone,Promweaver FAL-C tabulated boundary,45,10,1,0.005,0.001,,
ok,51,8000,0.2,0.02,0.2472927620277166,6.264975043057827e+16,6.264975043057827,0.2462827931642318,6.213905947965584e+16,6.213905947965584,33580643400.755653,135793070227.39278,17999.42702817732,1.0,0.0199999875852944,-6.20735276547768e-07,45,91,103,29.838498565994087,cone,Promweaver FAL-C tabulated boundary,45,10,1,0.005,0.001,,
ok,51,10000,0.01,0.001,0.8674545001513339,1.0533943508779763e+17,10.533943508779764,0.8199535379468147,9.41187313228302e+16,9.41187313228302,3215966105.5751786,3707359988.349971,98.182014965129,1.0,0.0009999738387714,-2.6161228555221863e-05,45,91,114,21.59983702300815,cone,Promweaver FAL-C tabulated boundary,45,10,1,0.005,0.001,,
ok,51,10000,0.02,0.002,0.767329016526699,8.552986224089949e+16,8.552986224089949,0.7329289522189424,7.803299661645114e+16,7.803299661645114,5996911101.625301,7815306045.33921,420.4723568886994,1.0,0.0019999583728498,-2.081357507134271e-05,45,91,129,24.40984074100561,cone,Promweaver FAL-C tabulated boundary,45,10,1,0.005,0.001,,
ok,51,10000,0.05,0.005,0.6891644229640818,7.31216337778659e+16,7.31216337778659,0.6697625823626339,6.9062445004314536e+16,6.906244500431454,14058141063.21406,20398820070.76089,2702.775087788709,1.0,0.004999973167206,-5.366558787460451e-06,45,91,139,48.14850497400039,cone,Promweaver FAL-C tabulated boundary,45,10,1,0.005,0.001,,
ok,51,10000,0.1,0.01,0.6991631732434072,7.30550394083971e+16,7.30550394083971,0.6879052003030431,7.0721306449349176e+16,7.0721306449349175,28364581015.306923,40569329307.9555,11012.922074769742,0.9999999999999998,0.009999990229367,-9.770632905178875e-07,45,91,139,48.02842314899317,cone,Promweaver FAL-C tabulated boundary,45,10,1,0.005,0.001,,
ok,51,10000,0.2,0.02,0.7103062147678204,7.52464551916259e+16,7.524645519162591,0.7038736867760037,7.38897635109353e+16,7.38897635109353,57275852461.49408,80635437605.19676,43597.047420194256,1.0,0.0199999962530636,-1.8734681896115377e-07,45,91,135,31.83303819700086,cone,Promweaver FAL-C tabulated boundary,45,10,1,0.005,0.001,,
ok,51,12000,0.01,0.001,0.9512129676600296,1.1985646251354685e+17,11.985646251354684,0.8654250204322135,9.921214173883966e+16,9.921214173883966,2817940814.6237803,2962470982.240576,66.25250126854881,1.0,0.0009999791518715,-2.0848128464475563e-05,45,91,98,34.115053347006324,cone,Promweaver FAL-C tabulated boundary,45,10,1,0.005,0.001,,
ok,51,12000,0.02,0.002,0.9062443565150536,9.268102144993384e+16,9.268102144993383,0.8208384874968552,7.60353596113886e+16,7.603535961138861,5490678039.574356,6058716945.492119,325.28283420516414,1.0,0.0019999743380387,-1.283098060331049e-05,45,91,116,33.26077288600209,cone,Promweaver FAL-C tabulated boundary,45,10,1,0.005,0.001,,
ok,51,12000,0.05,0.005,0.9178682667764568,7.83626971210206e+16,7.836269712102061,0.8336253942531923,6.463839084004574e+16,6.463839084004574,13822273728.15968,15059104044.09486,2438.0892699636697,1.0,0.0049999914336138,-1.7132772242578471e-06,45,91,135,29.962006971996743,cone,Promweaver FAL-C tabulated boundary,45,10,1,0.005,0.001,,
ok,51,12000,0.1,0.01,0.949417485294686,7.976317542688749e+16,7.976317542688749,0.8670992958510877,6.653124503364717e+16,6.653124503364717,28151603184.472664,29651447988.37868,9935.822610051984,1.0,0.0099999964357206,-3.564279383791446e-07,45,91,143,49.14860226299788,cone,Promweaver FAL-C tabulated boundary,45,10,1,0.005,0.001,,
ok,51,12000,0.2,0.02,0.9723618287927138,8.578926791666426e+16,8.578926791666426,0.8936620346324263,7.24642455069012e+16,7.24642455069012,57021163667.95767,58641919067.05681,37899.998274917554,1.0,0.0199999984882058,-7.558970584881086e-08,45,91,145,41.32402475700656,cone,Promweaver FAL-C tabulated boundary,45,10,1,0.005,0.001,,
ok,51,14000,0.01,0.001,0.9871876076052816,1.2811831849007552e+17,12.811831849007552,0.9008852181974816,1.0669664468663187e+17,10.669664468663187,2463244799.929933,2495214466.787391,47.35915219533474,1.0,0.000999984132384,-1.586761594406065e-05,45,91,78,22.77407913299976,cone,Promweaver FAL-C tabulated boundary,45,10,1,0.005,0.001,,
ok,51,14000,0.02,0.002,0.9689164672404692,9.514820700460051e+16,9.514820700460051,0.8826602564051664,7.896144343411682e+16,7.896144343411682,4878337339.046985,5034837887.460799,250.11690648452628,1.0,0.0019999842593013,-7.870349311503433e-06,45,91,95,33.91572448099032,cone,Promweaver FAL-C tabulated boundary,45,10,1,0.005,0.001,,
ok,51,14000,0.05,0.005,0.9916834719843846,8.001488230725328e+16,8.001488230725329,0.905490154090144,6.671017582810242e+16,6.671017582810242,12345726839.281303,12449261471.079256,1904.857781392178,1.0000000000000002,0.0049999945161304,-1.0967739098866056e-06,45,91,115,40.013641570010805,cone,Promweaver FAL-C tabulated boundary,45,10,1,0.005,0.001,,
ok,51,14000,0.1,0.01,1.014864538322356,8.062448694600974e+16,8.062448694600974,0.9287386365388448,6.7520839767924456e+16,6.752083976792446,24989853542.907207,24623831653.648308,7745.696174341474,1.0,0.0099999972546493,-2.745350672489488e-07,45,91,126,24.05073239399644,cone,Promweaver FAL-C tabulated boundary,45,10,1,0.005,0.001,,
ok,51,14000,0.2,0.02,1.032512911613074,8.630039673821811e+16,8.63003967382181,0.9464979334157864,7.252056014593277e+16,7.252056014593276,50425290516.35269,48837443047.1521,29463.47896141861,1.0,0.0199999984969397,-7.51530103773601e-08,45,91,133,45.66629577499407,cone,Promweaver FAL-C tabulated boundary,45,10,1,0.005,0.001,,
ok,52,6000,0.01,0.001,0.6692160371567311,6.303848792615479e+16,6.303848792615479,0.6685774613041173,6.291824080698551e+16,6.291824080698551,4602267995.463355,6877103565.86314,335.99902851220355,1.0000000000000002,0.0010000273215618,2.73215618571028e-05,45,91,64,18.760856237000556,cone,Promweaver FAL-C tabulated boundary,45,10,1,0.005,0.001,,
ok,52,6000,0.02,0.002,0.5124508446486492,5.5195490189062536e+16,5.519549018906254,0.5118824155575794,5.507310841662152e+16,5.507310841662152,7739516687.840712,15102944543.192513,1085.2357385755147,1.0,0.0020000479020845,2.3951042257136512e-05,45,91,66,23.23322739600553,cone,Promweaver FAL-C tabulated boundary,45,10,1,0.005,0.001,,
ok,52,6000,0.05,0.005,0.290027998247454,5.066758049863883e+16,5.066758049863883,0.2895166546641479,5.04890756448715e+16,5.04890756448715,12720479979.752394,43859489623.82311,3193.5728788081456,1.0,0.0050000821122324,1.642244648464297e-05,45,91,67,19.57718124501116,cone,Promweaver FAL-C tabulated boundary,45,10,1,0.005,0.001,,
ok,52,6000,0.1,0.01,0.1730044661870611,4.998617702961877e+16,4.998617702961877,0.1725188548036264,4.970595548841719e+16,4.970595548841719,16586024199.930449,95870497250.6132,5503.445454483811,1.0,0.01000007115847,7.115847007292673e-06,45,91,67,23.65585668598942,cone,Promweaver FAL-C tabulated boundary,45,10,1,0.005,0.001,,
ok,52,6000,0.2,0.02,0.1013475786745218,4.986157304630636e+16,4.986157304630636,0.1008806575718942,4.940319425234352e+16,4.940319425234352,20605039591.72732,203310625287.85715,8514.927039753744,1.0,0.0200000929368901,4.646844504845037e-06,45,91,67,12.893511063011829,cone,Promweaver FAL-C tabulated boundary,45,10,1,0.005,0.001,,
ok,52,8000,0.01,0.001,0.761278574561411,8.316309944932827e+16,8.316309944932827,0.7601906887106316,8.292558503899579e+16,8.29255850389958,3730665021.249914,4900525439.5859375,167.35621438998743,1.0,0.0009999714222731,-2.8577726818431945e-05,45,91,99,34.37179534899769,cone,Promweaver FAL-C tabulated boundary,45,10,1,0.005,0.001,,
ok,52,8000,0.02,0.002,0.6309722965792969,7.146101238153782e+16,7.146101238153783,0.6299141630752719,7.122153470924746e+16,7.122153470924745,6653496293.499607,10544831095.707916,619.484827492453,1.0,0.001999945813185,-2.7093407480851747e-05,45,91,101,35.242885071987985,cone,Promweaver FAL-C tabulated boundary,45,10,1,0.005,0.001,,
ok,52,8000,0.05,0.005,0.4242420927576639,6.4179067267703496e+16,6.41790672677035,0.4232069416606371,6.386625539801132e+16,6.386625539801132,12714818767.175323,29970667654.70229,2518.9929234678752,1.0,0.0049999270639581,-1.45872083669174e-05,45,91,103,29.959684771005413,cone,Promweaver FAL-C tabulated boundary,45,10,1,0.005,0.001,,
ok,52,8000,0.1,0.01,0.3073639566348515,6.269292941595382e+16,6.269292941595382,0.3063413287494961,6.227645322224151e+16,6.227645322224151,19969259427.861443,64969424673.254486,6360.706475390119,0.9999999999999998,0.0099999542493771,-4.575062282664854e-06,45,91,103,36.16482606300269,cone,Promweaver FAL-C tabulated boundary,45,10,1,0.005,0.001,,
ok,52,8000,0.2,0.02,0.2464400698324036,6.23526791970685e+16,6.235267919706851,0.2454300352154161,6.184262167207654e+16,6.184262167207654,33486258376.46401,135879925692.42896,17983.66188101224,1.0,0.0199999824466231,-8.776688452394319e-07,45,91,103,19.49469321599463,cone,Promweaver FAL-C tabulated boundary,45,10,1,0.005,0.001,,
ok,52,10000,0.01,0.001,0.8665835099712628,1.0510630801371795e+17,10.510630801371796,0.8190707636298818,9.389679926799091e+16,9.389679926799092,3214169467.711822,3709012958.0453343,98.28987015529611,1.0000000000000002,0.0009999736652905,-2.6334709402530892e-05,45,91,114,33.15779912599828,cone,Promweaver FAL-C tabulated boundary,45,10,1,0.005,0.001,,
ok,52,10000,0.02,0.002,0.766204793626493,8.520659939118282e+16,8.520659939118282,0.7317873000459812,7.772365936168637e+16,7.772365936168637,5991758674.157191,7820048535.324141,421.3426221191619,1.0000000000000002,0.0019999581867234,-2.090663829123346e-05,45,91,129,44.59170101300697,cone,Promweaver FAL-C tabulated boundary,45,10,1,0.005,0.001,,
ok,52,10000,0.05,0.005,0.6882788802134048,7.279081343457549e+16,7.279081343457549,0.6688657141331492,6.874253684690052e+16,6.874253684690052,14047083761.786,20409000138.76733,2710.789355142789,1.0,0.0049999731438285,-5.371234281480174e-06,45,91,139,48.06186355599493,cone,Promweaver FAL-C tabulated boundary,45,10,1,0.005,0.001,,
ok,52,10000,0.1,0.01,0.6984667098266836,7.271872621561651e+16,7.271872621561651,0.6872032899165447,7.039232332251039e+16,7.039232332251039,28347384459.196507,40585161841.47214,11050.443915846894,1.0,0.00999999023349,-9.766509965342116e-07,45,91,139,48.68552631100465,cone,Promweaver FAL-C tabulated boundary,45,10,1,0.005,0.001,,
ok,52,10000,0.2,0.02,0.7095891254863931,7.488980402668043e+16,7.4889804026680435,0.7031535177176836,7.353754025445224e+16,7.353754025445224,57240878332.46542,80667637477.15164,43751.19143194458,1.0,0.019999996242567,-1.878716480996356e-07,45,91,135,46.5366252350068,cone,Promweaver FAL-C tabulated boundary,45,10,1,0.005,0.001,,
ok,52,12000,0.01,0.001,0.950564331962345,1.1955766657954163e+17,11.955766657954165,0.8647762367492587,9.895138926366358e+16,9.89513892636636,2816915724.4067955,2963414079.0782194,66.36976469535813,1.0,0.0009999790291299,-2.097087001143652e-05,45,91,98,18.81729870098934,cone,Promweaver FAL-C tabulated boundary,45,10,1,0.005,0.001,,
ok,52,12000,0.02,0.002,0.9055354590558587,9.229500087949504e+16,9.229500087949503,0.8201292569897072,7.570627292624437e+16,7.570627292624437,5488340460.110905,6060878572.146948,326.36524967824647,1.0,0.0019999760415843,-1.1979207814724266e-05,45,91,117,27.83215864299564,cone,Promweaver FAL-C tabulated boundary,45,10,1,0.005,0.001,,
ok,52,12000,0.05,0.005,0.9174760388562452,7.800293990313867e+16,7.800293990313867,0.8332327259261767,6.433601358219554e+16,6.433601358219555,13819071808.252254,15062052002.447445,2448.1993355477125,1.0,0.0049999914369102,-1.7126179590806752e-06,45,91,135,38.81235120201018,cone,Promweaver FAL-C tabulated boundary,45,10,1,0.005,0.001,,
ok,52,12000,0.1,0.01,0.9491407459605388,7.940416881947018e+16,7.940416881947018,0.8668219820279116,6.622803977292412e+16,6.622803977292412,28147224121.660755,29655479697.245026,9977.640186074648,1.0,0.0099999964354003,-3.5645996467048574e-07,45,91,143,42.238257750999765,cone,Promweaver FAL-C tabulated boundary,45,10,1,0.005,0.001,,
ok,52,12000,0.2,0.02,0.972125165844566,8.540619933102661e+16,8.540619933102661,0.8934244946791102,7.213744131016189e+16,7.213744131016189,57013840047.99618,58648661768.22357,38060.21088023775,1.0,0.0199999984880154,-7.559922965416632e-08,45,91,145,41.58252643499873,cone,Promweaver FAL-C tabulated boundary,45,10,1,0.005,0.001,,
ok,52,14000,0.01,0.001,0.986732593247238,1.2775311757875203e+17,12.775311757875205,0.9004301859039681,1.063831023361421e+17,10.63831023361421,2462649698.270704,2495761987.719865,47.47158935400777,1.0,0.0009999840533193,-1.5946680628330795e-05,45,91,78,15.346858659002464,cone,Promweaver FAL-C tabulated boundary,45,10,1,0.005,0.001,,
ok,52,14000,0.02,0.002,0.9685218512893228,9.472271266033213e+16,9.47227126603321,0.8822656267632003,7.860207274411718e+16,7.860207274411718,4877287045.892525,5035804860.158546,251.13226025665668,0.9999999999999998,0.0019999842571961,-7.87140193368556e-06,45,91,95,23.259989032012527,cone,Promweaver FAL-C tabulated boundary,45,10,1,0.005,0.001,,
ok,52,14000,0.05,0.005,0.9914655641051876,7.96438333397572e+16,7.96438333397572,0.9052722372553398,6.639804445779112e+16,6.639804445779112,12344308632.258722,12450567199.880152,1913.292582972523,1.0,0.0049999945193945,-1.0961210874724234e-06,45,91,115,39.90171170400572,cone,Promweaver FAL-C tabulated boundary,45,10,1,0.005,0.001,,
ok,52,14000,0.1,0.01,1.0147117964287404,8.025827396090267e+16,8.025827396090268,0.928585885389854,6.721226842320359e+16,6.721226842320359,24987909554.27427,24625622410.440838,7779.828708959801,1.0,0.0099999974577744,-2.542225572416123e-07,45,91,127,37.12156185798813,cone,Promweaver FAL-C tabulated boundary,45,10,1,0.005,0.001,,
ok,52,14000,0.2,0.02,1.0323966915405436,8.591493903574493e+16,8.591493903574493,0.946381701326296,7.219517058682576e+16,7.219517058682576,50422380556.32412,48840122183.154015,29592.251237110228,1.0,0.0199999984963648,-7.518175890869337e-08,45,91,133,45.82607950799866,cone,Promweaver FAL-C tabulated boundary,45,10,1,0.005,0.001,,
ok,53,6000,0.01,0.001,0.6666361413965817,6.267258554595035e+16,6.267258554595035,0.6659972265243453,6.255251027298906e+16,6.255251027298906,4591274020.683869,6887226382.694007,336.3479733503466,1.0000000000000002,0.0010000274022205,2.740222057357085e-05,45,91,64,22.5206827219954,cone,Promweaver FAL-C tabulated boundary,45,10,1,0.005,0.001,,
ok,53,6000,0.02,0.002,0.5092724770438579,5.486174308651822e+16,5.486174308651822,0.5087035144459475,5.47392277538501e+16,5.4739227753850095,7706831078.835146,15133020978.417105,1082.6350373890168,1.0,0.0020000464161516,2.3208075842617165e-05,45,91,66,20.615522562002297,cone,Promweaver FAL-C tabulated boundary,45,10,1,0.005,0.001,,
ok,53,6000,0.05,0.005,0.2878064698660204,5.039155761139411e+16,5.039155761139411,0.2872944984885062,5.021243663079884e+16,5.021243663079884,12643454502.382936,43930404025.55479,3172.296101394608,1.0,0.0050000819926967,1.639853935732349e-05,45,91,67,13.089286923990583,cone,Promweaver FAL-C tabulated boundary,45,10,1,0.005,0.001,,
ok,53,6000,0.1,0.01,0.171687384271656,4.972872666098783e+16,4.972872666098783,0.171201172688958,4.944746608401473e+16,4.944746608401473,16476989572.106327,95970881273.5784,5459.443737824187,0.9999999999999998,0.0100000709914661,7.099146611018457e-06,45,91,67,23.600904942009947,cone,Promweaver FAL-C tabulated boundary,45,10,1,0.005,0.001,,
ok,53,6000,0.2,0.02,0.1005863371459803,4.960699996074347e+16,4.960699996074347,0.100118852118025,4.914696452709329e+16,4.914696452709329,20463389150.4948,203441041110.74652,8441.354967161218,1.0000000000000002,0.0200000930496553,4.652482768138787e-06,45,91,67,23.43667498500145,cone,Promweaver FAL-C tabulated boundary,45,10,1,0.005,0.001,,
ok,53,8000,0.01,0.001,0.7591017718648563,8.276009364549858e+16,8.276009364549857,0.7580137803417055,8.252302990358971e+16,8.252302990358972,3724391280.429756,4906313512.192425,167.60602602937803,1.0000000000000002,0.0009999728585303,-2.7141469633416848e-05,45,91,100,34.828757463998045,cone,Promweaver FAL-C tabulated boundary,45,10,1,0.005,0.001,,
ok,53,8000,0.02,0.002,0.6281677636609905,7.10256245125144e+16,7.10256245125144,0.6271095110070444,7.078651723043464e+16,7.078651723043464,6634756640.561627,10562077560.131329,619.7762565497821,0.9999999999999998,0.0019999450048049,-2.7497597537709875e-05,45,91,101,20.431107540003723,cone,Promweaver FAL-C tabulated boundary,45,10,1,0.005,0.001,,
ok,53,8000,0.05,0.005,0.4215437829759336,6.380561532314045e+16,6.3805615323140445,0.4205084932695795,6.349259360266596e+16,6.349259360266596,12656560267.484625,30024307743.63288,2510.570848556251,1.0,0.0049999273901137,-1.4521977245371406e-05,45,91,103,29.77646235600696,cone,Promweaver FAL-C tabulated boundary,45,10,1,0.005,0.001,,
ok,53,8000,0.1,0.01,0.3056763446538854,6.235871175119735e+16,6.235871175119735,0.3046536061046655,6.194212756444439e+16,6.194212756444439,19883695902.852703,65048199674.61609,6340.114342556635,1.0000000000000002,0.0099999540659414,-4.593405857067356e-06,45,91,103,30.09658776900324,cone,Promweaver FAL-C tabulated boundary,45,10,1,0.005,0.001,,
ok,53,8000,0.2,0.02,0.2453786259033148,6.202344641089692e+16,6.202344641089692,0.2443685090025749,6.151385045129352e+16,6.151385045129352,33368607266.8733,135988239171.33408,17952.30699620079,1.0,0.0199999817972412,-9.1013794018685e-07,45,91,103,19.438317403997644,cone,Promweaver FAL-C tabulated boundary,45,10,1,0.005,0.001,,
ok,53,10000,0.01,0.001,0.8648980654202691,1.0462647215678429e+17,10.462647215678428,0.8173624251541011,9.344177257462371e+16,9.344177257462372,3210693548.1364136,3712221909.7302303,98.5271972526922,1.0000000000000002,0.0009999749768396,-2.502316031010969e-05,45,91,115,39.66183829800866,cone,Promweaver FAL-C tabulated boundary,45,10,1,0.005,0.001,,
ok,53,10000,0.02,0.002,0.7642523081846566,8.467555772836562e+16,8.467555772836562,0.7298044522324932,7.721426908510338e+16,7.721426908510337,5982795033.16347,7828298284.599913,422.71745671484194,1.0,0.0019999577539848,-2.112300759239856e-05,45,91,129,44.46271866900497,cone,Promweaver FAL-C tabulated boundary,45,10,1,0.005,0.001,,
ok,53,10000,0.05,0.005,0.686944195094025,7.236872026917864e+16,7.236872026917864,0.6675139115552018,6.833270600969972e+16,6.833270600969972,14030397320.948986,20424362591.823902,2720.1261574267533,1.0,0.004999973083753,-5.383249383240917e-06,45,91,139,33.320875158999115,cone,Promweaver FAL-C tabulated boundary,45,10,1,0.005,0.001,,
ok,53,10000,0.1,0.01,0.6975888506979818,7.233291651727768e+16,7.233291651727768,0.6863185507716794,7.001456428131132e+16,7.001456428131132,28325689901.754543,40605135637.43585,11092.38707689477,1.0,0.0099999902447538,-9.755246188972164e-07,45,91,139,47.99388017199817,cone,Promweaver FAL-C tabulated boundary,45,10,1,0.005,0.001,,
ok,53,10000,0.2,0.02,0.7087632449334184,7.449104396728466e+16,7.449104396728465,0.7023240814715791,7.314367969673827e+16,7.314367969673827,57200572838.01401,80704767419.7432,43923.47534334352,1.0,0.0199999994704886,-2.6475565663430786e-08,45,91,136,39.49056863700389,cone,Promweaver FAL-C tabulated boundary,45,10,1,0.005,0.001,,
ok,53,12000,0.01,0.001,0.9493718489063712,1.1889640005473838e+17,11.889640005473838,0.8635834814042977,9.837951086191395e+16,9.837951086191396,2815029294.487032,2965149322.3964925,66.64953627840599,1.0,0.0009999787496867,-2.125031329570405e-05,45,91,98,26.324505504991976,cone,Promweaver FAL-C tabulated boundary,45,10,1,0.005,0.001,,
ok,53,12000,0.02,0.002,0.904430418620186,9.167265046331166e+16,9.167265046331169,0.8190236982018553,7.517655207656082e+16,7.517655207656081,5484685705.970971,6064242857.22112,328.14342272476694,1.0,0.0019999759390336,-1.203048316674414e-05,45,91,117,33.58956816900172,cone,Promweaver FAL-C tabulated boundary,45,10,1,0.005,0.001,,
ok,53,12000,0.05,0.005,0.9169544206034226,7.755824655712459e+16,7.755824655712459,0.8327105217067738,6.3961787065934296e+16,6.39617870659343,13814811686.496977,15065974247.014185,2460.7186263914045,1.0,0.0049999914441874,-1.7111625155025174e-06,45,91,135,25.293912036999245,cone,Promweaver FAL-C tabulated boundary,45,10,1,0.005,0.001,,
ok,53,12000,0.1,0.01,0.9488072781865318,7.89912754804521e+16,7.899127548045209,0.8664878217819186,6.587915772467258e+16,6.587915772467259,28141945823.27708,29660339323.13964,10026.032747328532,1.0,0.0099999964368488,-3.563151145663523e-07,45,91,143,49.38379122699553,cone,Promweaver FAL-C tabulated boundary,45,10,1,0.005,0.001,,
ok,53,12000,0.2,0.02,0.9718522907536986,8.497504848620374e+16,8.497504848620375,0.8931506081160394,7.17695614092228e+16,7.17695614092228,57005393741.20275,58656438106.446686,38241.989542579126,1.0,0.019999998488365,-7.558175023347767e-08,45,91,145,43.706442652997794,cone,Promweaver FAL-C tabulated boundary,45,10,1,0.005,0.001,,
ok,53,14000,0.01,0.001,0.985913535303643,1.2697960985566403e+17,12.697960985566404,0.8996110956429898,1.0572213797031498e+17,10.572213797031498,2461577740.6187,2496748094.507679,47.71919664895064,1.0,0.000999983880748,-1.6119251992647438e-05,45,91,78,27.359947753997403,cone,Promweaver FAL-C tabulated boundary,45,10,1,0.005,0.001,,
ok,53,14000,0.02,0.002,0.9679204822522378,9.407683094374656e+16,9.407683094374656,0.8816642368462181,7.805662488013974e+16,7.805662488013974,4875685683.615783,5037279170.15521,252.69038770694357,1.0,0.0019999842508072,-7.874596365383887e-06,45,91,95,18.031681826993008,cone,Promweaver FAL-C tabulated boundary,45,10,1,0.005,0.001,,
ok,53,14000,0.05,0.005,0.9911931115285638,7.91937169197189e+16,7.9193716919718895,0.9049997734779204,6.601933075204583e+16,6.601933075204583,12342535026.386423,12452200164.458813,1923.6143573360205,1.0,0.0049999945284453,-1.094310930586928e-06,45,91,115,22.179300175994285,cone,Promweaver FAL-C tabulated boundary,45,10,1,0.005,0.001,,
ok,53,14000,0.1,0.01,1.0145337254805682,7.98386986696837e+16,7.983869866968369,0.92840780365254,6.685871676992523e+16,6.685871676992523,24985642248.95456,24627709874.424587,7819.294765506931,1.0000000000000002,0.009999997458585,-2.541414991646951e-07,45,91,127,44.66232350199425,cone,Promweaver FAL-C tabulated boundary,45,10,1,0.005,0.001,,
ok,53,14000,0.2,0.02,1.0322638975876748,8.548089606039685e+16,8.548089606039685,0.9462488936410264,7.182875821060035e+16,7.182875821060035,50419055223.63052,48843183745.41256,29738.587764070555,1.0000000000000002,0.0199999984960872,-7.519563721691823e-08,45,91,133,46.416070143997786,cone,Promweaver FAL-C tabulated boundary,45,10,1,0.005,0.001,,
ok,54,6000,0.01,0.001,0.6647621227268352,6.239159827233134e+16,6.239159827233134,0.6641229604004215,6.227167811921137e+16,6.227167811921137,4583267678.94917,6894598116.012893,336.68543840165967,1.0,0.0010000274439315,2.744393152922381e-05,45,91,64,18.77362449500652,cone,Promweaver FAL-C tabulated boundary,45,10,1,0.005,0.001,,
ok,54,6000,0.02,0.002,0.5069323229911487,5.459091584649177e+16,5.459091584649177,0.5063629641618012,5.446835761208773e+16,5.4468357612087726,7682685922.94129,15155249674.374056,1081.1993547888674,1.0,0.0020000463046587,2.315232936747277e-05,45,91,66,23.24519811398932,cone,Promweaver FAL-C tabulated boundary,45,10,1,0.005,0.001,,
ok,54,6000,0.05,0.005,0.2860905888291237,5.014611055062638e+16,5.014611055062638,0.2855781273080552,4.996662239349115e+16,4.996662239349115,12583790174.06294,43985334245.227455,3157.807722395033,1.0,0.005000081860673,1.637213460758263e-05,45,91,67,19.325231121998517,cone,Promweaver FAL-C tabulated boundary,45,10,1,0.005,0.001,,
ok,54,6000,0.1,0.01,0.1706575192847435,4.949497301624521e+16,4.949497301624521,0.1701708333528333,4.921307323209499e+16,4.921307323209499,16391573025.570047,96049521253.26848,5428.504146560671,1.0,0.0100000708807296,7.0880729650252255e-06,45,91,67,23.47316162500647,cone,Promweaver FAL-C tabulated boundary,45,10,1,0.005,0.001,,
ok,54,6000,0.2,0.02,0.0999944845623403,4.937543855582885e+16,4.937543855582885,0.0995265565442182,4.8914411273604616e+16,4.891441127360461,20353132689.115356,203542553153.78348,8389.799106135393,1.0000000000000002,0.0200000931619135,4.658095675846851e-06,45,91,67,23.451449815998785,cone,Promweaver FAL-C tabulated boundary,45,10,1,0.005,0.001,,
ok,54,8000,0.01,0.001,0.7575395044115012,8.244748905147318e+16,8.244748905147318,0.7564514368197957,8.221081752369088e+16,8.221081752369088,3719874663.463244,4910469542.249218,167.83370447142238,1.0,0.0009999725797478,-2.7420252189484795e-05,45,91,100,29.05417601299996,cone,Promweaver FAL-C tabulated boundary,45,10,1,0.005,0.001,,
ok,54,8000,0.02,0.002,0.6261112633368622,7.068288602105202e+16,7.068288602105201,0.6250529227164163,7.0444131826478856e+16,7.044413182647886,6620976459.496183,10574760185.928722,620.1972180952856,1.0,0.0019999444654406,-2.776727965766133e-05,45,91,101,35.4823327389895,cone,Promweaver FAL-C tabulated boundary,45,10,1,0.005,0.001,,
ok,54,8000,0.05,0.005,0.419480468910207,6.3483040745635256e+16,6.348304074563526,0.4184450722670442,6.317003925039014e+16,6.317003925039014,12611869978.969772,30065452181.206165,2505.539471616677,1.0000000000000002,0.0049999272740785,-1.454518429519491e-05,45,91,103,36.09408680800698,cone,Promweaver FAL-C tabulated boundary,45,10,1,0.005,0.001,,
ok,54,8000,0.1,0.01,0.304325174205204,6.205765766648266e+16,6.205765766648265,0.3033023464195478,6.1641210823820216e+16,6.164121082382022,19815040670.33332,65111408289.12232,6326.952249424426,0.9999999999999998,0.0099999539689959,-4.603100409172888e-06,45,91,103,37.10933603599551,cone,Promweaver FAL-C tabulated boundary,45,10,1,0.005,0.001,,
ok,54,8000,0.2,0.02,0.2444939901881341,6.172586488021321e+16,6.172586488021321,0.2434838043271025,6.1216848037782936e+16,6.121684803778294,33270422464.243515,136078692317.31409,17932.85542612256,0.9999999999999998,0.019999988572094,-5.713952967029145e-07,45,91,104,30.421535837987904,cone,Promweaver FAL-C tabulated boundary,45,10,1,0.005,0.001,,
ok,54,10000,0.01,0.001,0.8636913919556729,1.0425423335807053e+17,10.425423335807052,0.8161393547727527,9.309045591273114e+16,9.309045591273112,3208197445.4506965,3714518258.872899,98.72530368762824,1.0,0.0009999747129261,-2.5287073870169235e-05,45,91,115,33.69873531399935,cone,Promweaver FAL-C tabulated boundary,45,10,1,0.005,0.001,,
ok,54,10000,0.02,0.002,0.7627911741724086,8.426275159563296e+16,8.426275159563296,0.7283205179194421,7.681913414721418e+16,7.681913414721418,5976074859.422354,7834483488.755758,423.83461314917247,1.0,0.001999957466378,-2.1266810983034887e-05,45,91,129,44.98545615299372,cone,Promweaver FAL-C tabulated boundary,45,10,1,0.005,0.001,,
ok,54,10000,0.05,0.005,0.6858904516450984,7.2007980329502696e+16,7.20079803295027,0.6664466128922746,6.798323803076339e+16,6.79832380307634,14017205519.353235,20436507733.46264,2728.614935076652,1.0,0.0049999730430413,-5.391391729413219e-06,45,91,139,47.95939824200468,cone,Promweaver FAL-C tabulated boundary,45,10,1,0.005,0.001,,
ok,54,10000,0.1,0.01,0.6968378458548203,7.198867318453713e+16,7.198867318453713,0.6855616473561235,6.967768892023644e+16,6.967768892023644,28307113336.23115,40622238738.34871,11130.815862881464,0.9999999999999998,0.0099999902521571,-9.74784282112284e-07,45,91,139,32.10018022501026,cone,Promweaver FAL-C tabulated boundary,45,10,1,0.005,0.001,,
ok,54,10000,0.2,0.02,0.7080274359002501,7.413283653517179e+16,7.413283653517179,0.7015850989188186,7.278990573345938e+16,7.278990573345937,57164623688.129135,80737865214.84845,44080.253152798665,1.0,0.0199999994962886,-2.5185566306096252e-08,45,91,136,25.76088401899324,cone,Promweaver FAL-C tabulated boundary,45,10,1,0.005,0.001,,
ok,54,12000,0.01,0.001,0.9484459755678158,1.184649752824703e+17,11.846497528247031,0.8626573957624352,9.800347427734323e+16,9.800347427734325,2813567131.914015,2966502262.007689,66.82278865049693,1.0,0.0009999799657032,-2.0034296706415017e-05,45,91,99,18.746443826006725,cone,Promweaver FAL-C tabulated boundary,45,10,1,0.005,0.001,,
ok,54,12000,0.02,0.002,0.9035798806242432,9.118402618704766e+16,9.118402618704769,0.8181727608319275,7.4761101770812e+16,7.4761101770812,5481869948.964053,6066834893.642023,329.5631855047848,1.0,0.0019999758721654,-1.2063917286149473e-05,45,91,117,40.710029354988365,cone,Promweaver FAL-C tabulated boundary,45,10,1,0.005,0.001,,
ok,54,12000,0.05,0.005,0.9165200149830148,7.717552887643067e+16,7.717552887643067,0.8322756278522568,6.363998393968831e+16,6.363998393968831,13811262144.733835,15069242263.072445,2471.650856270492,1.0,0.0049999914492121,-1.7101575671210618e-06,45,91,135,47.319433979006135,cone,Promweaver FAL-C tabulated boundary,45,10,1,0.005,0.001,,
ok,54,12000,0.1,0.01,0.9485154485375584,7.862439697530458e+16,7.862439697530458,0.8661953859302012,6.556925394041941e+16,6.556925394041941,28137325172.357742,29664593461.01371,10069.50893504045,1.0,0.0099999964372375,-3.562762477399284e-07,45,91,143,32.36365027700958,cone,Promweaver FAL-C tabulated boundary,45,10,1,0.005,0.001,,
ok,54,12000,0.2,0.02,0.9716082855917172,8.45891265056773e+16,8.45891265056773,0.8929056982452424,7.144030663538317e+16,7.144030663538317,56997839147.83006,58663393461.2012,38406.27988165672,1.0,0.0199999984883987,-7.558006130670146e-08,45,91,145,29.09490223300236,cone,Promweaver FAL-C tabulated boundary,45,10,1,0.005,0.001,,
ok,54,14000,0.01,0.001,0.9853047126174002,1.2642151047219997e+17,12.642151047219995,0.8990022489047688,1.0524498517099018e+17,10.524498517099016,2460780407.8640404,2497481617.972913,47.89881241815333,1.0,0.0009999837623467,-1.6237653213332925e-05,45,91,78,22.80995478000841,cone,Promweaver FAL-C tabulated boundary,45,10,1,0.005,0.001,,
ok,54,14000,0.02,0.002,0.9674463663620252,9.356262083302698e+16,9.356262083302695,0.8811901044806217,7.76225321672487e+16,7.76225321672487,4874422522.818902,5038442121.75671,253.9475136482824,1.0,0.001999984247896,-7.876051967515771e-06,45,91,95,33.93521221700939,cone,Promweaver FAL-C tabulated boundary,45,10,1,0.005,0.001,,
ok,54,14000,0.05,0.005,0.9909589242107,7.880301466564045e+16,7.8803014665640445,0.9047655765293798,6.569066573827813e+16,6.569066573827813,12341010142.154827,12453604120.861477,1932.6739208515864,1.0,0.0049999945342599,-1.0931480077039366e-06,45,91,115,33.81340903299861,cone,Promweaver FAL-C tabulated boundary,45,10,1,0.005,0.001,,
ok,54,14000,0.1,0.01,1.0143756165913511,7.946543180345723e+16,7.946543180345723,0.9282496851819024,6.654420892062114e+16,6.654420892062114,24983628788.64476,24629563625.157207,7854.757638423145,1.0,0.0099999974586583,-2.541341670089791e-07,45,91,127,44.30336355599866,cone,Promweaver FAL-C tabulated boundary,45,10,1,0.005,0.001,,
ok,54,14000,0.2,0.02,1.032144722634336,8.509264379707837e+16,8.509264379707837,0.9461297063620804,7.150101084410948e+16,7.150101084410948,50416070572.90429,48845931648.25537,29870.739215407208,1.0,0.0199999984956577,-7.52171108384103e-08,45,91,133,38.50038460199721,cone,Promweaver FAL-C tabulated boundary,45,10,1,0.005,0.001,,
ok,55,6000,0.01,0.001,0.66311146875087,6.211918631148572e+16,6.211918631148572,0.662472087622837,6.199945172975204e+16,6.199945172975204,4576201442.604771,6901104351.61851,337.11999281976944,1.0,0.0010000274890134,2.7489013433145557e-05,45,91,64,21.679915789994997,cone,Promweaver FAL-C tabulated boundary,45,10,1,0.005,0.001,,
ok,55,6000,0.02,0.002,0.5048721020493013,5.432135983268987e+16,5.432135983268987,0.5043023920250952,5.419883390113165e+16,5.4198833901131644,7661370914.997065,15174874753.227943,1080.5437212534605,1.0,0.0020000463767486,2.3188374327891972e-05,45,91,66,13.91059304100054,cone,Promweaver FAL-C tabulated boundary,45,10,1,0.005,0.001,,
ok,55,6000,0.05,0.005,0.2845392967682431,4.98892191252702e+16,4.98892191252702,0.284026388125693,4.970952128374698e+16,4.970952128374698,12529720197.71634,44035113392.164536,3146.8499805309493,0.9999999999999998,0.005000081686268,1.633725361573773e-05,45,91,67,23.978947889991105,cone,Promweaver FAL-C tabulated boundary,45,10,1,0.005,0.001,,
ok,55,6000,0.1,0.01,0.1697181436041919,4.924566775838536e+16,4.924566775838536,0.1692310210885849,4.896338506210106e+16,4.896338506210107,16313539401.873709,96121363664.68466,5404.16202948472,1.0000000000000002,0.0100000707459567,7.074595677857008e-06,45,91,67,23.92193226699601,cone,Promweaver FAL-C tabulated boundary,45,10,1,0.005,0.001,,
ok,55,6000,0.2,0.02,0.0994579541616703,4.912832193865231e+16,4.912832193865231,0.0989896210712273,4.866673498202175e+16,4.866673498202175,20253087031.96691,203634663538.77768,8349.308873945196,1.0,0.0200000932034287,4.6601714388458384e-06,45,91,67,23.357262566991267,cone,Promweaver FAL-C tabulated boundary,45,10,1,0.005,0.001,,
ok,55,8000,0.01,0.001,0.7561287552022481,8.213759990033499e+16,8.213759990033498,0.7550406186684085,8.190136338117658e+16,8.190136338117657,3715789574.547996,4914228627.046597,168.09709778558144,1.0,0.0009999723433746,-2.765662538068737e-05,45,91,100,22.424053435999667,cone,Promweaver FAL-C tabulated boundary,45,10,1,0.005,0.001,,
ok,55,8000,0.02,0.002,0.6242435095128406,7.03471681704381e+16,7.034716817043811,0.6231850884224388,7.010881950206999e+16,7.010881950206999,6608444575.021003,10586324846.498173,620.800251622304,1.0,0.0019999476829054,-2.6158547263618187e-05,45,91,102,35.82497721198888,cone,Promweaver FAL-C tabulated boundary,45,10,1,0.005,0.001,,
ok,55,8000,0.05,0.005,0.4176215982502654,6.315198641366162e+16,6.3151986413661625,0.4165861045527588,6.28392036814257e+16,6.28392036814257,12571502337.418314,30102615358.233147,2502.576403289903,1.0000000000000002,0.0049999269791962,-1.4604160742184845e-05,45,91,103,36.08250613301061,cone,Promweaver FAL-C tabulated boundary,45,10,1,0.005,0.001,,
ok,55,8000,0.1,0.01,0.3030402093377956,6.17379182483455e+16,6.173791824834551,0.3020172961295062,6.132182860546893e+16,6.132182860546893,19749631834.615257,65171654539.746445,6317.802230289831,0.9999999999999998,0.0099999570542306,-4.294576932961646e-06,45,91,104,30.240486717011663,cone,Promweaver FAL-C tabulated boundary,45,10,1,0.005,0.001,,
ok,55,8000,0.2,0.02,0.2436222377999379,6.140924749495299e+16,6.140924749495299,0.2426119837081421,6.090099904939533e+16,6.090099904939533,33173528576.85158,136167900255.86096,17920.47685211634,1.0000000000000002,0.0199999885460373,-5.726981337078606e-07,45,91,104,20.396018724000896,cone,Promweaver FAL-C tabulated boundary,45,10,1,0.005,0.001,,
ok,55,10000,0.01,0.001,0.8625538398854891,1.0384576124003498e+17,10.384576124003498,0.8149863154299515,9.270795077011158e+16,9.270795077011158,3205841545.885475,3716685727.4800105,98.96812247896727,1.0,0.0009999744792321,-2.5520767853171037e-05,45,91,115,40.21438188900356,cone,Promweaver FAL-C tabulated boundary,45,10,1,0.005,0.001,,
ok,55,10000,0.02,0.002,0.7614693121328365,8.385928737517512e+16,8.385928737517512,0.7269779709873941,7.64343995689574e+16,7.643439956895741,5969986059.891522,7840087531.787588,425.00639667789306,1.0,0.0019999571985326,-2.14007336845224e-05,45,91,129,44.537201253013336,cone,Promweaver FAL-C tabulated boundary,45,10,1,0.005,0.001,,
ok,55,10000,0.05,0.005,0.684881211339577,7.163574206045209e+16,7.163574206045209,0.6654243476742696,6.762334271345778e+16,6.762334271345779,14004561193.042374,20448160879.826862,2737.8474567089684,1.0,0.0049999748099065,-5.038018691290446e-06,45,91,140,28.45329336701252,cone,Promweaver FAL-C tabulated boundary,45,10,1,0.005,0.001,,
ok,55,10000,0.1,0.01,0.6960739713953533,7.162497388984365e+16,7.162497388984365,0.6847917611529181,6.9321945302444376e+16,6.932194530244438,28288202353.50503,40639649686.65379,11172.393495368771,1.0,0.0099999902530427,-9.746957281217548e-07,45,91,139,31.20731753099244,cone,Promweaver FAL-C tabulated boundary,45,10,1,0.005,0.001,,
ok,55,10000,0.2,0.02,0.707251250534823,7.375286869194896e+16,7.375286869194896,0.7008055602730877,7.241466852679296e+16,7.241466852679296,57126660633.59383,80772795509.93326,44248.520946034,1.0,0.0199999962740115,-1.8629942449832626e-07,45,91,136,46.96153740299633,cone,Promweaver FAL-C tabulated boundary,45,10,1,0.005,0.001,,
ok,55,12000,0.01,0.001,0.9475673611677264,1.1790298705440989e+17,11.790298705440987,0.8617785803275629,9.752052096458502e+16,9.752052096458502,2812174655.675025,2967783369.204978,67.07485952303662,1.0,0.0009999798008182,-2.0199181760376103e-05,45,91,99,28.562326832994582,cone,Promweaver FAL-C tabulated boundary,45,10,1,0.005,0.001,,
ok,55,12000,0.02,0.002,0.9027803755655875,9.069506786659442e+16,9.069506786659442,0.817372880045345,7.434639217300992e+16,7.434639217300992,5479220946.795607,6069273430.276884,331.0197885067316,1.0,0.0019999758103128,-1.209484358803345e-05,45,91,117,40.57798225100851,cone,Promweaver FAL-C tabulated boundary,45,10,1,0.005,0.001,,
ok,55,12000,0.05,0.005,0.91608555608318,7.677718454979701e+16,7.677718454979701,0.8318406804433494,6.330535108018115e+16,6.330535108018116,13807710610.554514,15072512080.1935,2483.1969734597906,1.0,0.0049999914482421,-1.710351563155576e-06,45,91,135,38.0272526179906,cone,Promweaver FAL-C tabulated boundary,45,10,1,0.005,0.001,,
ok,55,12000,0.1,0.01,0.9482105733921996,7.823589952411744e+16,7.823589952411744,0.8658898772887579,6.524118155921172e+16,6.524118155921172,28132496545.518223,29669039066.7918,10116.038374935815,1.0,0.0099999964356227,-3.5643772811760893e-07,45,91,143,49.21834842899989,cone,Promweaver FAL-C tabulated boundary,45,10,1,0.005,0.001,,
ok,55,12000,0.2,0.02,0.971349150855289,8.417949234580074e+16,8.417949234580073,0.8926456024455487,7.109085087424317e+16,7.109085087424317,56989814167.30566,58670781888.39222,38582.30583622723,1.0,0.0199999984878783,-7.560608146495172e-08,45,91,145,42.23894265500712,cone,Promweaver FAL-C tabulated boundary,45,10,1,0.005,0.001,,
ok,55,14000,0.01,0.001,0.9846713754246424,1.2573113738932494e+17,12.573113738932497,0.8983688866637528,1.0465732332127955e+17,10.465732332127956,2459950518.9793777,2498245181.463224,48.12933917148112,1.0,0.0009999836578615,-1.6342138475788914e-05,45,91,78,14.975661574993865,cone,Promweaver FAL-C tabulated boundary,45,10,1,0.005,0.001,,
ok,55,14000,0.02,0.002,0.9669635627254086,9.303096666088534e+16,9.303096666088534,0.88070728401423,7.717390776191259e+16,7.717390776191259,4873138348.71091,5039629761.204093,255.26422242005427,1.0,0.0019999853663723,-7.316813813249695e-06,45,91,96,18.082283087002,cone,Promweaver FAL-C tabulated boundary,45,10,1,0.005,0.001,,
ok,55,14000,0.05,0.005,0.9907184721158512,7.839272523053402e+16,7.839272523053402,0.9045251145433504,6.534562269249035e+16,6.534562269249035,12339444100.385183,12455045956.730936,1942.2960518181424,1.0,0.0049999945372593,-1.0925481261012111e-06,45,91,115,39.780510556011,cone,Promweaver FAL-C tabulated boundary,45,10,1,0.005,0.001,,
ok,55,14000,0.1,0.01,1.014208507324959,7.906902703763595e+16,7.9069027037635955,0.9280825657868724,6.621023438919367e+16,6.621023438919368,24981500379.352627,24631523201.518948,7892.791711051948,1.0,0.009999997457583,-2.542417000886421e-07,45,91,127,45.05865019001067,cone,Promweaver FAL-C tabulated boundary,45,10,1,0.005,0.001,,
ok,55,14000,0.2,0.02,1.0320175847305713,8.467974107802317e+16,8.467974107802316,0.946002555307514,7.1152464236411336e+16,7.115246423641134,50412886124.59503,48848863498.53846,30012.598704921736,1.0000000000000002,0.0199999984948137,-7.525931353807856e-08,45,91,133,36.962059926008806,cone,Promweaver FAL-C tabulated boundary,45,10,1,0.005,0.001,,
ok,56,6000,0.01,0.001,0.6614345789634621,6.187840045323051e+16,6.187840045323052,0.6607949747487672,6.175878605366327e+16,6.175878605366327,4569009175.196241,6907726509.183058,337.3688506833012,1.0,0.0010000275240017,2.75240017652556e-05,45,91,64,22.58924253899022,cone,Promweaver FAL-C tabulated boundary,45,10,1,0.005,0.001,,
ok,56,6000,0.02,0.002,0.5027111662568884,5.407877750226887e+16,5.407877750226887,0.5021410854797604,5.395619502078762e+16,5.395619502078762,7638954879.595175,15195514626.169302,1079.0486462095544,1.0,0.0020000465479351,2.3273967587368605e-05,45,91,66,23.38286395299656,cone,Promweaver FAL-C tabulated boundary,45,10,1,0.005,0.001,,
ok,56,6000,0.05,0.005,0.2829306998656068,4.966796859679417e+16,4.966796859679417,0.2824173235134237,4.94878875576826e+16,4.94878875576826,12473523674.2491,44086851233.09018,3132.578143372976,0.9999999999999998,0.0050000815862707,1.631725414282664e-05,45,91,67,19.477247656002877,cone,Promweaver FAL-C tabulated boundary,45,10,1,0.005,0.001,,
ok,56,6000,0.1,0.01,0.1687348264419223,4.903317065812802e+16,4.903317065812803,0.1682472428588031,4.875020326990577e+16,4.875020326990577,16231730477.051125,96196682210.3438,5373.282427861029,1.0,0.0100000706376576,7.063765765716322e-06,45,91,67,23.760963147011356,cone,Promweaver FAL-C tabulated boundary,45,10,1,0.005,0.001,,
ok,56,6000,0.2,0.02,0.0988910344954406,4.891753622039362e+16,4.891753622039362,0.098422269724521,4.845487609607738e+16,4.845487609607738,20147276401.814663,203732082535.1822,8297.898417907112,1.0,0.0200000933279492,4.666397462015081e-06,45,91,67,23.58975808499963,cone,Promweaver FAL-C tabulated boundary,45,10,1,0.005,0.001,,
ok,56,8000,0.01,0.001,0.7547611449779476,8.189877890470987e+16,8.189877890470987,0.7536729413844264,8.166278822524906e+16,8.166278822524905,3711823354.106492,4917878164.243527,168.22757062252168,1.0,0.0009999720940559,-2.7905944052081244e-05,45,91,100,35.10796044899325,cone,Promweaver FAL-C tabulated boundary,45,10,1,0.005,0.001,,
ok,56,8000,0.02,0.002,0.6223598045226725,7.004263839244692e+16,7.004263839244692,0.6213013019834975,6.9804585544083656e+16,6.980458554408366,6595765586.218858,10597994180.034763,621.1091510373526,1.0,0.0019999472097878,-2.6395106084110484e-05,45,91,102,23.278092057997128,cone,Promweaver FAL-C tabulated boundary,45,10,1,0.005,0.001,,
ok,56,8000,0.05,0.005,0.4157065055847696,6.286277988100617e+16,6.2862779881006166,0.4146709111797511,6.254996661329954e+16,6.254996661329954,12529809099.891298,30140998352.34899,2497.4415127186376,1.0,0.0049999266085982,-1.4678280346042124e-05,45,91,103,30.65879830399353,cone,Promweaver FAL-C tabulated boundary,45,10,1,0.005,0.001,,
ok,56,8000,0.1,0.01,0.3017686094580779,6.146502073925761e+16,6.1465020739257605,0.3007456112312648,6.104899318870727e+16,6.104899318870727,19684777840.08317,65231363445.76558,6304.243843945211,1.0,0.0099999569586103,-4.304138961908065e-06,45,91,104,26.7027395680052,cone,Promweaver FAL-C tabulated boundary,45,10,1,0.005,0.001,,
ok,56,8000,0.2,0.02,0.2427938336784049,6.11383346399699e+16,6.113833463996991,0.2417835144616507,6.063057284336626e+16,6.063057284336627,33081334977.17426,136252780706.91232,17899.97601859035,1.0,0.0199999885161576,-5.741921153823436e-07,45,91,104,36.12243067901,cone,Promweaver FAL-C tabulated boundary,45,10,1,0.005,0.001,,
ok,56,10000,0.01,0.001,0.8615153807408136,1.03582725296975e+17,10.3582725296975,0.8139336935766429,9.245689755176574e+16,9.245689755176574,3203688435.4915686,3718666557.916505,99.08620923301916,1.0,0.000999974255366,-2.5744633919263724e-05,45,91,115,39.714726150006754,cone,Promweaver FAL-C tabulated boundary,45,10,1,0.005,0.001,,
ok,56,10000,0.02,0.002,0.7601494469528179,8.35052077991122e+16,8.35052077991122,0.725637397035758,7.609478720818667e+16,7.609478720818667,5963897751.989872,7845691101.792049,425.9384214904978,1.0,0.0019999569276288,-2.153618559441045e-05,45,91,129,36.98073268101143,cone,Promweaver FAL-C tabulated boundary,45,10,1,0.005,0.001,,
ok,56,10000,0.05,0.005,0.6839079035245164,7.131014219597067e+16,7.131014219597067,0.664438455047552,6.7307828058835976e+16,6.730782805883598,13992348518.165524,20459404615.82037,2745.5535920228704,1.0,0.0049999747775395,-5.044492095741814e-06,45,91,140,28.488594089008984,cone,Promweaver FAL-C tabulated boundary,45,10,1,0.005,0.001,,
ok,56,10000,0.1,0.01,0.6953802442349624,7.131281920749775e+16,7.131281920749776,0.6840925636991974,6.9016455032412056e+16,6.901645503241205,28271013951.296112,40655474735.839066,11207.665588269814,1.0,0.0099999902605838,-9.739416198875637e-07,45,91,139,27.1922109649895,cone,Promweaver FAL-C tabulated boundary,45,10,1,0.005,0.001,,
ok,56,10000,0.2,0.02,0.706569772312708,7.342659684304216e+16,7.342659684304216,0.7001211309922944,7.209242984769482e+16,7.209242984769482,57093310650.40949,80803500075.4909,44393.26158601674,1.0,0.0199999962650715,-1.867464238802796e-07,45,91,136,46.94750460000069,cone,Promweaver FAL-C tabulated boundary,45,10,1,0.005,0.001,,
ok,56,12000,0.01,0.001,0.9468100722803524,1.1756527882457742e+17,11.756527882457744,0.8610211180276007,9.722567036950654e+16,9.722567036950654,2810973473.85817,2968888435.1304564,67.21008064400061,1.0,0.0009999796502327,-2.0349767287496795e-05,45,91,99,27.77431422700465,cone,Promweaver FAL-C tabulated boundary,45,10,1,0.005,0.001,,
ok,56,12000,0.02,0.002,0.9020257024484336,9.02842983342306e+16,9.02842983342306,0.816617851988205,7.399666412213976e+16,7.399666412213976,5476718528.342195,6071577022.11405,332.22217364583014,1.0,0.0019999757505715,-1.2124714202695758e-05,45,91,117,26.323748914001044,cone,Promweaver FAL-C tabulated boundary,45,10,1,0.005,0.001,,
ok,56,12000,0.05,0.005,0.9156874946463416,7.643334272555715e+16,7.643334272555715,0.8314421712294632,6.301622510720162e+16,6.301622510720161,13804455272.21036,15075509224.401869,2493.191826591899,1.0,0.0049999914523715,-1.7095256876764604e-06,45,91,135,46.72553653600335,cone,Promweaver FAL-C tabulated boundary,45,10,1,0.005,0.001,,
ok,56,12000,0.1,0.01,0.9479408002113224,7.790345380300515e+16,7.790345380300515,0.8656195432760678,6.496035448670077e+16,6.496035448670077,28128223370.01341,29672974687.599525,10156.121600899392,1.0,0.0099999966872634,-3.3127365295371186e-07,45,91,144,33.306668320001336,cone,Promweaver FAL-C tabulated boundary,45,10,1,0.005,0.001,,
ok,56,12000,0.2,0.02,0.9711234194089354,8.382846276587445e+16,8.382846276587445,0.8924190336031066,7.079136651416138e+16,7.079136651416138,56982821986.25925,58677219442.345726,38734.361747589406,1.0,0.019999998487975,-7.56012454028454e-08,45,91,145,50.46568778299843,cone,Promweaver FAL-C tabulated boundary,45,10,1,0.005,0.001,,
ok,56,14000,0.01,0.001,0.984149213997709,1.2532349587762408e+17,12.532349587762408,0.8978467045665793,1.0430736800618557e+17,10.430736800618558,2459265889.4085684,2498875022.6388874,48.2590169740737,1.0,0.0009999835564976,-1.644350232084084e-05,45,91,78,27.515341356993304,cone,Promweaver FAL-C tabulated boundary,45,10,1,0.005,0.001,,
ok,56,14000,0.02,0.002,0.966546183042303,9.259961357658717e+16,9.259961357658716,0.8802898898063737,7.68095785370637e+16,7.68095785370637,4872025341.949418,5040654474.07202,256.33617696433777,1.0,0.0019999853644931,-7.317753413426872e-06,45,91,96,33.553654097006074,cone,Promweaver FAL-C tabulated boundary,45,10,1,0.005,0.001,,
ok,56,14000,0.05,0.005,0.990505488758792,7.80441075910256e+16,7.80441075910256,0.9043121224225474,6.505235919334921e+16,6.505235919334921,12338056662.231327,12456323364.439116,1950.5334470367588,1.0,0.0049999945420256,-1.0915948769896209e-06,45,91,115,26.59562114000437,cone,Promweaver FAL-C tabulated boundary,45,10,1,0.005,0.001,,
ok,56,14000,0.1,0.01,1.0140632945363617,7.873192792642474e+16,7.873192792642474,0.9279373441952814,6.592620338831793e+16,6.592620338831793,24979650584.531544,24633226268.141823,7925.411707286036,1.0,0.0099999974574986,-2.5425013171209704e-07,45,91,127,43.94722903400543,cone,Promweaver FAL-C tabulated boundary,45,10,1,0.005,0.001,,
ok,56,14000,0.2,0.02,1.0319076345588771,8.432735885793856e+16,8.432735885793855,0.9458925937615053,7.0854999158541336e+16,7.085499915854133,50410131873.420494,48851399277.58163,30134.720568879984,1.0000000000000002,0.0199999984944265,-7.527867079692996e-08,45,91,133,37.36525943799643,cone,Promweaver FAL-C tabulated boundary,45,10,1,0.005,0.001,,
ok,57,6000,0.01,0.001,0.6600921843042583,6.166763754310522e+16,6.166763754310522,0.6594524009123839,6.154815480654088e+16,6.154815480654088,4563241601.776752,6913036861.035462,337.6677743108095,1.0000000000000002,0.0010000275481888,2.7548188805430127e-05,45,91,64,13.477655344991945,cone,Promweaver FAL-C tabulated boundary,45,10,1,0.005,0.001,,
ok,57,6000,0.02,0.002,0.5010439012750957,5.386769485370591e+16,5.386769485370591,0.5004735326498693,5.374512293842146e+16,5.374512293842146,7621621348.075881,15211484120.812136,1078.3663962455537,1.0,0.0020000475267225,2.3763361278305445e-05,45,91,66,23.55804679900757,cone,Promweaver FAL-C tabulated boundary,45,10,1,0.005,0.001,,
ok,57,6000,0.05,0.005,0.2816484014905845,4.946159439875188e+16,4.946159439875188,0.2811346493027948,4.928131411869387e+16,4.928131411869387,12428631647.948977,44128181030.5764,3123.047012902133,1.0,0.0050000814654306,1.6293086124892494e-05,45,91,67,23.90237631900527,cone,Promweaver FAL-C tabulated boundary,45,10,1,0.005,0.001,,
ok,57,6000,0.1,0.01,0.167953683255789,4.883196217558041e+16,4.883196217558041,0.1674657304032513,4.854863308523239e+16,4.854863308523239,16166650365.904415,96256599155.86987,5352.244153401991,1.0,0.0100000705532301,7.05532301418371e-06,45,91,67,23.591596411002683,cone,Promweaver FAL-C tabulated boundary,45,10,1,0.005,0.001,,
ok,57,6000,0.2,0.02,0.0984469194415045,4.8717656726493736e+16,4.871765672649373,0.0979778138367019,4.82544776600389e+16,4.825447766003889,20064315440.21464,203808464033.62088,8263.46711100137,1.0,0.0200000934263126,4.671315631532557e-06,45,91,67,13.813259450005717,cone,Promweaver FAL-C tabulated boundary,45,10,1,0.005,0.001,,
ok,57,8000,0.01,0.001,0.7536326230829351,8.167513231163256e+16,8.167513231163255,0.7525443639817907,8.143942189115056e+16,8.143942189115055,3708546157.499675,4920893873.103421,168.3904783873462,1.0000000000000002,0.0009999719096829,-2.8090317010171295e-05,45,91,100,28.81723328999942,cone,Promweaver FAL-C tabulated boundary,45,10,1,0.005,0.001,,
ok,57,8000,0.02,0.002,0.6208734472721161,6.9780623634677096e+16,6.97806236346771,0.6198148801573818,6.954287952420204e+16,6.954287952420204,6585741501.860107,10607220409.88445,621.5477717193853,1.0,0.0019999468819238,-2.6559038071886573e-05,45,91,102,35.54346811900905,cone,Promweaver FAL-C tabulated boundary,45,10,1,0.005,0.001,,
ok,57,8000,0.05,0.005,0.4141821940414992,6.259925470424703e+16,6.259925470424704,0.4131465189501012,6.228658345970723e+16,6.228658345970723,12496547653.29338,30171619719.70548,2494.6575480624274,1.0,0.0049999263993667,-1.4720126658568363e-05,45,91,103,26.89855100000568,cone,Promweaver FAL-C tabulated boundary,45,10,1,0.005,0.001,,
ok,57,8000,0.1,0.01,0.3007183834937312,6.120827280667275e+16,6.120827280667275,0.2996953146632361,6.07925100211085e+16,6.07925100211085,19631124072.724144,65280758178.6345,6296.224590030845,1.0000000000000004,0.0099999565797993,-4.342020061727513e-06,45,91,104,36.363608699000906,cone,Promweaver FAL-C tabulated boundary,45,10,1,0.005,0.001,,
ok,57,8000,0.2,0.02,0.2420816887605027,6.088306185772467e+16,6.088306185772467,0.2410713133341547,6.037590761604989e+16,6.037590761604989,33001987705.3641,136325832302.06134,17888.903075376744,1.0000000000000002,0.0199999883047478,-5.847626095151214e-07,45,91,104,30.8789810629969,cone,Promweaver FAL-C tabulated boundary,45,10,1,0.005,0.001,,
ok,57,10000,0.01,0.001,0.8606406650767566,1.0332384382942723e+17,10.332384382942724,0.8130470296111835,9.221215343247378e+16,9.221215343247378,3201873084.7577457,3720336738.2973766,99.22193049477175,1.0,0.000999974079207,-2.592079293502365e-05,45,91,115,39.64394392700342,cone,Promweaver FAL-C tabulated boundary,45,10,1,0.005,0.001,,
ok,57,10000,0.02,0.002,0.7590262396500715,8.319919756441451e+16,8.31991975644145,0.7244964808865741,7.580155566609861e+16,7.580155566609861,5958718358.768445,7850477424.226533,426.76282366346607,1.0000000000000002,0.001999959591606,-2.0204196971712607e-05,45,91,130,36.360466817001,cone,Promweaver FAL-C tabulated boundary,45,10,1,0.005,0.001,,
ok,57,10000,0.05,0.005,0.6830966869616966,7.101573601430858e+16,7.101573601430857,0.663616725723387,6.702315710413726e+16,6.702315710413727,13982159444.993273,20468785329.912308,2752.922010212275,1.0,0.0049999747549874,-5.049002518332789e-06,45,91,140,34.77174630800437,cone,Promweaver FAL-C tabulated boundary,45,10,1,0.005,0.001,,
ok,57,10000,0.1,0.01,0.69475689699356,7.102147660963752e+16,7.102147660963752,0.6834642915783241,6.873146839809706e+16,6.873146839809706,28255559776.974915,40669707489.40521,11241.341301567138,1.0,0.0099999909236593,-9.076340611383068e-07,45,91,140,33.09265160799259,cone,Promweaver FAL-C tabulated boundary,45,10,1,0.005,0.001,,
ok,57,10000,0.2,0.02,0.705937275643845,7.312098308931408e+16,7.312098308931408,0.6994858904733512,7.179062096463538e+16,7.1790620964635385,57062335016.14473,80832018629.56088,44530.44721126823,1.0,0.019999996256344,-1.8718279998913842e-07,45,91,136,25.758406774999457,cone,Promweaver FAL-C tabulated boundary,45,10,1,0.005,0.001,,
ok,57,12000,0.01,0.001,0.9461623937289916,1.1723449231272478e+17,11.72344923127248,0.8603732910548486,9.69388541323078e+16,9.69388541323078,2809945466.817246,2969834232.9404564,67.35043049808789,1.0,0.0009999795302829,-2.0469717014514124e-05,45,91,99,34.55304230299953,cone,Promweaver FAL-C tabulated boundary,45,10,1,0.005,0.001,,
ok,57,12000,0.02,0.002,0.9013801696680112,8.991285583117805e+16,8.991285583117804,0.8159720153779028,7.368113753149179e+16,7.36811375314918,5474576523.129175,6073548883.536593,333.333735543571,1.0,0.0019999757078258,-1.2146087079037762e-05,45,91,117,40.72888085000159,cone,Promweaver FAL-C tabulated boundary,45,10,1,0.005,0.001,,
ok,57,12000,0.05,0.005,0.915333969476943,7.611780591574571e+16,7.611780591574571,0.8310882482283838,6.275110588861216e+16,6.275110588861216,13801563063.307917,15078172037.245226,2502.4781087530287,1.0,0.0049999914554649,-1.7089070190184903e-06,45,91,135,46.72039132899954,cone,Promweaver FAL-C tabulated boundary,45,10,1,0.005,0.001,,
ok,57,12000,0.1,0.01,0.9476935394125928,7.759370942226482e+16,7.759370942226481,0.8653717684066813,6.469878422845906e+16,6.469878422845905,28124305142.68392,29676582115.47602,10193.822999932949,1.0,0.0099999966870342,-3.312965721202765e-07,45,91,144,33.65638583400869,cone,Promweaver FAL-C tabulated boundary,45,10,1,0.005,0.001,,
ok,57,12000,0.2,0.02,0.9709127867514492,8.350048865108189e+16,8.350048865108189,0.8922076193795352,7.051157753353131e+16,7.051157753353131,56976296115.57956,58683227673.01788,38877.59666431779,1.0,0.0199999984878603,-7.56069823068528e-08,45,91,145,41.60429933600244,cone,Promweaver FAL-C tabulated boundary,45,10,1,0.005,0.001,,
ok,57,14000,0.01,0.001,0.983665808369672,1.2497314562241122e+17,12.497314562241122,0.8973632796930918,1.0400593866494925e+17,10.400593866494924,2458634555.7470336,2499461234.5243297,48.369462484181824,1.0,0.0009999845970526,-1.54029473327464e-05,45,91,79,28.12224757499644,cone,Promweaver FAL-C tabulated boundary,45,10,1,0.005,0.001,,
ok,57,14000,0.02,0.002,0.9661795211750348,9.220358439248536e+16,9.220358439248535,0.8799232151715143,7.647538995134344e+16,7.647538995134344,4871047212.012533,5041555016.699723,257.33382382029,1.0,0.0019999853642942,-7.317852852547005e-06,45,91,96,23.89301861298736,cone,Promweaver FAL-C tabulated boundary,45,10,1,0.005,0.001,,
ok,57,14000,0.05,0.005,0.99030817575957,7.772074765190005e+16,7.772074765190005,0.9041148012954674,6.478036624707156e+16,6.478036624707156,12336772038.192171,12457508016.360489,1958.2408677279304,1.0,0.004999994946317,-1.0107365994507789e-06,45,91,116,39.66310728499957,cone,Promweaver FAL-C tabulated boundary,45,10,1,0.005,0.001,,
ok,57,14000,0.1,0.01,1.0139278970207366,7.841683260095986e+16,7.841683260095985,0.927801938470417,6.566072940481562e+16,6.566072940481562,24977925590.4263,24634814431.893925,7956.158723927294,1.0,0.009999997457102,-2.542897923479836e-07,45,91,127,43.959167260996765,cone,Promweaver FAL-C tabulated boundary,45,10,1,0.005,0.001,,
ok,57,14000,0.2,0.02,1.0318044378176627,8.399796462751504e+16,8.399796462751503,0.94578938634238,7.057694441179537e+16,7.057694441179537,50407546785.92052,48853779784.60331,30249.789792435546,1.0,0.0199999985934277,-7.032861445988024e-08,45,91,134,46.07968205900397,cone,Promweaver FAL-C tabulated boundary,45,10,1,0.005,0.001,,
ok,58,6000,0.01,0.001,0.6587436510394729,6.145782025682879e+16,6.14578202568288,0.6581036871192766,6.133846674882466e+16,6.133846674882466,4557438715.098398,6918379718.585416,337.95939320789495,1.0,0.0010000275717933,2.757179333044875e-05,45,91,64,16.24302898600581,cone,Promweaver FAL-C tabulated boundary,45,10,1,0.005,0.001,,
ok,58,6000,0.02,0.002,0.4993624635772099,5.365648894457773e+16,5.365648894457773,0.4987918031811735,5.353392411544953e+16,5.353392411544953,7604103019.055799,15227622365.893097,1077.6400741416153,1.0,0.0020000483805579,2.4190278965921862e-05,45,91,66,23.495860803013784,cone,Promweaver FAL-C tabulated boundary,45,10,1,0.005,0.001,,
ok,58,6000,0.05,0.005,0.2803569167596273,4.925622435226147e+16,4.925622435226147,0.2798427833201479,4.9075732628816296e+16,4.9075732628816295,12383332818.654087,44169885165.59883,3113.249822009853,1.0000000000000002,0.0050000813268301,1.6265366023331115e-05,45,91,67,23.815573988002143,cone,Promweaver FAL-C tabulated boundary,45,10,1,0.005,0.001,,
ok,58,6000,0.1,0.01,0.1671525947312055,4.86295673116199e+16,4.86295673116199,0.1666642603892046,4.834584095021011e+16,4.834584095021011,16099824222.26193,96318123258.28212,5330.179853888928,1.0000000000000002,0.0100000704347593,7.043475939647046e-06,45,91,67,23.461896528009675,cone,Promweaver FAL-C tabulated boundary,45,10,1,0.005,0.001,,
ok,58,6000,0.2,0.02,0.0979885737384699,4.85163446794208e+16,4.85163446794208,0.0975191138957728,4.8052578057983736e+16,4.805257805798374,19978630901.245487,203887352770.0092,8227.035555246743,1.0,0.0200000934974839,4.674874198341838e-06,45,91,67,19.3781181749946,cone,Promweaver FAL-C tabulated boundary,45,10,1,0.005,0.001,,
ok,58,8000,0.01,0.001,0.7525079922506197,8.146057208233811e+16,8.146057208233811,0.751419677680101,8.122511778819336e+16,8.122511778819336,3705276258.186786,4923902863.948267,168.5364072278513,1.0,0.0009999717253639,-2.827463605977777e-05,45,91,100,28.841355728000053,cone,Promweaver FAL-C tabulated boundary,45,10,1,0.005,0.001,,
ok,58,8000,0.02,0.002,0.6193693069060786,6.95171283754833e+16,6.95171283754833,0.618310674166496,6.927969260276812e+16,6.927969260276812,6575579708.639867,10616573400.265362,621.9797841926573,1.0,0.0019999465510475,-2.6724476217274487e-05,45,91,102,35.471729962999234,cone,Promweaver FAL-C tabulated boundary,45,10,1,0.005,0.001,,
ok,58,8000,0.05,0.005,0.4126537981879371,6.233804894108231e+16,6.233804894108231,0.4116180417198111,6.202550604721107e+16,6.202550604721107,12463129165.5142,30202385680.78816,2491.7300306125658,1.0,0.0049999261912421,-1.4761751574235423e-05,45,91,103,19.4291929960018,cone,Promweaver FAL-C tabulated boundary,45,10,1,0.005,0.001,,
ok,58,8000,0.1,0.01,0.2996483018983595,6.095047875740582e+16,6.095047875740582,0.2986251607631899,6.053496178805277e+16,6.053496178805277,19576372476.07964,65331164408.60035,6287.634931426086,1.0,0.0099999562908281,-4.370917189820688e-06,45,91,104,19.67411934598931,cone,Promweaver FAL-C tabulated boundary,45,10,1,0.005,0.001,,
ok,58,8000,0.2,0.02,0.2413541924934386,6.062574289189859e+16,6.062574289189859,0.2403437594279194,6.011918425050215e+16,6.011918425050215,32920842461.86074,136400541137.29852,17876.59526632339,1.0,0.0199999883195416,-5.840229168330157e-07,45,91,104,30.74398385200766,cone,Promweaver FAL-C tabulated boundary,45,10,1,0.005,0.001,,
ok,58,10000,0.01,0.001,0.8597774836580065,1.0308031595138914e+17,10.308031595138914,0.8121720408184125,9.198132805378973e+16,9.198132805378972,3200080081.333513,3721986376.8919168,99.3449858242261,1.0,0.0009999739079832,-2.609201679324921e-05,45,91,115,32.75647877699521,cone,Promweaver FAL-C tabulated boundary,45,10,1,0.005,0.001,,
ok,58,10000,0.02,0.002,0.7579321175688065,8.288927518561315e+16,8.288927518561316,0.7233851101818454,7.550519801215318e+16,7.5505198012153185,5953658718.993233,7855134491.582947,427.6313438966639,1.0000000000000002,0.0019999594062355,-2.029688223937655e-05,45,91,130,44.83586656898842,cone,Promweaver FAL-C tabulated boundary,45,10,1,0.005,0.001,,
ok,58,10000,0.05,0.005,0.6822747631391469,7.071984639834715e+16,7.071984639834716,0.6627841282637011,6.673703281571586e+16,6.673703281571585,13971826360.774029,20478298649.78391,2760.355710560232,1.0,0.0049999747351121,-5.05297757507489e-06,45,91,140,48.14405223198992,cone,Promweaver FAL-C tabulated boundary,45,10,1,0.005,0.001,,
ok,58,10000,0.1,0.01,0.6941281879561767,7.072854281899285e+16,7.072854281899285,0.6828306079339996,6.844493395929674e+16,6.844493395929675,28239959830.2959,40684070061.24755,11275.43845004217,1.0,0.0099999909282185,-9.071781414612954e-07,45,91,140,48.06025675300043,cone,Promweaver FAL-C tabulated boundary,45,10,1,0.005,0.001,,
ok,58,10000,0.2,0.02,0.7052947941767184,7.281266313152261e+16,7.281266313152261,0.6988406169232606,7.148613813048069e+16,7.148613813048069,57030848544.728325,80861008780.44862,44669.67071176437,1.0,0.0199999964395425,-1.7802287265861194e-07,45,91,136,25.188443175007706,cone,Promweaver FAL-C tabulated boundary,45,10,1,0.005,0.001,,
ok,58,12000,0.01,0.001,0.9455256002917256,1.1692413588571018e+17,11.692413588571018,0.8597363515952727,9.666920906107346e+16,9.666920906107343,2808934106.158197,2970764731.5858483,67.48059973221521,1.0,0.0009999794151573,-2.058484262928463e-05,45,91,99,34.441463017006754,cone,Promweaver FAL-C tabulated boundary,45,10,1,0.005,0.001,,
ok,58,12000,0.02,0.002,0.900733611137714,8.954638642474694e+16,8.954638642474695,0.8153251523343006,7.336974467324293e+16,7.336974467324293,5472429717.524981,6075525160.666284,334.435460870527,1.0,0.0019999756643761,-1.216781190973952e-05,45,91,117,39.03754519599897,cone,Promweaver FAL-C tabulated boundary,45,10,1,0.005,0.001,,
ok,58,12000,0.05,0.005,0.91497569999596,7.580029386682677e+16,7.580029386682677,0.8307295754295433,6.24843294743025e+16,6.24843294743025,13798630997.616629,15080871544.105,2511.892866047504,1.0,0.0049999914583265,-1.708334681008172e-06,45,91,135,25.852032230992336,cone,Promweaver FAL-C tabulated boundary,45,10,1,0.005,0.001,,
ok,58,12000,0.1,0.01,0.947442381938233,7.728137150196282e+16,7.7281371501962814,0.8651200886255824,6.443502450863723e+16,6.443502450863723,28120324190.97791,29680247292.13683,10232.124731192353,1.0,0.0099999966867647,-3.313235298965655e-07,45,91,144,39.74921998599893,cone,Promweaver FAL-C tabulated boundary,45,10,1,0.005,0.001,,
ok,58,12000,0.2,0.02,0.9706985611085892,8.316934307554347e+16,8.316934307554348,0.891992598636052,7.022908353407063e+16,7.022908353407063,56969657720.77071,58689339825.23715,39023.29609449741,1.0,0.0199999985458628,-7.270685668109289e-08,45,91,145,49.858414589994936,cone,Promweaver FAL-C tabulated boundary,45,10,1,0.005,0.001,,
ok,58,14000,0.01,0.001,0.9832233953378984,1.2460109956430669e+17,12.460109956430667,0.8969208491182226,1.0368733349955206e+17,10.368733349955209,2458053978.14419,2499995412.8425164,48.49097945842912,1.0,0.0009999845241556,-1.547584431373268e-05,45,91,79,27.982951184007103,cone,Promweaver FAL-C tabulated boundary,45,10,1,0.005,0.001,,
ok,58,14000,0.02,0.002,0.9658133349339568,9.181350103537e+16,9.181350103537,0.8795570161721556,7.614618472467723e+16,7.614618472467723,4870070001.960388,5042454712.321204,258.3234661191882,1.0,0.0019999853640769,-7.317961505217199e-06,45,91,96,33.83909830899211,cone,Promweaver FAL-C tabulated boundary,45,10,1,0.005,0.001,,
ok,58,14000,0.05,0.005,0.9901109052953716,7.73958400123802e+16,7.739584001238019,0.9039175227100302,6.450710342192919e+16,6.450710342192919,12335486455.923315,12458691637.42154,1966.051742314929,1.0,0.0049999949489659,-1.010206809176628e-06,45,91,116,40.15636858200014,cone,Promweaver FAL-C tabulated boundary,45,10,1,0.005,0.001,,
ok,58,14000,0.1,0.01,1.0137905049957658,7.809927006194925e+16,7.809927006194925,0.9276645381140314,6.5393178372562216e+16,6.539317837256221,24976174958.223457,24636426199.639515,7987.38983154357,1.0,0.0099999974566085,-2.5433914158795584e-07,45,91,127,43.97865512499993,cone,Promweaver FAL-C tabulated boundary,45,10,1,0.005,0.001,,
ok,58,14000,0.2,0.02,1.0316996840459192,8.366537856705997e+16,8.366537856705996,0.9456846217315854,7.029619838176482e+16,7.029619838176481,50404922182.464455,48856196199.2624,30366.87604519587,1.0,0.0199999985929423,-7.035288237394742e-08,45,91,134,31.72206503900816,cone,Promweaver FAL-C tabulated boundary,45,10,1,0.005,0.001,,
ok,59,6000,0.01,0.001,0.657613154064539,6.126418649394838e+16,6.126418649394839,0.6569730388333856,6.114497643154824e+16,6.114497643154824,4552558572.221133,6922852050.758003,338.3018814026266,1.0,0.001000025708172,2.5708172071399815e-05,45,91,65,18.93587285200192,cone,Promweaver FAL-C tabulated boundary,45,10,1,0.005,0.001,,
ok,59,6000,0.02,0.002,0.4978607316848981,5.345751253117019e+16,5.345751253117019,0.4972898094914828,5.333497793904718e+16,5.333497793904718,7588423657.370536,15242061031.182789,1077.1951569980822,1.0,0.002000048651219,2.4325609538841664e-05,45,91,66,12.726009732999955,cone,Promweaver FAL-C tabulated boundary,45,10,1,0.005,0.001,,
ok,59,6000,0.05,0.005,0.2791758918142805,4.905773971861689e+16,4.905773971861689,0.2786614073097752,4.887709238367384e+16,4.887709238367384,12341833400.205822,44208091608.48361,3104.930079374037,1.0,0.0050000812192882,1.624385765029712e-05,45,91,67,23.78904761800368,cone,Promweaver FAL-C tabulated boundary,45,10,1,0.005,0.001,,
ok,59,6000,0.1,0.01,0.1664351685586407,4.843546531655114e+16,4.843546531655114,0.16594649013774,4.81514554102338e+16,4.81514554102338,16039904634.764055,96373289213.28702,5311.780097721276,1.0,0.0100000703678424,7.036784249216109e-06,45,91,67,23.105411311989883,cone,Promweaver FAL-C tabulated boundary,45,10,1,0.005,0.001,,
ok,59,6000,0.2,0.02,0.09758361367305,4.832346547000277e+16,4.832346547000276,0.0971138387266828,4.785931969784794e+16,4.7859319697847935,19902871269.17316,203957104272.20825,8197.348449754207,1.0,0.0200000936062635,4.680313178337391e-06,45,91,67,13.10396612600016,cone,Promweaver FAL-C tabulated boundary,45,10,1,0.005,0.001,,
ok,59,8000,0.01,0.001,0.751524868915941,8.127306352803218e+16,8.127306352803217,0.7504365057288571,8.103783362724981e+16,8.10378336272498,3702414555.213252,4926536310.839465,168.66441282758964,1.0,0.0009999715738917,-2.8426108284514837e-05,45,91,100,28.80747490399517,cone,Promweaver FAL-C tabulated boundary,45,10,1,0.005,0.001,,
ok,59,8000,0.02,0.002,0.6180399789504145,6.927644882214874e+16,6.9276448822148735,0.6169812879793651,6.903931356769996e+16,6.903931356769996,6566584037.938839,10624853183.592638,622.4341267551666,1.0000000000000002,0.0019999462702367,-2.6864881602726293e-05,45,91,102,30.93915039900457,cone,Promweaver FAL-C tabulated boundary,45,10,1,0.005,0.001,,
ok,59,8000,0.05,0.005,0.4112290578041606,6.208571989568691e+16,6.208571989568691,0.4101932249660092,6.177334200602886e+16,6.177334200602886,12431928145.047771,30231151979.946472,2489.3459826720587,1.0,0.004999931011413,-1.3797717391197948e-05,45,91,104,36.45712507700955,cone,Promweaver FAL-C tabulated boundary,45,10,1,0.005,0.001,,
ok,59,8000,0.1,0.01,0.2986701029708053,6.070327380795757e+16,6.0703273807957565,0.2976468954124892,6.028806214944546e+16,6.028806214944545,19526248435.91293,65377311762.00652,6280.952476915852,1.0,0.0099999561958409,-4.380415903094958e-06,45,91,104,30.3343478290044,cone,Promweaver FAL-C tabulated boundary,45,10,1,0.005,0.001,,
ok,59,8000,0.2,0.02,0.2406838823382253,6.037994348378235e+16,6.037994348378235,0.2396733959955081,5.987400989931321e+16,5.987400989931321,32845988833.818478,136469415877.46645,17867.836904502936,1.0000000000000002,0.0199999833511249,-8.324437503898217e-07,45,91,104,20.532628193002893,cone,Promweaver FAL-C tabulated boundary,45,10,1,0.005,0.001,,
ok,59,10000,0.01,0.001,0.8590171583987684,1.0287316724563024e+17,10.287316724563023,0.8114013012783572,9.178460290767629e+16,9.178460290767628,3198499439.554089,3723440688.328252,99.44671617235912,1.0000000000000002,0.0009999737652103,-2.6234789606352504e-05,45,91,115,39.90692158600723,cone,Promweaver FAL-C tabulated boundary,45,10,1,0.005,0.001,,
ok,59,10000,0.02,0.002,0.7569615083419282,8.260958194126758e+16,8.260958194126758,0.7223991672678318,7.523801092283542e+16,7.523801092283542,5949165257.103026,7859270506.546972,428.4317439287437,1.0,0.0019999592532008,-2.0373399568307877e-05,45,91,130,45.03526311399765,cone,Promweaver FAL-C tabulated boundary,45,10,1,0.005,0.001,,
ok,59,10000,0.05,0.005,0.6815169665202546,7.043983837428561e+16,7.043983837428561,0.6620164710074945,6.646646723424075e+16,6.646646723424075,13962290955.055332,20487077565.134064,2767.547075814781,1.0000000000000002,0.0049999747154208,-5.056915825495111e-06,45,91,140,48.40603646800446,cone,Promweaver FAL-C tabulated boundary,45,10,1,0.005,0.001,,
ok,59,10000,0.1,0.01,0.6935317620990313,7.044864632917224e+16,7.044864632917224,0.682229455185571,6.817118977766463e+16,6.817118977766463,28225150726.1854,40697704515.737885,11308.366803720884,1.0,0.0099999909319827,-9.068017248550772e-07,45,91,140,26.797661193995737,cone,Promweaver FAL-C tabulated boundary,45,10,1,0.005,0.001,,
ok,59,10000,0.2,0.02,0.7046821075751535,7.25188100246305e+16,7.251881002463049,0.6982252632338635,7.119595121558592e+16,7.119595121558592,57000800679.68554,80888673157.6429,44803.42792472337,1.0,0.0199999964309129,-1.78454355112545e-07,45,91,136,36.3194586699974,cone,Promweaver FAL-C tabulated boundary,45,10,1,0.005,0.001,,
ok,59,12000,0.01,0.001,0.9449610348623004,1.166586679016849e+17,11.66586679016849,0.8591716566236807,9.643819968848094e+16,9.643819968848094,2808036954.6850915,2971590204.345598,67.59096156937377,0.9999999999999998,0.0009999793223638,-2.067763611181793e-05,45,91,99,28.192650299999517,cone,Promweaver FAL-C tabulated boundary,45,10,1,0.005,0.001,,
ok,59,12000,0.02,0.002,0.9001520240208168,8.92143377196305e+16,8.92143377196305,0.8147432911300149,7.308773735124094e+16,7.3087737351240945,5470497458.4932,6077303958.121957,335.4431945392972,1.0,0.0019999756297125,-1.218514372454231e-05,45,91,117,33.32977396999195,cone,Promweaver FAL-C tabulated boundary,45,10,1,0.005,0.001,,
ok,59,12000,0.05,0.005,0.9146415468746464,7.550151017295413e+16,7.550151017295413,0.830395046005463,6.223336549089751e+16,6.223336549089751,13795895351.957678,15083390207.998535,2520.8333995727885,1.0,0.004999991460614,-1.7078771829062696e-06,45,91,135,25.297741936999955,cone,Promweaver FAL-C tabulated boundary,45,10,1,0.005,0.001,,
ok,59,12000,0.1,0.01,0.947203961843504,7.698451874877397e+16,7.698451874877397,0.8648811725872272,6.418436866650878e+16,6.418436866650878,28116544221.595142,29683727427.4836,10268.818612021332,1.0,0.0099999966862911,-3.313708895821832e-07,45,91,144,46.624043345000246,cone,Promweaver FAL-C tabulated boundary,45,10,1,0.005,0.001,,
ok,59,12000,0.2,0.02,0.9704939908193724,8.285433039496306e+16,8.285433039496306,0.8917872689334053,6.996036180177188e+16,6.996036180177188,56963317076.58757,58695177523.45316,39162.943890801325,1.0,0.0199999985460481,-7.269759186995238e-08,45,91,145,49.74545412500447,cone,Promweaver FAL-C tabulated boundary,45,10,1,0.005,0.001,,
ok,59,14000,0.01,0.001,0.9828295716782736,1.242780555206864e+17,12.42780555206864,0.8965270098308898,1.0341053274847971e+17,10.341053274847972,2457536963.64582,2500471123.848406,48.59657565756029,1.0,0.0009999844625738,-1.5537426181809824e-05,45,91,79,24.2662677729968,cone,Promweaver FAL-C tabulated boundary,45,10,1,0.005,0.001,,
ok,59,14000,0.02,0.002,0.9654796526276088,9.14572397215851e+16,9.14572397215851,0.8792233222336537,7.584557323338483e+16,7.584557323338483,4869179230.322949,5043274829.32571,259.2348779515241,1.0,0.0019999853645747,-7.317712632896878e-06,45,91,96,32.63346217699291,cone,Promweaver FAL-C tabulated boundary,45,10,1,0.005,0.001,,
ok,59,14000,0.05,0.005,0.9899250396577152,7.70895578011898e+16,7.70895578011898,0.9037316494188248,6.424952466262075e+16,6.424952466262075,12334274973.360922,12459807035.112198,1973.475311803248,1.0,0.0049999949513344,-1.009733100777732e-06,45,91,116,40.37459203599428,cone,Promweaver FAL-C tabulated boundary,45,10,1,0.005,0.001,,
ok,59,14000,0.1,0.01,1.0136596824292414,7.779766927214288e+16,7.779766927214288,0.9275337076132956,6.5139083333174296e+16,6.5139083333174295,24974507820.027157,24637961095.75513,8017.284408235298,1.0,0.0099999974560181,-2.543981802993755e-07,45,91,127,44.28765219599882,cone,Promweaver FAL-C tabulated boundary,45,10,1,0.005,0.001,,
ok,59,14000,0.2,0.02,1.0315996642803535,8.334929215983504e+16,8.334929215983504,0.9455845916157348,7.0029383833965416e+16,7.0029383833965415,50402415947.0389,48858503634.93454,30479.00548965321,1.0000000000000002,0.0199999985924483,-7.037758258110481e-08,45,91,134,31.224142646009568,cone,Promweaver FAL-C tabulated boundary,45,10,1,0.005,0.001,,
ok,60,6000,0.01,0.001,0.6561494950863102,6.104973179968791e+16,6.104973179968791,0.6555091828233832,6.093063754288388e+16,6.093063754288388,4546241896.344667,6928667827.0576935,338.54883176055523,1.0,0.001000025721329,2.5721329077266555e-05,45,91,65,23.30942774699361,cone,Promweaver FAL-C tabulated boundary,45,10,1,0.005,0.001,,
ok,60,6000,0.02,0.002,0.4960098208985145,5.323580779737808e+16,5.323580779737808,0.4954385743862566,5.311325676530382e+16,5.311325676530382,7569057001.349701,15259893418.316729,1076.1670811446304,1.0,0.00200004882361,2.4411805032075948e-05,45,91,66,23.72902578000503,cone,Promweaver FAL-C tabulated boundary,45,10,1,0.005,0.001,,
ok,60,6000,0.05,0.005,0.2777155964673787,4.884134930140177e+16,4.884134930140177,0.2772006746493808,4.866040043536179e+16,4.866040043536179,12290421500.29919,44255424098.02274,3092.757731217743,0.9999999999999998,0.0050000810968395,1.6219367907945034e-05,45,91,67,14.438584905001337,cone,Promweaver FAL-C tabulated boundary,45,10,1,0.005,0.001,,
ok,60,6000,0.1,0.01,0.1655212195663682,4.8223637841740136e+16,4.822363784174014,0.1650320994518845,4.793905437917508e+16,4.793905437917508,15963471882.72297,96443657946.35878,5284.38844424789,1.0000000000000002,0.0100000702519987,7.02519987409028e-06,45,91,67,18.531923530012136,cone,Promweaver FAL-C tabulated boundary,45,10,1,0.005,0.001,,
ok,60,6000,0.2,0.02,0.0970559416719023,4.811302442090515e+16,4.811302442090515,0.0965857531148996,4.764798546694933e+16,4.764798546694933,19804076929.740906,204048063298.2636,8151.669277907294,1.0,0.0200000937110192,4.68555096284906e-06,45,91,67,23.48417713498929,cone,Promweaver FAL-C tabulated boundary,45,10,1,0.005,0.001,,
ok,60,8000,0.01,0.001,0.7503054700082948,8.1059695169681e+16,8.105969516968099,0.7492170463582591,8.082468876292197e+16,8.082468876292197,3698860781.649333,4929806498.156599,168.78389504653447,1.0,0.000999971370311,-2.8629688940103384e-05,45,91,100,28.87615739100147,cone,Promweaver FAL-C tabulated boundary,45,10,1,0.005,0.001,,
ok,60,8000,0.02,0.002,0.6163934210238231,6.90040149129399e+16,6.900401491293991,0.6153346576196509,6.87671655972084e+16,6.87671655972084,6555422174.9249,10635126773.475958,622.7689786705226,1.0,0.0019999459221287,-2.7038935622404267e-05,45,91,102,35.640958924996085,cone,Promweaver FAL-C tabulated boundary,45,10,1,0.005,0.001,,
ok,60,8000,0.05,0.005,0.4095100984602428,6.180941776079369e+16,6.180941776079369,0.4084741730184619,6.149709842450233e+16,6.149709842450233,12394189605.000025,30265894911.02211,2485.3160170379533,1.0,0.0049999307539942,-1.3849201144569553e-05,45,91,104,36.53740746999392,cone,Promweaver FAL-C tabulated boundary,45,10,1,0.005,0.001,,
ok,60,8000,0.1,0.01,0.2974732241772881,6.043257114235387e+16,6.043257114235387,0.2964499349199468,6.001751773275973e+16,6.001751773275973,19464822620.69801,65433864424.37373,6269.4555683019935,1.0,0.0099999561012575,-4.389874243802826e-06,45,91,104,30.580233833999955,cone,Promweaver FAL-C tabulated boundary,45,10,1,0.005,0.001,,
ok,60,8000,0.2,0.02,0.2398837209234866,6.011002680969386e+16,6.011002680969385,0.2388731707045163,5.960464651145154e+16,5.960464651145155,32756545439.753925,136551764803.5898,17850.45401067138,1.0000000000000002,0.0199999833849842,-8.307507882998608e-07,45,91,104,33.60317648400087,cone,Promweaver FAL-C tabulated boundary,45,10,1,0.005,0.001,,
ok,60,10000,0.01,0.001,0.8580298476016095,1.0267104073809811e+17,10.267104073809811,0.8104004027115512,9.158882121750323e+16,9.158882121750326,3196450498.313308,3725337186.402223,99.51487502917718,1.0000000000000002,0.0009999752769878,-2.4723012126458624e-05,45,91,116,40.404936720995465,cone,Promweaver FAL-C tabulated boundary,45,10,1,0.005,0.001,,
ok,60,10000,0.02,0.002,0.7557714593799105,8.229011961079672e+16,8.229011961079673,0.7211902768914423,7.493184820199442e+16,7.493184820199442,5943649381.917117,7864347493.081726,429.2978080752323,1.0,0.0019999590487659,-2.0475617000309185e-05,45,91,130,25.32645095798944,cone,Promweaver FAL-C tabulated boundary,45,10,1,0.005,0.001,,
ok,60,10000,0.05,0.005,0.6806197835090938,7.0128900281499e+16,7.0128900281499,0.661107589035111,6.616558805286748e+16,6.616558805286748,13950991060.93122,20497480970.95215,2775.320171868273,1.0000000000000002,0.0049999746902198,-5.061956027258007e-06,45,91,140,28.838072077007386,cone,Promweaver FAL-C tabulated boundary,45,10,1,0.005,0.001,,
ok,60,10000,0.1,0.01,0.6928507362212629,7.01403764216794e+16,7.01403764216794,0.6815430227112815,6.786959831788738e+16,6.786959831788738,28208228884.114285,40713284130.950165,11344.45261592064,1.0,0.0099999909368719,-9.063128046660204e-07,45,91,140,48.41880141900037,cone,Promweaver FAL-C tabulated boundary,45,10,1,0.005,0.001,,
ok,60,10000,0.2,0.02,0.7039931808100918,7.21941867780049e+16,7.21941867780049,0.6975333321706878,7.087535627319392e+16,7.087535627319392,56966989216.88042,80919802591.45119,44951.51209909997,0.9999999999999998,0.0199999964210296,-1.789485162481674e-07,45,91,136,47.04343026899733,cone,Promweaver FAL-C tabulated boundary,45,10,1,0.005,0.001,,
ok,60,12000,0.01,0.001,0.9442691522297256,1.163538697173988e+17,11.63538697173988,0.8584796151422476,9.617212264906326e+16,9.617212264906328,2806936761.468311,2972602414.089482,67.71492862264512,1.0,0.0009999791937127,-2.0806287228921156e-05,45,91,99,29.0040013090038,cone,Promweaver FAL-C tabulated boundary,45,10,1,0.005,0.001,,
ok,60,12000,0.02,0.002,0.8994528730562448,8.883436430817536e+16,8.883436430817536,0.8140438104598889,7.27645301186967e+16,7.276453011869671,5468173093.755353,6079443690.223685,336.59178197685634,1.0,0.0019999755826688,-1.220866559389043e-05,45,91,117,22.26701457099989,cone,Promweaver FAL-C tabulated boundary,45,10,1,0.005,0.001,,
ok,60,12000,0.05,0.005,0.9142568059983072,7.516863403882054e+16,7.516863403882055,0.8300098716972125,6.195363169461796e+16,6.195363169461796,13792744424.068678,15086291218.809055,2530.8401726367542,1.0,0.0049999914638622,-1.7072275501281429e-06,45,91,135,33.13067151499854,cone,Promweaver FAL-C tabulated boundary,45,10,1,0.005,0.001,,
ok,60,12000,0.1,0.01,0.9469351483201048,7.665621929240142e+16,7.665621929240142,0.8646117997511303,6.390711883952772e+16,6.390711883952772,28112281325.169884,29687652185.09634,10309.670482063992,1.0,0.0099999966860941,-3.313905856325294e-07,45,91,144,32.853532331995666,cone,Promweaver FAL-C tabulated boundary,45,10,1,0.005,0.001,,
ok,60,12000,0.2,0.02,0.9702646714920424,8.250538384807146e+16,8.250538384807145,0.8915570981209728,6.9662679667163416e+16,6.966267966716342,56956207838.33511,58701722851.30165,39318.76272822714,1.0,0.0199999985464683,-7.26765817665731e-08,45,91,145,41.98096352900029,cone,Promweaver FAL-C tabulated boundary,45,10,1,0.005,0.001,,
ok,60,14000,0.01,0.001,0.9823493439439048,1.2390682274088157e+17,12.390682274088157,0.896046763026441,1.0309192579359266e+17,10.309192579359266,2456906238.089691,2501051436.778878,48.71715801629063,1.0,0.0009999843822134,-1.5617786544488282e-05,45,91,79,27.729097281000577,cone,Promweaver FAL-C tabulated boundary,45,10,1,0.005,0.001,,
ok,60,14000,0.02,0.002,0.9650847801417825,9.105154325818448e+16,9.105154325818448,0.8788284359748362,7.550306458323723e+16,7.550306458323723,4868124733.245611,5044245680.188248,260.2771745585697,1.0,0.0019999853640864,-7.317956779179929e-06,45,91,96,21.186019164000754,cone,Promweaver FAL-C tabulated boundary,45,10,1,0.005,0.001,,
ok,60,14000,0.05,0.005,0.9897138702552044,7.674875899447558e+16,7.674875899447558,0.9035204713186484,6.396288474040647e+16,6.396288474040647,12332898297.504494,12461074526.847212,1981.795958779444,1.0,0.0049999949545569,-1.0090886062505409e-06,45,91,116,40.70511322100356,cone,Promweaver FAL-C tabulated boundary,45,10,1,0.005,0.001,,
ok,60,14000,0.1,0.01,1.0135129580338806,7.746380323868139e+16,7.746380323868139,0.9273869743179388,6.485779621619543e+16,6.485779621619543,24972637790.202877,24639682790.684227,8050.63283917435,1.0,0.0099999974555908,-2.5444091434484445e-07,45,91,127,45.20881128999463,cone,Promweaver FAL-C tabulated boundary,45,10,1,0.005,0.001,,
ok,60,14000,0.2,0.02,1.03148770729011,8.299877264909152e+16,8.299877264909153,0.9454726230386732,6.973350152284574e+16,6.973350152284574,50399610315.13003,48861086718.6563,30604.31665244347,1.0,0.0199999985919607,-7.040196099705742e-08,45,91,134,37.70440553300432,cone,Promweaver FAL-C tabulated boundary,45,10,1,0.005,0.001,,
ok,61,6000,0.01,0.001,0.6544628410304646,6.0801572095084776e+16,6.080157209508478,0.6538223009210027,6.068261412057597e+16,6.068261412057597,4538949801.815351,6935381991.540856,338.84099692654314,1.0000000000000002,0.0010000257651528,2.57651528185604e-05,45,91,65,23.054484261010657,cone,Promweaver FAL-C tabulated boundary,45,10,1,0.005,0.001,,
ok,61,6000,0.02,0.002,0.4939422963947194,5.299738292228523e+16,5.299738292228523,0.493370685413712,5.287479225702356e+16,5.287479225702356,7547370038.233711,15279861824.59348,1074.8227809202872,1.0000000000000002,0.002000048974533,2.4487266538260333e-05,45,91,66,23.2532075909985,cone,Promweaver FAL-C tabulated boundary,45,10,1,0.005,0.001,,
ok,61,6000,0.05,0.005,0.2762425723211235,4.862700348258214e+16,4.862700348258215,0.275727205711428,4.84457326764393e+16,4.844573267643931,12238449829.465424,44303272035.993805,3080.1744607189776,1.0,0.0050000809815135,1.6196302702296824e-05,45,91,67,20.193992962987977,cone,Promweaver FAL-C tabulated boundary,45,10,1,0.005,0.001,,
ok,61,6000,0.1,0.01,0.1646479487381003,4.801812499360157e+16,4.801812499360157,0.164158403023079,4.773300609746954e+16,4.773300609746954,15890336671.73652,96510990835.4383,5258.489363647174,1.0,0.010000070148069,7.014806908955949e-06,45,91,67,23.763918170006946,cone,Promweaver FAL-C tabulated boundary,45,10,1,0.005,0.001,,
ok,61,6000,0.2,0.02,0.096559940046244,4.790919937256812e+16,4.790919937256812,0.0960893595428443,4.7443370607578e+16,4.7443370607578,19711131755.57694,204133637056.2884,8109.6891656297985,1.0,0.0200000938099173,4.69049586879211e-06,45,91,67,19.50552109000273,cone,Promweaver FAL-C tabulated boundary,45,10,1,0.005,0.001,,
ok,61,8000,0.01,0.001,0.7488580715002182,8.080881196770843e+16,8.080881196770843,0.7477695756759566,8.057406487485373e+16,8.057406487485373,3694643260.923885,4933702929.210944,168.92203329192657,1.0,0.0009999729837454,-2.7016254539697845e-05,45,91,101,35.14315233599336,cone,Promweaver FAL-C tabulated boundary,45,10,1,0.005,0.001,,
ok,61,8000,0.02,0.002,0.6145352316182564,6.870062570447075e+16,6.870062570447075,0.6134763860619689,6.8464087000019336e+16,6.846408700001934,6542799766.821311,10646744775.87257,623.1126478070959,1.0000000000000002,0.0019999455403689,-2.722981551112232e-05,45,91,102,36.48603686699062,cone,Promweaver FAL-C tabulated boundary,45,10,1,0.005,0.001,,
ok,61,8000,0.05,0.005,0.4077154529097148,6.152907928659858e+16,6.152907928659858,0.4066794301270471,6.1216780415427176e+16,6.121678041542718,12354696716.766972,30302252780.94332,2480.7543479126657,1.0,0.0049999304662861,-1.3906742769159704e-05,45,91,104,19.88773677899735,cone,Promweaver FAL-C tabulated boundary,45,10,1,0.005,0.001,,
ok,61,8000,0.1,0.01,0.2963076324864649,6.016904650697001e+16,6.0169046506970005,0.2952842632104595,5.975414783705622e+16,5.975414783705622,19404900265.230747,65489032808.21544,6258.2037802432615,0.9999999999999998,0.0099999559976898,-4.400231013237942e-06,45,91,104,21.0164794579905,cone,Promweaver FAL-C tabulated boundary,45,10,1,0.005,0.001,,
ok,61,8000,0.2,0.02,0.2391187044205836,5.984902672925033e+16,5.984902672925033,0.2381080928824431,5.934420380426612e+16,5.934420380426612,32670928209.47678,136630583912.88448,17834.701889097134,1.0,0.0199999825612308,-8.71938459975907e-07,45,91,104,20.096537001998517,cone,Promweaver FAL-C tabulated boundary,45,10,1,0.005,0.001,,
ok,61,10000,0.01,0.001,0.8569611726921152,1.0235871582870451e+17,10.235871582870454,0.8093170453451695,9.129351165111613e+16,9.129351165111611,3194224418.2498703,3727385230.552885,99.67953927067995,1.0,0.0009999750579326,-2.494206736785264e-05,45,91,116,28.347630395990564,cone,Promweaver FAL-C tabulated boundary,45,10,1,0.005,0.001,,
ok,61,10000,0.02,0.002,0.754449053168379,8.192949540784368e+16,8.192949540784369,0.7198468805352267,7.458658075056696e+16,7.458658075056696,5937511602.1856365,7869996757.568327,430.2973410320056,1.0,0.0019999587998784,-2.0600060789133234e-05,45,91,130,45.435938413007534,cone,Promweaver FAL-C tabulated boundary,45,10,1,0.005,0.001,,
ok,61,10000,0.05,0.005,0.6796833165670804,6.981434075581117e+16,6.981434075581117,0.6601588823457676,6.586100653944929e+16,6.5861006539449285,13939184138.436735,20508351166.893806,2783.108059773137,1.0,0.0049999746619913,-5.067601732168524e-06,45,91,140,50.66426665599283,cone,Promweaver FAL-C tabulated boundary,45,10,1,0.005,0.001,,
ok,61,10000,0.1,0.01,0.6921753090200005,6.9839489034010696e+16,6.983948903401069,0.6808622236250619,6.757519761282093e+16,6.757519761282093,28191433358.64516,40728747459.30956,11379.764167917914,1.0,0.0099999909432869,-9.056713023633533e-07,45,91,140,49.53626964399882,cone,Promweaver FAL-C tabulated boundary,45,10,1,0.005,0.001,,
ok,61,10000,0.2,0.02,0.7033237780666995,7.188054611594303e+16,7.188054611594303,0.6968610048519579,7.056560883942862e+16,7.056560883942862,56934111025.90979,80950072784.98474,45095.55329590996,1.0,0.0199999964116552,-1.794172380109593e-07,45,91,136,46.859929997997824,cone,Promweaver FAL-C tabulated boundary,45,10,1,0.005,0.001,,
ok,61,12000,0.01,0.001,0.943489555314608,1.159593623435926e+17,11.59593623435926,0.8576998391129346,9.583017521427944e+16,9.583017521427944,2805696160.5523925,2973743741.7808285,67.88525554334771,1.0,0.0009999790376267,-2.096237322135944e-05,45,91,99,31.479554281002493,cone,Promweaver FAL-C tabulated boundary,45,10,1,0.005,0.001,,
ok,61,12000,0.02,0.002,0.8986722089430691,8.841979540807824e+16,8.841979540807824,0.8132627771433424,7.241168825023507e+16,7.241168825023507,5465580343.539631,6081839728.82361,337.8493283525237,1.0,0.0019999771929308,-1.1403534595777476e-05,45,91,118,41.03016829099215,cone,Promweaver FAL-C tabulated boundary,45,10,1,0.005,0.001,,
ok,61,12000,0.05,0.005,0.913862168188218,7.483511397923891e+16,7.483511397923891,0.8296147888584149,6.167327301997473e+16,6.167327301997473,13789512830.474682,15089269816.052402,2540.9283689282315,1.0,0.0049999920644144,-1.5871171066619836e-06,45,91,136,39.26788173899695,cone,Promweaver FAL-C tabulated boundary,45,10,1,0.005,0.001,,
ok,61,12000,0.1,0.01,0.9466693313574684,7.633564222696896e+16,7.633564222696896,0.8643454295574245,6.36363743507677e+16,6.363637435076771,28108064841.273773,29691534213.925,10349.86129771665,1.0,0.0099999966863023,-3.313697692977624e-07,45,91,144,49.94818948699685,cone,Promweaver FAL-C tabulated boundary,45,10,1,0.005,0.001,,
ok,61,12000,0.2,0.02,0.9700407837757165,8.216787079496488e+16,8.216787079496488,0.8913323788863484,6.937474693641291e+16,6.937474693641291,56949265458.46617,58708114556.586975,39470.64472866427,1.0,0.0199999985469653,-7.265173393444789e-08,45,91,145,42.55527228000574,cone,Promweaver FAL-C tabulated boundary,45,10,1,0.005,0.001,,
ok,61,14000,0.01,0.001,0.9818139311121564,1.2344254196922622e+17,12.344254196922622,0.8955113289153218,1.0269484526867034e+17,10.269484526867034,2456202674.4879937,2501698740.112308,48.87238614760511,1.0,0.000999984287147,-1.5712852997245078e-05,45,91,79,18.430897104000906,cone,Promweaver FAL-C tabulated boundary,45,10,1,0.005,0.001,,
ok,61,14000,0.02,0.002,0.9646668606868708,9.061406737085437e+16,9.061406737085434,0.8784105019338696,7.513390214192734e+16,7.513390214192734,4867008246.786579,5045273601.832997,261.4138175405162,1.0,0.0019999853632764,-7.318361776179408e-06,45,91,96,34.94534064599429,cone,Promweaver FAL-C tabulated boundary,45,10,1,0.005,0.001,,
ok,61,14000,0.05,0.005,0.9895026991035122,7.640974738395955e+16,7.640974738395955,0.9033092914669134,6.3677756272745416e+16,6.367775627274542,12331521332.327171,12462342289.212055,1990.1442365135072,1.0,0.0049999949586734,-1.008265314295098e-06,45,91,116,40.60479319699516,cone,Promweaver FAL-C tabulated boundary,45,10,1,0.005,0.001,,
ok,61,14000,0.1,0.01,1.0133688478961682,7.713832622774946e+16,7.713832622774945,0.9272428554374056,6.45835782868539e+16,6.45835782868539,24970800825.86216,24641374044.311176,8083.412285144554,1.0,0.0099999974554553,-2.544544608004684e-07,45,91,127,44.408015219989466,cone,Promweaver FAL-C tabulated boundary,45,10,1,0.005,0.001,,
ok,61,14000,0.2,0.02,1.0313786142729922,8.265980883397528e+16,8.265980883397528,0.9453635187298786,6.944737432394265e+16,6.944737432394265,50396876168.92983,48863603987.42032,30726.481991844452,1.0,0.0199999985915623,-7.042188377576196e-08,45,91,134,38.73182856099447,cone,Promweaver FAL-C tabulated boundary,45,10,1,0.005,0.001,,
ok,62,6000,0.01,0.001,0.6523824050499673,6.0518612755082536e+16,6.051861275508253,0.6517415827304743,6.039977867782652e+16,6.039977867782652,4529935683.934106,6943681572.140422,339.07448248400567,1.0,0.0010000258076795,2.580767955329827e-05,45,91,65,14.710884027008431,cone,Promweaver FAL-C tabulated boundary,45,10,1,0.005,0.001,,
ok,62,6000,0.02,0.002,0.4913890865546136,5.272748523770649e+16,5.272748523770649,0.4908170223002995,5.260478836671162e+16,5.260478836671162,7520508761.75619,15304590532.2937,1072.6483878507793,1.0000000000000002,0.0020000488033754,2.4401687709080935e-05,45,91,66,23.272339574003126,cone,Promweaver FAL-C tabulated boundary,45,10,1,0.005,0.001,,
ok,62,6000,0.05,0.005,0.2744214682061123,4.83924458162338e+16,4.83924458162338,0.273905546540071,4.821065798235571e+16,4.821065798235571,12174041492.90186,44362569635.9812,3062.6120207625117,1.0,0.005000080819988,1.6163997604463905e-05,45,91,67,18.35420983399672,cone,Promweaver FAL-C tabulated boundary,45,10,1,0.005,0.001,,
ok,62,6000,0.1,0.01,0.1635344930168375,4.77940605989004e+16,4.77940605989004,0.1630443995165588,4.750802357753281e+16,4.7508023577532805,15796938054.218237,96596979406.61232,5221.218887071284,1.0,0.0100000700073983,7.000739838357304e-06,45,91,67,13.343128851993242,cone,Promweaver FAL-C tabulated boundary,45,10,1,0.005,0.001,,
ok,62,6000,0.2,0.02,0.0959130934810846,4.768712438572661e+16,4.768712438572661,0.0954419971636124,4.721982515375498e+16,4.7219825153754975,19589802717.12417,204245343426.31265,8047.46302988884,1.0000000000000002,0.0200000939256959,4.696284799411698e-06,45,91,67,13.288584609996178,cone,Promweaver FAL-C tabulated boundary,45,10,1,0.005,0.001,,
ok,62,8000,0.01,0.001,0.7471478979724762,8.050937842148846e+16,8.050937842148846,0.746059316740529,8.027494785454674e+16,8.027494785454673,3689643255.352258,4938303735.264179,169.09169613130305,1.0,0.0009999726726093,-2.7327390638353863e-05,45,91,101,35.3041480690008,cone,Promweaver FAL-C tabulated boundary,45,10,1,0.005,0.001,,
ok,62,8000,0.02,0.002,0.612196897121121,6.8356328717430936e+16,6.835632871743093,0.6111379474337392,6.812005405359277e+16,6.812005405359277,6526887760.515554,10661419212.03536,623.2087743399338,1.0,0.0019999484901609,-2.5754919505448573e-05,45,91,103,36.30990648501029,cone,Promweaver FAL-C tabulated boundary,45,10,1,0.005,0.001,,
ok,62,8000,0.05,0.005,0.4055155125713532,6.121873340080364e+16,6.121873340080364,0.4044793695342478,6.090628998080785e+16,6.090628998080785,12306155162.826857,30346940576.438503,2473.7763504525906,1.0,0.0049999300598286,-1.3988034273416937e-05,45,91,104,30.240127505996497,cone,Promweaver FAL-C tabulated boundary,45,10,1,0.005,0.001,,
ok,62,8000,0.1,0.01,0.2948783852724606,5.988049819999896e+16,5.988049819999896,0.2938549172579676,5.946555141587152e+16,5.946555141587152,19331285445.15382,65556807181.00845,6240.739609645104,1.0000000000000002,0.0099999558492499,-4.415075005245738e-06,45,91,104,36.194788936991245,cone,Promweaver FAL-C tabulated boundary,45,10,1,0.005,0.001,,
ok,62,8000,0.2,0.02,0.2382010323843464,5.956268204986091e+16,5.956268204986091,0.2371903469572424,5.905830621338672e+16,5.905830621338672,32568097455.0951,136725257355.49808,17807.810785898764,1.0,0.0199999824819097,-8.759045141970565e-07,45,91,104,27.04534549600794,cone,Promweaver FAL-C tabulated boundary,45,10,1,0.005,0.001,,
ok,62,10000,0.01,0.001,0.8556633056212816,1.0201459505602286e+17,10.201459505602289,0.8080013130706176,9.096632022796926e+16,9.096632022796928,3191517593.87026,3729875492.9696975,99.846345970297,1.0,0.0009999747799618,-2.5220038113232465e-05,45,91,116,32.14255246700486,cone,Promweaver FAL-C tabulated boundary,45,10,1,0.005,0.001,,
ok,62,10000,0.02,0.002,0.7528413113930161,8.151688530235454e+16,8.151688530235454,0.7182135436643399,7.419042744838643e+16,7.419042744838643,5930037532.115919,7876875833.425379,431.3872518788169,1.0,0.0019999584785714,-2.0760714262513597e-05,45,91,130,32.69547202899412,cone,Promweaver FAL-C tabulated boundary,45,10,1,0.005,0.001,,
ok,62,10000,0.05,0.005,0.6785684712126689,6.946279159503749e+16,6.9462791595037485,0.6590294276667525,6.552009136800444e+16,6.552009136800444,13925111885.066517,20521306951.059727,2791.5483463735973,1.0,0.0049999746256544,-5.07486910498317e-06,45,91,140,27.721794545999728,cone,Promweaver FAL-C tabulated boundary,45,10,1,0.005,0.001,,
ok,62,10000,0.1,0.01,0.6914006932477652,6.95076475373773e+16,6.95076475373773,0.6800814351213352,6.725039013771912e+16,6.725039013771912,28172155648.121613,40746496095.898544,11418.460874182212,1.0,0.0099999909516324,-9.048367529199128e-07,45,91,140,48.336874490007176,cone,Promweaver FAL-C tabulated boundary,45,10,1,0.005,0.001,,
ok,62,10000,0.2,0.02,0.7025705134032524,7.153426184633903e+16,7.153426184633903,0.6961044428219108,7.022359744931798e+16,7.022359744931799,56897084471.09065,80984162280.70988,45254.93291961748,1.0,0.0199999964009624,-1.799518763168084e-07,45,91,136,25.990916066002683,cone,Promweaver FAL-C tabulated boundary,45,10,1,0.005,0.001,,
ok,62,12000,0.01,0.001,0.9425080023575612,1.1556226296183938e+17,11.556226296183938,0.8567180597925647,9.548206197002744e+16,9.548206197002743,2804136726.497168,2975186119.88756,68.04282452903168,1.0,0.0009999802325341,-1.9767465803339004e-05,45,91,100,35.6350346130057,cone,Promweaver FAL-C tabulated boundary,45,10,1,0.005,0.001,,
ok,62,12000,0.02,0.002,0.8977702524418335,8.794273725742886e+16,8.794273725742887,0.8123603946123855,7.200572722283091e+16,7.200572722283091,5462576936.155068,6084604520.251677,339.3088242871656,1.0000000000000002,0.0019999771241312,-1.143793437871285e-05,45,91,118,23.200740572006907,cone,Promweaver FAL-C tabulated boundary,45,10,1,0.005,0.001,,
ok,62,12000,0.05,0.005,0.9134105169757656,7.44629417995541e+16,7.44629417995541,0.8291626284101256,6.13603196671077e+16,6.136031966710769,13785810918.989511,15092678114.36342,2552.2572450296148,1.0000000000000002,0.0049999920691994,-1.5861601082925443e-06,45,91,136,27.255268876004266,cone,Promweaver FAL-C tabulated boundary,45,10,1,0.005,0.001,,
ok,62,12000,0.1,0.01,0.9463689403050074,7.598090158682723e+16,7.598090158682723,0.8640444131332018,6.333672725243739e+16,6.333672725243739,28103298604.507927,29695922390.955105,10394.656761891643,1.0,0.0099999966869324,-3.313067547736081e-07,45,91,144,49.72308956900088,cone,Promweaver FAL-C tabulated boundary,45,10,1,0.005,0.001,,
ok,62,12000,0.2,0.02,0.9697896403852634,8.179417057416632e+16,8.179417057416632,0.8910803025133245,6.905592691397628e+16,6.905592691397628,56941476127.2517,58715286033.19669,39640.13181856784,1.0,0.0199999985476616,-7.261691629956156e-08,45,91,145,39.56243608699879,cone,Promweaver FAL-C tabulated boundary,45,10,1,0.005,0.001,,
ok,62,14000,0.01,0.001,0.9811721177092037,1.2292503462479336e+17,12.292503462479337,0.8948694899791426,1.0225141943514248e+17,10.225141943514249,2455358802.5950456,2502475109.390294,49.04441855869935,0.9999999999999998,0.0009999841683701,-1.5831629804428232e-05,45,91,79,27.79028603000916,cone,Promweaver FAL-C tabulated boundary,45,10,1,0.005,0.001,,
ok,62,14000,0.02,0.002,0.9641761022265232,9.012019605381886e+16,9.012019605381886,0.87791972633321,7.471692960337523e+16,7.471692960337523,4865696584.746395,5046481211.793455,262.7047464552147,1.0,0.0019999853612656,-7.319367194584189e-06,45,91,96,27.510497099996428,cone,Promweaver FAL-C tabulated boundary,45,10,1,0.005,0.001,,
ok,62,14000,0.05,0.005,0.9892627332800844,7.603281888468088e+16,7.603281888468088,0.9030693157543376,6.336069997605448e+16,6.336069997605448,12329956269.909409,12463783234.84111,1999.502633835781,1.0,0.0049999949640721,-1.0071855741783371e-06,45,91,116,40.22941973700654,cone,Promweaver FAL-C tabulated boundary,45,10,1,0.005,0.001,,
ok,62,14000,0.1,0.01,1.013207145356529,7.677815816274584e+16,7.677815816274584,0.9270811430860044,6.428012268707974e+16,6.428012268707975,24968739312.585712,24643272036.73605,8119.990864307639,1.0,0.0099999974556002,-2.5443997516555456e-07,45,91,127,44.10686060899752,cone,Promweaver FAL-C tabulated boundary,45,10,1,0.005,0.001,,
ok,62,14000,0.2,0.02,1.0312565114351149,8.228421496477803e+16,8.228421496477804,0.9452414032522658,6.91303244419405e+16,6.913032444194051,50393815629.862206,48866421759.348015,30862.986963217667,1.0,0.0199999985911941,-7.044029508990189e-08,45,91,134,46.2331974300032,cone,Promweaver FAL-C tabulated boundary,45,10,1,0.005,0.001,,
ok,63,6000,0.01,0.001,0.6502500212410092,6.022256195092576e+16,6.022256195092576,0.6496089083132294,6.010386782318345e+16,6.010386782318345,4520674077.468399,6952209042.362881,339.34946393260515,1.0,0.0010000258530954,2.585309544201296e-05,45,91,65,23.1451419750083,cone,Promweaver FAL-C tabulated boundary,45,10,1,0.005,0.001,,
ok,63,6000,0.02,0.002,0.4888635640445493,5.24560407261121e+16,5.2456040726112105,0.488291047842313,5.233324839720221e+16,5.233324839720221,7493853940.787438,15329131667.71524,1070.569682890699,1.0,0.0020000488577842,2.442889210363397e-05,45,91,66,19.33041732100537,cone,Promweaver FAL-C tabulated boundary,45,10,1,0.005,0.001,,
ok,63,6000,0.05,0.005,0.2726718787146844,4.8156859140717976e+16,4.815685914071798,0.2721554183386447,4.797460671445138e+16,4.797460671445138,12111999755.943096,44419687915.88047,3046.306189930194,0.9999999999999998,0.0050000806187096,1.6123741928240894e-05,45,91,67,23.845038340994503,cone,Promweaver FAL-C tabulated boundary,45,10,1,0.005,0.001,,
ok,63,6000,0.1,0.01,0.162485836636032,4.756942004274865e+16,4.7569420042748645,0.1619952218944197,4.7282588586215256e+16,4.728258858621525,15708822567.73953,96678103722.5248,5187.5155560644525,1.0,0.0100000698498038,6.984980381423421e-06,45,91,67,18.43547289799608,cone,Promweaver FAL-C tabulated boundary,45,10,1,0.005,0.001,,
ok,63,6000,0.2,0.02,0.0953064876319816,4.746461878203717e+16,4.746461878203717,0.0948349027160997,4.699606263648601e+16,4.699606263648601,19475900854.098476,204350210966.7822,7991.441284307175,1.0,0.0200000939707531,4.698537655820067e-06,45,91,67,23.386264750006376,cone,Promweaver FAL-C tabulated boundary,45,10,1,0.005,0.001,,
ok,63,8000,0.01,0.001,0.7453475011269556,8.016524780509418e+16,8.016524780509418,0.7442588295894473,7.993123645728771e+16,7.9931236457287715,3684369396.024171,4943156568.517977,169.33245038253227,1.0000000000000002,0.0009999723489762,-2.7651023789231063e-05,45,91,101,35.27911067100649,cone,Promweaver FAL-C tabulated boundary,45,10,1,0.005,0.001,,
ok,63,8000,0.02,0.002,0.6099011003888042,6.8002966748295736e+16,6.800296674829574,0.6088420479150426,6.776700658270474e+16,6.7767006582704745,6511211178.349072,10675847566.430456,623.4414913981736,1.0000000000000002,0.0019999479210631,-2.6039468410937044e-05,45,91,103,30.59886961200391,cone,Promweaver FAL-C tabulated boundary,45,10,1,0.005,0.001,,
ok,63,8000,0.05,0.005,0.4033786314807556,6.090722220270338e+16,6.0907222202703375,0.402342370640632,6.059468855019833e+16,6.059468855019833,12258867788.15909,30390473940.47182,2467.3566452829355,1.0,0.0049999296851515,-1.4062969688234669e-05,45,91,104,30.430834811995737,cone,Promweaver FAL-C tabulated boundary,45,10,1,0.005,0.001,,
ok,63,8000,0.1,0.01,0.2934997626885611,5.95912279363245e+16,5.95912279363245,0.2924761987493158,5.917631057910823e+16,5.917631057910823,19260139451.18254,65622333983.34936,6224.959352664715,1.0,0.0099999587510862,-4.124891375342776e-06,45,91,105,31.65274080199015,cone,Promweaver FAL-C tabulated boundary,45,10,1,0.005,0.001,,
ok,63,8000,0.2,0.02,0.2373119228471508,5.927635233166263e+16,5.927635233166264,0.2363011654498956,5.877248873981176e+16,5.877248873981176,32468342116.283245,136817154935.76628,17784.38109486896,1.0,0.0199999890737857,-5.463107138545252e-07,45,91,105,22.580823288008105,cone,Promweaver FAL-C tabulated boundary,45,10,1,0.005,0.001,,
ok,63,10000,0.01,0.001,0.8542705579582535,1.0158462202637874e+17,10.158462202637873,0.8065893523358495,9.056117748304646e+16,9.056117748304649,3188608858.533697,3732551507.047863,100.08627536242072,1.0000000000000002,0.0009999744804728,-2.551952710196266e-05,45,91,116,40.282661099001416,cone,Promweaver FAL-C tabulated boundary,45,10,1,0.005,0.001,,
ok,63,10000,0.02,0.002,0.751209150286519,8.10853045311369e+16,8.108530453113689,0.7165553126819307,7.377680677697122e+16,7.377680677697121,5922436589.284124,7883871738.017629,432.57228121554897,1.0,0.0019999581602131,-2.091989341956521e-05,45,91,130,38.02270966299693,cone,Promweaver FAL-C tabulated boundary,45,10,1,0.005,0.001,,
ok,63,10000,0.05,0.005,0.6774628937279665,6.911064306434505e+16,6.911064306434505,0.6579093132705357,6.517874242867166e+16,6.517874242867166,13911143786.645184,20534178204.35073,2800.1464444852786,0.9999999999999998,0.0049999762932309,-4.741353810261416e-06,45,91,141,48.91576070699375,cone,Promweaver FAL-C tabulated boundary,45,10,1,0.005,0.001,,
ok,63,10000,0.1,0.01,0.6906308769002198,6.9175741553989896e+16,6.91757415539899,0.6793054715846163,6.692556816698607e+16,6.692556816698607,28152980723.41856,40764150090.96967,11457.633930741176,1.0,0.0099999909586607,-9.041339244994504e-07,45,91,140,48.62758360400039,cone,Promweaver FAL-C tabulated boundary,45,10,1,0.005,0.001,,
ok,63,10000,0.2,0.02,0.7018171751327434,7.118857426229326e+16,7.118857426229327,0.695347800059801,6.988218581399244e+16,6.988218581399244,56860023094.02631,81018283833.35255,45415.46532932426,1.0,0.0199999963897916,-1.805104199795182e-07,45,91,136,47.179094186009024,cone,Promweaver FAL-C tabulated boundary,45,10,1,0.005,0.001,,
ok,63,12000,0.01,0.001,0.9414896412453688,1.150097260261024e+17,11.50097260261024,0.8556994642647386,9.500489820595496e+16,9.500489820595496,2802513176.7507706,2976679778.4877443,68.29057313012942,1.0,0.000999980032901,-1.996709891633093e-05,45,91,100,22.30426607100526,cone,Promweaver FAL-C tabulated boundary,45,10,1,0.005,0.001,,
ok,63,12000,0.02,0.002,0.8968409107882547,8.743335686296464e+16,8.743335686296463,0.811430613580635,7.1572981357628856e+16,7.157298135762885,5459479492.050239,6087455898.116615,340.8986843640501,1.0,0.0019999770569178,-1.1471541058651752e-05,45,91,118,41.03453595101018,cone,Promweaver FAL-C tabulated boundary,45,10,1,0.005,0.001,,
ok,63,12000,0.05,0.005,0.9129594887277024,7.408840352601096e+16,7.408840352601096,0.8287110913926691,6.104548182984607e+16,6.104548182984607,13782112443.880049,15096083247.99467,2563.7834583527874,1.0000000000000002,0.0049999920738258,-1.5852348262193614e-06,45,91,136,27.06796199300152,cone,Promweaver FAL-C tabulated boundary,45,10,1,0.005,0.001,,
ok,63,12000,0.1,0.01,0.9460679819515228,7.56258266597455e+16,7.56258266597455,0.8637428280319404,6.30368283668953e+16,6.30368283668953,28098521952.688057,29700320155.35205,10439.91147994877,1.0,0.009999996687283,-3.312716947978522e-07,45,91,144,29.94899611400615,cone,Promweaver FAL-C tabulated boundary,45,10,1,0.005,0.001,,
ok,63,12000,0.2,0.02,0.969537445818574,8.142098356135864e+16,8.142098356135865,0.8908271708070674,6.873755490018464e+16,6.873755490018464,56933652277.78328,58722489289.43076,39810.87699886106,1.0,0.0199999985482495,-7.258752505318043e-08,45,91,145,51.78874171499047,cone,Promweaver FAL-C tabulated boundary,45,10,1,0.005,0.001,,
ok,63,14000,0.01,0.001,0.980474586216615,1.2228141787110898e+17,12.228141787110898,0.89417193070496,1.0170208312349918e+17,10.17020831234992,2454441082.546706,2503319430.254411,49.26571127955808,1.0,0.0009999840414368,-1.595856316733736e-05,45,91,79,27.943991220003227,cone,Promweaver FAL-C tabulated boundary,45,10,1,0.005,0.001,,
ok,63,14000,0.02,0.002,0.9636658333654772,8.95892999226699e+16,8.95892999226699,0.8774094396364853,7.426904252082834e+16,7.426904252082833,4864332115.430128,5047737449.030525,264.113314309062,1.0,0.0019999853610881,-7.31945590790907e-06,45,91,96,18.78181804899941,cone,Promweaver FAL-C tabulated boundary,45,10,1,0.005,0.001,,
ok,63,14000,0.05,0.005,0.9890204404554503,7.565100836832504e+16,7.565100836832504,0.9028270129416516,6.303957493144587e+16,6.303957493144587,12328375663.970234,12465238492.232716,2009.0789242620456,1.0,0.0049999949697166,-1.0060566791106338e-06,45,91,116,33.816956723007024,cone,Promweaver FAL-C tabulated boundary,45,10,1,0.005,0.001,,
ok,63,14000,0.1,0.01,1.0130443846057509,7.641681858702512e+16,7.641681858702512,0.9269183724574932,6.397569119277261e+16,6.397569119277261,24966663987.638363,24645182745.23056,8157.030378878857,1.0,0.0099999974557358,-2.544264143117258e-07,45,91,127,29.543338094008504,cone,Promweaver FAL-C tabulated boundary,45,10,1,0.005,0.001,,
ok,63,14000,0.2,0.02,1.0311337385826986,8.190877184291171e+16,8.190877184291171,0.9451186176891856,6.881340633628407e+16,6.881340633628407,50390737940.71513,48869255320.8254,31000.665900346656,1.0,0.0199999985907909,-7.046045188280335e-08,45,91,134,46.11990991300263,cone,Promweaver FAL-C tabulated boundary,45,10,1,0.005,0.001,,
ok,64,6000,0.01,0.001,0.6490683420864882,6.003608139889896e+16,6.003608139889896,0.6484270675292776,5.991750962344865e+16,5.991750962344865,4515531755.604173,6956943456.968788,339.62954544604315,1.0,0.001000025851968,2.5851968061272115e-05,45,91,65,14.878926474004402,cone,Promweaver FAL-C tabulated boundary,45,10,1,0.005,0.001,,
ok,64,6000,0.02,0.002,0.4873886301737199,5.225807073590876e+16,5.225807073590876,0.4868158483760819,5.21353149659028e+16,5.21353149659028,7478247608.404869,15343500331.017973,1070.154073908152,1.0,0.0020000488796197,2.443980988051618e-05,45,91,66,23.39965410700825,cone,Promweaver FAL-C tabulated boundary,45,10,1,0.005,0.001,,
ok,64,6000,0.05,0.005,0.2714956199235482,4.795361959922463e+16,4.795361959922463,0.2709787943255911,4.777122204344503e+16,4.777122204344503,12070198774.318523,44458171287.32105,3038.1376769714398,1.0,0.0050000804468982,1.6089379659307842e-05,45,91,67,21.83938909700373,cone,Promweaver FAL-C tabulated boundary,45,10,1,0.005,0.001,,
ok,64,6000,0.1,0.01,0.1617572443455062,4.736913050435697e+16,4.736913050435697,0.1612662643588788,4.708200891237574e+16,4.708200891237574,15647513945.1594,96734548171.06683,5168.866096063075,1.0000000000000002,0.0100000697503399,6.9750339979496295e-06,45,91,67,23.670012304995907,cone,Promweaver FAL-C tabulated boundary,45,10,1,0.005,0.001,,
ok,64,6000,0.2,0.02,0.0948898717680358,4.726561617914136e+16,4.726561617914136,0.0944179485078187,4.679664565964548e+16,4.679664565964548,19397605499.13832,204422296476.03455,7960.693830248855,0.9999999999999996,0.0200000940273953,4.7013697664077805e-06,45,91,67,17.22292904900678,cone,Promweaver FAL-C tabulated boundary,45,10,1,0.005,0.001,,
ok,64,8000,0.01,0.001,0.7443273697731714,7.996909488922194e+16,7.996909488922194,0.7432386468836013,7.973532541228427e+16,7.973532541228427,3681376717.717981,4945910720.493665,169.4721511670203,0.9999999999999998,0.0009999722117636,-2.7788236309656683e-05,45,91,101,20.172405645993425,cone,Promweaver FAL-C tabulated boundary,45,10,1,0.005,0.001,,
ok,64,8000,0.02,0.002,0.6085826395849951,6.776455813629117e+16,6.776455813629116,0.6075235277716008,6.752890306242585e+16,6.752890306242585,6502189255.343177,10684151719.768332,623.9023211406156,1.0,0.0019999476642542,-2.6167872851446183e-05,45,91,103,30.32685353499255,cone,Promweaver FAL-C tabulated boundary,45,10,1,0.005,0.001,,
ok,64,8000,0.05,0.005,0.401980007567403,6.065116189602071e+16,6.065116189602072,0.4009436690841752,6.033883735740214e+16,6.033883735740214,12227844106.27902,30419035464.664703,2465.2482625773487,1.0000000000000002,0.0049999295262529,-1.4094749404246206e-05,45,91,104,29.82532196000102,cone,Promweaver FAL-C tabulated boundary,45,10,1,0.005,0.001,,
ok,64,8000,0.1,0.01,0.2925013755475428,5.933627512765834e+16,5.933627512765834,0.2914777417553061,5.892169699995327e+16,5.892169699995328,19208523145.801777,65669855773.651375,6218.2427300836125,1.0,0.0099999587208617,-4.12791382395361e-06,45,91,105,36.68661816300301,cone,Promweaver FAL-C tabulated boundary,45,10,1,0.005,0.001,,
ok,64,8000,0.2,0.02,0.2366168248244529,5.9022551835420136e+16,5.902255183542014,0.2356060109505107,5.851934687119202e+16,5.8519346871192015,32390252469.097023,136889050443.16902,17775.043985513537,1.0,0.0199999890760022,-5.461998901779007e-07,45,91,105,37.58974391699303,cone,Promweaver FAL-C tabulated boundary,45,10,1,0.005,0.001,,
ok,64,10000,0.01,0.001,0.8534678975275994,1.0135454681983544e+17,10.135454681983544,0.8057755984322656,9.034353474949984e+16,9.034353474949985,3186930730.9791765,3734095611.810774,100.20791175864446,1.0,0.0009999743437333,-2.565626664092525e-05,45,91,116,33.28288992399757,cone,Promweaver FAL-C tabulated boundary,45,10,1,0.005,0.001,,
ok,64,10000,0.02,0.002,0.7502262731110406,8.080312566178507e+16,8.080312566178508,0.7155566936781891,7.350751135485419e+16,7.350751135485419,5917852988.799006,7888090834.594256,433.4112537134206,1.0,0.0019999580211116,-2.0989444168405952e-05,45,91,130,44.63297396800772,cone,Promweaver FAL-C tabulated boundary,45,10,1,0.005,0.001,,
ok,64,10000,0.05,0.005,0.6766936827635753,6.882574243541248e+16,6.882574243541248,0.6571299693825675,6.4903663170984216e+16,6.490366317098421,13901411793.20976,20543138124.826656,2807.804798121001,1.0,0.0049999762751842,-4.744963140630719e-06,45,91,141,48.67771353299031,cone,Promweaver FAL-C tabulated boundary,45,10,1,0.005,0.001,,
ok,64,10000,0.1,0.01,0.690003545404878,6.888707651399137e+16,6.8887076513991365,0.6786731212907755,6.6643286868350856e+16,6.664328686835086,28137342573.9016,40778547822.3757,11492.867562180469,1.0000000000000002,0.0099999909612731,-9.038726895421732e-07,45,91,140,36.69109715599916,cone,Promweaver FAL-C tabulated boundary,45,10,1,0.005,0.001,,
ok,64,10000,0.2,0.02,0.7011644381261688,7.088471788419476e+16,7.088471788419476,0.6946921943281733,6.958212549864348e+16,6.958212549864348,56827885652.92329,81047872029.55318,45558.601122708125,1.0,0.0199999963797312,-1.8101344017446008e-07,45,91,136,25.75983870199707,cone,Promweaver FAL-C tabulated boundary,45,10,1,0.005,0.001,,
ok,64,12000,0.01,0.001,0.9408901690092284,1.147106456687678e+17,11.47106456687678,0.8550998539137382,9.474570401292e+16,9.474570401292,2801556753.33803,2977559810.501699,68.42189926153375,0.9999999999999998,0.0009999799380977,-2.006190225945816e-05,45,91,100,34.90655148299993,cone,Promweaver FAL-C tabulated boundary,45,10,1,0.005,0.001,,
ok,64,12000,0.02,0.002,0.8962390352811807,8.709021230373934e+16,8.709021230373935,0.8108284532857825,7.128195446990795e+16,7.128195446990795,5457471967.517882,6089304027.921177,341.9902132327755,1.0,0.001999977028911,-1.1485544453449651e-05,45,91,118,25.69744514299964,cone,Promweaver FAL-C tabulated boundary,45,10,1,0.005,0.001,,
ok,64,12000,0.05,0.005,0.9126115554915564,7.37823124021266e+16,7.378231240212659,0.8283627655201314,6.07885065727673e+16,6.07885065727673,13779258211.83166,15098711087.88426,2573.353296837818,1.0,0.0049999920753956,-1.5849208648624489e-06,45,91,136,47.517325161010376,cone,Promweaver FAL-C tabulated boundary,45,10,1,0.005,0.001,,
ok,64,12000,0.1,0.01,0.9458148893501884,7.531925585979576e+16,7.531925585979576,0.8634892082128253,6.277801158824783e+16,6.277801158824783,28094503902.324665,29704019484.855736,10479.407164975091,1.0,0.0099999966864542,-3.313545724262234e-07,45,91,144,47.22343684600492,cone,Promweaver FAL-C tabulated boundary,45,10,1,0.005,0.001,,
ok,64,12000,0.2,0.02,0.9693179858007914,8.109471109491883e+16,8.109471109491883,0.8906068950725488,6.845924335294318e+16,6.845924335294319,56926842475.63712,58728759096.12637,39961.4888627312,1.0,0.0199999985780643,-7.109678280131647e-08,45,91,146,41.82858639598999,cone,Promweaver FAL-C tabulated boundary,45,10,1,0.005,0.001,,
ok,64,14000,0.01,0.001,0.9800560006824564,1.2192143307595907e+17,12.19214330759591,0.8937533284820974,1.013943181216946e+17,10.13943181216946,2453890103.852896,2503826416.1886096,49.3889916634726,1.0,0.0009999839808649,-1.60191350134873e-05,45,91,79,28.02782314899377,cone,Promweaver FAL-C tabulated boundary,45,10,1,0.005,0.001,,
ok,64,14000,0.02,0.002,0.9633150023745736,8.921764060467118e+16,8.921764060467119,0.8770585963745364,7.395564095508843e+16,7.395564095508843,4863393596.304694,5048601531.499476,265.11121693279927,1.0,0.0019999853627113,-7.318644313194025e-06,45,91,96,34.17359657101042,cone,Promweaver FAL-C tabulated boundary,45,10,1,0.005,0.001,,
ok,64,14000,0.05,0.005,0.9888234444324192,7.533472179658126e+16,7.533472179658126,0.902630008795662,6.277362595217733e+16,6.277362595217733,12327090274.659788,12466421932.112955,2017.0931944227048,1.0,0.0049999949716248,-1.0056750293641057e-06,45,91,116,27.179288877989165,cone,Promweaver FAL-C tabulated boundary,45,10,1,0.005,0.001,,
ok,64,14000,0.1,0.01,1.0129046543371698,7.61044746124005e+16,7.6104474612400494,0.9267786337074708,6.371256422332525e+16,6.371256422332525,24964882060.03976,24646823324.52744,8189.338924496605,1.0,0.0099999974549361,-2.545063871456365e-07,45,91,127,45.244755673993495,cone,Promweaver FAL-C tabulated boundary,45,10,1,0.005,0.001,,
ok,64,14000,0.2,0.02,1.0310264743526032,8.158094700736702e+16,8.158094700736703,0.9450113423527444,6.85366938131132e+16,6.85366938131132,50388048731.39756,48871731216.24928,31121.916919258358,1.0,0.0199999985902032,-7.048983636376292e-08,45,91,134,25.18281890299113,cone,Promweaver FAL-C tabulated boundary,45,10,1,0.005,0.001,,
ok,65,6000,0.01,0.001,0.6478531983955095,5.983343470112159e+16,5.98334347011216,0.6472117571854941,5.971501086386716e+16,5.971501086386716,4510236557.601853,6961818771.246366,339.9810475053156,1.0,0.0010000258643227,2.586432276577115e-05,45,91,65,23.13854284200352,cone,Promweaver FAL-C tabulated boundary,45,10,1,0.005,0.001,,
ok,65,6000,0.02,0.002,0.4858853410339716,5.204520801890156e+16,5.204520801890156,0.4853122872741313,5.192251605034554e+16,5.192251605034555,7462310974.780972,15358172689.26257,1069.9560479057495,1.0,0.0020000488648856,2.4432442848401625e-05,45,91,66,24.736244742991403,cone,Promweaver FAL-C tabulated boundary,45,10,1,0.005,0.001,,
ok,65,6000,0.05,0.005,0.2703509019559035,4.774056641817018e+16,4.774056641817018,0.269833718548062,4.755808496928192e+16,4.755808496928192,12029449071.63762,44495686844.79449,3031.1254311395664,1.0000000000000002,0.0050000802819569,1.605639139458381e-05,45,91,67,13.153992203995584,cone,Promweaver FAL-C tabulated boundary,45,10,1,0.005,0.001,,
ok,65,6000,0.1,0.01,0.1610742452493418,4.71606371746805e+16,4.7160637174680495,0.1605829186473816,4.687336672035358e+16,4.687336672035358,15590023553.789995,96787810674.8645,5153.637630201792,1.0,0.010000099650855,9.965085502779136e-06,45,91,67,19.429775131997303,cone,Promweaver FAL-C tabulated boundary,45,10,1,0.005,0.001,,
ok,65,6000,0.2,0.02,0.0945026743373379,4.70589186487002e+16,4.70589186487002,0.0940304345729235,4.658977706618779e+16,4.65897770661878,19324789263.44874,204489337460.08844,7935.742911232801,1.0,0.0200000940826155,4.704130777619108e-06,45,91,67,23.72033162400476,cone,Promweaver FAL-C tabulated boundary,45,10,1,0.005,0.001,,
ok,65,8000,0.01,0.001,0.7432497677853919,7.973807149330408e+16,7.973807149330408,0.742160990508712,7.950462799820976e+16,7.950462799820976,3678211836.176169,4948823391.006059,169.6710499566392,1.0,0.0009999720715105,-2.7928489488302306e-05,45,91,101,29.020512187009444,cone,Promweaver FAL-C tabulated boundary,45,10,1,0.005,0.001,,
ok,65,8000,0.02,0.002,0.607233104947208,6.750685896535038e+16,6.750685896535038,0.6061739321616967,6.727156524138385e+16,6.727156524138385,6492940147.405993,10692664965.903795,624.5035305143641,1.0,0.0019999473988591,-2.6300570404695637e-05,45,91,103,37.258460489989375,cone,Promweaver FAL-C tabulated boundary,45,10,1,0.005,0.001,,
ok,65,8000,0.05,0.005,0.4005881413255398,6.038045508625853e+16,6.038045508625853,0.3995517251472531,6.006842225071822e+16,6.006842225071822,12196912410.599066,30447512425.704056,2463.788524602915,0.9999999999999998,0.0049999293825422,-1.4123491556480846e-05,45,91,104,24.4200247819972,cone,Promweaver FAL-C tabulated boundary,45,10,1,0.005,0.001,,
ok,65,8000,0.1,0.01,0.2915258100746714,5.907074063791922e+16,5.907074063791923,0.2905021076939386,5.865661137016444e+16,5.865661137016444,19158014460.60488,65716357861.0681,6213.389473521155,1.0,0.0099999586977904,-4.130220955522733e-06,45,91,105,19.97573194700817,cone,Promweaver FAL-C tabulated boundary,45,10,1,0.005,0.001,,
ok,65,8000,0.2,0.02,0.2359284993001767,5.875949340539345e+16,5.875949340539345,0.2349176292918936,5.825704491254645e+16,5.825704491254645,32312842762.78548,136960320006.41508,17769.380688987694,1.0000000000000002,0.0199999890857822,-5.457108867221171e-07,45,91,105,28.999788296991028,cone,Promweaver FAL-C tabulated boundary,45,10,1,0.005,0.001,,
ok,65,10000,0.01,0.001,0.8525712357157418,1.0104018180684922e+17,10.10401818068492,0.804866526274804,9.004933256355032e+16,9.004933256355033,3185054500.127091,3735822142.126583,100.40136495570084,1.0,0.000999974212397,-2.578760298029871e-05,45,91,116,22.14211117499508,cone,Promweaver FAL-C tabulated boundary,45,10,1,0.005,0.001,,
ok,65,10000,0.02,0.002,0.749184581370551,8.050343714269125e+16,8.050343714269125,0.7144982426567925,7.322157925728066e+16,7.322157925728066,5912997958.764799,7892578285.510919,434.3112058480716,1.0,0.0019999606495209,-1.9675239541772083e-05,45,91,131,36.52011229899654,cone,Promweaver FAL-C tabulated boundary,45,10,1,0.005,0.001,,
ok,65,10000,0.05,0.005,0.6759057087043947,6.8526001220949336e+16,6.852600122094934,0.6563315945523074,6.46144694034578e+16,6.46144694034578,13891433583.882002,20552324688.172413,2816.0395116767827,1.0,0.0049999762507039,-4.7498592012709664e-06,45,91,141,50.07118386100046,cone,Promweaver FAL-C tabulated boundary,45,10,1,0.005,0.001,,
ok,65,10000,0.1,0.01,0.6893565324718826,6.8586531613533336e+16,6.858653161353334,0.6780209232449999,6.634943710414494e+16,6.634943710414494,28121202223.27111,40793407908.14674,11529.989866495433,1.0,0.0099999909621468,-9.03785316377914e-07,45,91,140,48.35388330000569,cone,Promweaver FAL-C tabulated boundary,45,10,1,0.005,0.001,,
ok,65,10000,0.2,0.02,0.7004889190751672,7.057013785456778e+16,7.057013785456777,0.6940137010176586,6.9271487736676216e+16,6.927148773667621,56794601812.93921,81078515685.76314,45708.09825733581,1.0,0.0199999963688866,-1.815556658138484e-07,45,91,136,38.96556071400119,cone,Promweaver FAL-C tabulated boundary,45,10,1,0.005,0.001,,
ok,65,12000,0.01,0.001,0.9401843617549333,1.1427039931376307e+17,11.427039931376306,0.8543938839351968,9.436782821318774e+16,9.436782821318774,2800429975.4408364,2978596634.1894884,68.63026728220245,1.0,0.0009999798342783,-2.0165721636598508e-05,45,91,100,34.70788158400683,cone,Promweaver FAL-C tabulated boundary,45,10,1,0.005,0.001,,
ok,65,12000,0.02,0.002,0.8956113528544185,8.671395653753827e+16,8.671395653753827,0.8102004736713735,7.096346413147715e+16,7.096346413147716,5455377076.766967,6091232608.184386,343.2104846563075,1.0000000000000002,0.0019999770034643,-1.1498267807937695e-05,45,91,118,41.906045478986925,cone,Promweaver FAL-C tabulated boundary,45,10,1,0.005,0.001,,
ok,65,12000,0.05,0.005,0.9122526048038574,7.346169720335653e+16,7.346169720335653,0.8280034096164846,6.051945158074997e+16,6.0519451580749966,13776312553.398888,15101423093.61881,2583.479483785521,1.0000000000000002,0.0049999920754365,-1.5849126882433449e-06,45,91,136,37.03662932298903,cone,Promweaver FAL-C tabulated boundary,45,10,1,0.005,0.001,,
ok,65,12000,0.1,0.01,0.9455516389782066,7.499998603120958e+16,7.499998603120958,0.8632254093169843,6.250850468338381e+16,6.250850468338381,28090323525.312023,29707868261.60793,10520.885636276593,1.0,0.0099999966850012,-3.31499878242214e-07,45,91,144,49.798262999000144,cone,Promweaver FAL-C tabulated boundary,45,10,1,0.005,0.001,,
ok,65,12000,0.2,0.02,0.9690896181214712,8.075649137324994e+16,8.075649137324994,0.8903776783762742,6.817075241995558e+16,6.817075241995559,56919754636.44739,58735284716.787415,40118.86119344898,1.0,0.0199999985774907,-7.112546090287662e-08,45,91,146,51.1071767169924,cone,Promweaver FAL-C tabulated boundary,45,10,1,0.005,0.001,,
ok,65,14000,0.01,0.001,0.9795466209597484,1.2138299824908998e+17,12.138299824908998,0.8932439284343798,1.0093639389023488e+17,10.093639389023489,2453219324.465981,2504443659.927432,49.58095565890706,1.0,0.000999983911861,-1.6088138962960102e-05,45,91,79,23.53388609898684,cone,Promweaver FAL-C tabulated boundary,45,10,1,0.005,0.001,,
ok,65,14000,0.02,0.002,0.962936631196709,8.87974838009608e+16,8.87974838009608,0.8766802119546346,7.360166710712765e+16,7.360166710712765,4862381057.264042,5049533790.423176,266.25472405316475,1.0,0.0019999853701882,-7.314905862238971e-06,45,91,96,33.4627471260028,cone,Promweaver FAL-C tabulated boundary,45,10,1,0.005,0.001,,
ok,65,14000,0.05,0.005,0.988619073251538,7.50025151184757e+16,7.500251511847569,0.9024256291856024,6.24943419022107e+16,6.249434190221071,12325756505.048864,12467649915.46221,2025.5890510041072,1.0000000000000002,0.0049999949736901,-1.0052619656836237e-06,45,91,116,22.08848809100164,cone,Promweaver FAL-C tabulated boundary,45,10,1,0.005,0.001,,
ok,65,14000,0.1,0.01,1.0127590915144744,7.577890317093078e+16,7.577890317093078,0.9266330620479236,6.343830889386858e+16,6.343830889386858,24963025499.07608,24648532615.73441,8223.299836656479,1.0,0.0099999974538313,-2.5461686248978705e-07,45,91,127,36.35286143000121,cone,Promweaver FAL-C tabulated boundary,45,10,1,0.005,0.001,,
ok,65,14000,0.2,0.02,1.030914692682816,8.124078937850517e+16,8.124078937850516,0.9448995491075876,6.824957629535097e+16,6.824957629535096,50385245975.64034,48874311650.869545,31248.748706736074,1.0,0.0199999985894869,-7.052565077075855e-08,45,91,134,42.96500453700719,cone,Promweaver FAL-C tabulated boundary,45,10,1,0.005,0.001,,
ok,66,6000,0.01,0.001,0.6464105308756196,5.9619130113021816e+16,5.961913011302181,0.6457688912229664,5.950083064146277e+16,5.950083064146277,4503940243.238865,6967615823.241437,340.2511522092114,1.0,0.0010000258794692,2.5879469225378524e-05,45,91,65,22.943117889997666,cone,Promweaver FAL-C tabulated boundary,45,10,1,0.005,0.001,,
ok,66,6000,0.02,0.002,0.4841497394536926,5.183316880694451e+16,5.183316880694451,0.4835763701171822,5.171047143033266e+16,5.171047143033267,7443873214.59513,15375146587.902094,1069.030694251958,1.0000000000000002,0.002000048742719,2.4371359503205445e-05,45,91,66,23.21914949201164,cone,Promweaver FAL-C tabulated boundary,45,10,1,0.005,0.001,,
ok,66,6000,0.05,0.005,0.2689864928265714,4.752876592494234e+16,4.752876592494235,0.2684688798366835,4.7346021907323736e+16,4.734602190732374,11980788878.87106,44540485111.2567,3020.051107296966,1.0,0.0050000800889281,1.6017785623052835e-05,45,91,67,23.51172393899469,cone,Promweaver FAL-C tabulated boundary,45,10,1,0.005,0.001,,
ok,66,6000,0.1,0.01,0.1602038706695194,4.694985793798428e+16,4.694985793798428,0.1597121014515524,4.666206141884851e+16,4.666206141884851,15516609937.56284,96855399764.7889,5128.134450853906,0.9999999999999996,0.0100000995360399,9.953603997969738e-06,45,91,67,13.13492569400114,cone,Promweaver FAL-C tabulated boundary,45,10,1,0.005,0.001,,
ok,66,6000,0.2,0.02,0.0939978658256931,4.684931017891151e+16,4.684931017891151,0.0935252104182437,4.637934404475149e+16,4.637934404475149,19229783333.739616,204576807833.0496,7893.063220150095,1.0000000000000002,0.0200000941204042,4.7060202098062045e-06,45,91,67,19.049834300996736,cone,Promweaver FAL-C tabulated boundary,45,10,1,0.005,0.001,,
ok,66,8000,0.01,0.001,0.7420233422457244,7.95125608874782e+16,7.9512560887478205,0.7409345028967985,7.927937985575843e+16,7.927937985575843,3674605174.5341945,4952142291.660324,169.81874357966893,1.0,0.0009999718703772,-2.81296227040706e-05,45,91,101,35.04893270600587,cone,Promweaver FAL-C tabulated boundary,45,10,1,0.005,0.001,,
ok,66,8000,0.02,0.002,0.6056419395049232,6.723975989579162e+16,6.723975989579162,0.6045826945264806,6.700476595011313e+16,6.700476595011313,6482015872.146546,10702719625.799389,624.8762611864929,0.9999999999999998,0.0019999470282018,-2.6485899079845e-05,45,91,103,30.23197998899559,cone,Promweaver FAL-C tabulated boundary,45,10,1,0.005,0.001,,
ok,66,8000,0.05,0.005,0.3989819752278623,6.011345081121996e+16,6.011345081121996,0.397945468859266,5.980152173061273e+16,5.980152173061273,12161146027.252104,30480439674.76666,2460.2392759083764,1.0000000000000002,0.0049999291300433,-1.4173991330287955e-05,45,91,104,20.066471920988988,cone,Promweaver FAL-C tabulated boundary,45,10,1,0.005,0.001,,
ok,66,8000,0.1,0.01,0.29037071070781,5.880229513539597e+16,5.8802295135395966,0.2893469266883365,5.838837788895898e+16,5.838837788895898,19098117970.60741,65771502656.22067,6202.786969103934,1.0,0.009999958621228,-4.137877198176486e-06,45,91,105,28.0102881060011,cone,Promweaver FAL-C tabulated boundary,45,10,1,0.005,0.001,,
ok,66,8000,0.2,0.02,0.2351406646249094,5.849087545741136e+16,5.849087545741136,0.2341297301110778,5.798901980602828e+16,5.798901980602828,32224143276.32569,137041984327.67404,17753.11793117625,1.0,0.019999989155051,-5.422474498931184e-07,45,91,105,36.397148392003146,cone,Promweaver FAL-C tabulated boundary,45,10,1,0.005,0.001,,
ok,66,10000,0.01,0.001,0.851621915261174,1.007754887119029e+17,10.07754887119029,0.8039040480636476,8.979862491287677e+16,8.979862491287676,3183066056.1483707,3737651649.2910976,100.53942329934078,1.0,0.0009999740307627,-2.5969237253458885e-05,45,91,116,40.12428326699592,cone,Promweaver FAL-C tabulated boundary,45,10,1,0.005,0.001,,
ok,66,10000,0.02,0.002,0.7480034803610374,8.018390584312933e+16,8.018390584312932,0.7132981431760232,7.291588598535224e+16,7.291588598535224,5907477087.220937,7897659893.734167,435.2280569159961,1.0000000000000002,0.0019999604483322,-1.9775833853732244e-05,45,91,131,46.0354759599868,cone,Promweaver FAL-C tabulated boundary,45,10,1,0.005,0.001,,
ok,66,10000,0.05,0.005,0.6750347321375605,6.822150932520099e+16,6.822150932520099,0.6554490971725051,6.432014649369174e+16,6.432014649369174,13880393915.527056,20562488498.29325,2824.114229601631,1.0,0.0049999762238043,-4.7552391387387086e-06,45,91,141,50.1776331650035,cone,Promweaver FAL-C tabulated boundary,45,10,1,0.005,0.001,,
ok,66,10000,0.1,0.01,0.6886707402499072,6.828105121463378e+16,6.828105121463379,0.6773296252868162,6.605064737391266e+16,6.605064737391266,28104081640.5548,40809170475.80139,11567.475760972078,1.0,0.0099999909634561,-9.036543874296752e-07,45,91,140,26.430516908993013,cone,Promweaver FAL-C tabulated boundary,45,10,1,0.005,0.001,,
ok,66,10000,0.2,0.02,0.6997806912571226,7.024721009701226e+16,7.024721009701226,0.6933023476434234,6.895257864179529e+16,6.895257864179529,56759689097.361786,81110681970.08368,45861.783008606544,1.0,0.0199999998006567,-9.9671637263099e-09,45,91,137,33.54748374399787,cone,Promweaver FAL-C tabulated boundary,45,10,1,0.005,0.001,,
ok,66,12000,0.01,0.001,0.9394763429100136,1.1392442751707234e+17,11.392442751707234,0.8536857017474067,9.406784023704803e+16,9.406784023704803,2799298834.077687,2979637385.446984,68.78308834419562,1.0,0.0009999797143025,-2.028569742111401e-05,45,91,100,18.90619154299202,cone,Promweaver FAL-C tabulated boundary,45,10,1,0.005,0.001,,
ok,66,12000,0.02,0.002,0.894910914957708,8.633022852780776e+16,8.633022852780776,0.8094997039243323,7.0637719346852936e+16,7.063771934685294,5453037736.584274,6093386107.422744,344.4404244456973,1.0,0.0019999769527425,-1.1523628721610626e-05,45,91,118,40.93687635600509,cone,Promweaver FAL-C tabulated boundary,45,10,1,0.005,0.001,,
ok,66,12000,0.05,0.005,0.9118643993757618,7.313142100610181e+16,7.313142100610181,0.8276147657787111,6.024207912198342e+16,6.024207912198342,13773125629.71854,15104357225.86303,2593.9464460314803,1.0000000000000002,0.004999992075242,-1.584951598090911e-06,45,91,136,47.07254334399477,cone,Promweaver FAL-C tabulated boundary,45,10,1,0.005,0.001,,
ok,66,12000,0.1,0.01,0.9452755108375364,7.467330561401822e+16,7.467330561401822,0.8629487056586601,6.223268326288465e+16,6.223268326288465,28085937488.092915,29711906387.173943,10563.612767625757,1.0,0.009999996683873,-3.31612698412087e-07,45,91,144,45.2283130880096,cone,Promweaver FAL-C tabulated boundary,45,10,1,0.005,0.001,,
ok,66,12000,0.2,0.02,0.9688517051363552,8.040890177633717e+16,8.040890177633717,0.8901388806665089,6.787425206878984e+16,6.787425206878984,56912368864.8675,58742084638.07958,40281.8302234781,1.0,0.0199999985770201,-7.114899381460704e-08,45,91,146,50.58481597399805,cone,Promweaver FAL-C tabulated boundary,45,10,1,0.005,0.001,,
ok,66,14000,0.01,0.001,0.9790161413906132,1.2099834198434547e+17,12.099834198434548,0.8927134275895019,1.0060599235882386e+17,10.060599235882384,2452523085.324251,2505089529.821889,49.71034631884937,1.0,0.0009999849316113,-1.5068388665084516e-05,45,91,80,23.643717322993325,cone,Promweaver FAL-C tabulated boundary,45,10,1,0.005,0.001,,
ok,66,14000,0.02,0.002,0.9625244113733276,8.839101344071947e+16,8.839101344071947,0.8762679776588596,7.325857892013544e+16,7.325857892013544,4861280008.733164,5050552434.090582,267.3579858789359,1.0,0.0019999864055412,-6.797229375275077e-06,45,91,97,32.815563149997615,cone,Promweaver FAL-C tabulated boundary,45,10,1,0.005,0.001,,
ok,66,14000,0.05,0.005,0.9884028256346632,7.466256166732854e+16,7.466256166732855,0.9022093726473864,6.220848127472243e+16,6.220848127472244,12324344939.014454,12468949520.75928,2034.3459263101631,1.0,0.0049999949750046,-1.004999065218337e-06,45,91,116,40.52824156900169,cone,Promweaver FAL-C tabulated boundary,45,10,1,0.005,0.001,,
ok,66,14000,0.1,0.01,1.0126073103238429,7.544581406294914e+16,7.544581406294913,0.9264812716414262,6.315770226741114e+16,6.315770226741114,24961089352.976635,24650315179.922817,8258.324062451353,1.0,0.0099999974528584,-2.547141584458012e-07,45,91,127,25.68699441901117,cone,Promweaver FAL-C tabulated boundary,45,10,1,0.005,0.001,,
ok,66,14000,0.2,0.02,1.030798401229824,8.089113013174434e+16,8.089113013174433,0.9447832456108348,6.795443353680274e+16,6.795443353680273,50382329829.98598,48876996481.44184,31380.19156072281,1.0,0.019999998588827,-7.05586469459951e-08,45,91,134,46.23295432300074,cone,Promweaver FAL-C tabulated boundary,45,10,1,0.005,0.001,,
ok,67,6000,0.01,0.001,0.6443939413773345,5.934898685809409e+16,5.934898685809409,0.6437520232561097,5.92308038266071e+16,5.923080382660711,4495121732.68956,6975735561.823624,340.46275195921487,1.0,0.001000025944447,2.5944447076603136e-05,45,91,65,12.516046759003077,cone,Promweaver FAL-C tabulated boundary,45,10,1,0.005,0.001,,
ok,67,6000,0.02,0.002,0.481681182451976,5.157897565027077e+16,5.157897565027077,0.4811073612607073,5.145615798172311e+16,5.145615798172312,7417579390.42307,15399354719.784197,1066.723084736954,1.0000000000000002,0.0020000487394156,2.436970784783048e-05,45,91,66,18.94360290399345,cone,Promweaver FAL-C tabulated boundary,45,10,1,0.005,0.001,,
ok,67,6000,0.05,0.005,0.267423216838909,4.732763988124123e+16,4.732763988124123,0.2669051074453432,4.714443109683531e+16,4.714443109683531,11924916030.08878,44591925005.79385,3004.663293616551,1.0,0.0050000799937947,1.5998758940392873e-05,45,91,67,18.67958439499489,cone,Promweaver FAL-C tabulated boundary,45,10,1,0.005,0.001,,
ok,67,6000,0.1,0.01,0.1593160491754371,4.676378454629573e+16,4.676378454629573,0.158823824591522,4.647526715285446e+16,4.647526715285446,15441619233.82106,96924442413.31216,5098.894515824643,1.0,0.010000099562257,9.956225699783714e-06,45,91,67,23.74753704199975,cone,Promweaver FAL-C tabulated boundary,45,10,1,0.005,0.001,,
ok,67,6000,0.2,0.02,0.0934929124369163,4.666535540484867e+16,4.666535540484867,0.0930198378202573,4.61942963327725e+16,4.61942963327725,19134668874.67524,204664379105.5948,7845.982308867676,1.0,0.0200000942462707,4.7123135371238126e-06,45,91,67,18.66441509900324,cone,Promweaver FAL-C tabulated boundary,45,10,1,0.005,0.001,,
ok,67,8000,0.01,0.001,0.7403805550784116,7.922200849835189e+16,7.922200849835189,0.739291632291214,7.89891465980734e+16,7.898914659807341,3669766296.3199735,4956594647.372011,169.9929719641756,0.9999999999999998,0.00099997154679,-2.8453209940937363e-05,45,91,101,23.084667906994586,cone,Promweaver FAL-C tabulated boundary,45,10,1,0.005,0.001,,
ok,67,8000,0.02,0.002,0.6034316402424558,6.69097353391584e+16,6.69097353391584,0.6023722944321771,6.667501668535191e+16,6.667501668535191,6466806258.073625,10716717233.248318,625.0149244722181,1.0,0.0019999463608155,-2.681959224148933e-05,45,91,103,35.87163214800239,cone,Promweaver FAL-C tabulated boundary,45,10,1,0.005,0.001,,
ok,67,8000,0.05,0.005,0.3969890445550779,5.983863002587042e+16,5.983863002587042,0.395952425394033,5.952653635477586e+16,5.952653635477587,12116670884.762148,30521423830.07522,2453.493892927859,1.0000000000000002,0.004999933548601,-1.329027978797664e-05,45,91,105,26.72912353101128,cone,Promweaver FAL-C tabulated boundary,45,10,1,0.005,0.001,,
ok,67,8000,0.1,0.01,0.2891987026002345,5.856203355801418e+16,5.8562033558014175,0.2881748352682187,5.814810629636327e+16,5.814810629636328,19037241781.01796,65827549051.39924,6188.59272142436,1.0,0.009999958498034,-4.15019659142507e-06,45,91,105,35.49037748099363,cone,Promweaver FAL-C tabulated boundary,45,10,1,0.005,0.001,,
ok,67,8000,0.2,0.02,0.2344017137270137,5.825498329502475e+16,5.825498329502476,0.233390718488183,5.775354924787436e+16,5.775354924787436,32140842973.878822,137118634769.49802,17732.96855721117,1.0000000000000002,0.0199999840698956,-7.965052173375397e-07,45,91,105,33.445664242011844,cone,Promweaver FAL-C tabulated boundary,45,10,1,0.005,0.001,,
ok,67,10000,0.01,0.001,0.8503378833137897,1.0046848288645616e+17,10.046848288645617,0.8026021421588285,8.950502494521696e+16,8.950502494521697,3180378703.301584,3740135263.534963,100.6764350950283,1.0000000000000002,0.000999975444179,-2.4555820998979627e-05,45,91,117,27.120359861000907,cone,Promweaver FAL-C tabulated boundary,45,10,1,0.005,0.001,,
ok,67,10000,0.02,0.002,0.7464942687766278,7.979730877719749e+16,7.979730877719748,0.7117645890460707,7.254509344519339e+16,7.254509344519339,5900412024.203654,7904162524.748364,436.2911806032688,1.0,0.0019999601449175,-1.992754124799205e-05,45,91,131,45.32269369300048,cone,Promweaver FAL-C tabulated boundary,45,10,1,0.005,0.001,,
ok,67,10000,0.05,0.005,0.6740293306785066,6.791554203371022e+16,6.791554203371023,0.654430364764409,6.402336020651412e+16,6.402336020651412,13867636815.795464,20574233471.169144,2831.625061011088,1.0,0.0049999761908999,-4.761820012605388e-06,45,91,141,36.46860896999715,cone,Promweaver FAL-C tabulated boundary,45,10,1,0.005,0.001,,
ok,67,10000,0.1,0.01,0.6880010247491452,6.800423050591831e+16,6.800423050591832,0.676654522428761,6.577967722688772e+16,6.577967722688772,28087351367.975136,40824577809.6278,11600.73867462463,0.9999999999999998,0.009999991582075,-8.417924990747336e-07,45,91,141,48.74546738000936,cone,Promweaver FAL-C tabulated boundary,45,10,1,0.005,0.001,,
ok,67,10000,0.2,0.02,0.6991450900479866,6.996291100120802e+16,6.996291100120802,0.692663938763978,6.867179561822081e+16,6.867179561822081,56728314645.20348,81139545214.15558,45997.25249324807,1.0,0.019999996418828,-1.7905859763661658e-07,45,91,137,47.64277436200064,cone,Promweaver FAL-C tabulated boundary,45,10,1,0.005,0.001,,
ok,67,12000,0.01,0.001,0.9385920898127282,1.1349699507822682e+17,11.34969950782268,0.8528012444990493,9.369711842490787e+16,9.369711842490789,2797884948.4102287,2980938129.329936,68.97240036306704,1.0,0.0009999795360068,-2.0463993109223408e-05,45,91,100,29.36508322099689,cone,Promweaver FAL-C tabulated boundary,45,10,1,0.005,0.001,,
ok,67,12000,0.02,0.002,0.8940916279799223,8.589850174716149e+16,8.58985017471615,0.808680028488165,7.027081131527085e+16,7.027081131527085,5450299348.637561,6095906927.293086,345.8239944300384,1.0,0.0019999768886652,-1.1555667381746989e-05,45,91,118,23.081530114010093,cone,Promweaver FAL-C tabulated boundary,45,10,1,0.005,0.001,,
ok,67,12000,0.05,0.005,0.9114697228364916,7.281556166783336e+16,7.281556166783336,0.8272196433401625,5.997653717277139e+16,5.99765371727714,13769884325.113976,15107341450.972317,2603.972419961167,1.0,0.0049999920796356,-1.5840728680160952e-06,45,91,136,26.820121354001454,cone,Promweaver FAL-C tabulated boundary,45,10,1,0.005,0.001,,
ok,67,12000,0.1,0.01,0.9450171504452692,7.437891862420131e+16,7.437891862420131,0.8626898066311228,6.198403046195125e+16,6.198403046195125,28081832600.219517,29715685675.10974,10602.32303417976,1.0,0.0099999966846585,-3.315341464901755e-07,45,91,144,35.688272421000875,cone,Promweaver FAL-C tabulated boundary,45,10,1,0.005,0.001,,
ok,67,12000,0.2,0.02,0.9686377671025412,8.010229962977766e+16,8.010229962977766,0.8899241468710577,6.761268298560343e+16,6.761268298560343,56905725912.94041,58748200664.48668,40426.575225000015,1.0000000000000002,0.0199999985771758,-7.114120577356163e-08,45,91,146,28.606647624998004,cone,Promweaver FAL-C tabulated boundary,45,10,1,0.005,0.001,,
ok,67,14000,0.01,0.001,0.97841872986343,1.2050087918776328e+17,12.050087918776327,0.8921159921826582,1.0018053560876152e+17,10.018053560876153,2451735495.103836,2505814147.1249785,49.88351104547345,0.9999999999999998,0.0009999848265591,-1.5173440861193307e-05,45,91,80,28.89288987001055,cone,Promweaver FAL-C tabulated boundary,45,10,1,0.005,0.001,,
ok,67,14000,0.02,0.002,0.9620884567181692,8.795471423117683e+16,8.795471423117684,0.8758320077271969,7.289046811047424e+16,7.289046811047424,4860112418.865455,5051627410.065849,268.5551642169684,1.0,0.0019999864056763,-6.79716184400804e-06,45,91,97,26.238013003996457,cone,Promweaver FAL-C tabulated boundary,45,10,1,0.005,0.001,,
ok,67,14000,0.05,0.005,0.9881966402666588,7.434671449048939e+16,7.434671449048939,0.9020031787708498,6.194284824568384e+16,6.194284824568384,12322998790.488646,12470188916.20939,2042.542165192928,1.0,0.0049999949802391,-1.0039521620291978e-06,45,91,116,33.67778872900817,cone,Promweaver FAL-C tabulated boundary,45,10,1,0.005,0.001,,
ok,67,14000,0.1,0.01,1.0124695841095674,7.514865162785405e+16,7.514865162785405,0.9263435370633308,6.290734752803991e+16,6.290734752803991,24959332255.089184,24651932904.2759,8289.812965706366,1.0,0.0099999974531602,-2.5468397547162564e-07,45,91,127,43.971890336993965,cone,Promweaver FAL-C tabulated boundary,45,10,1,0.005,0.001,,
ok,67,14000,0.2,0.02,1.0306949858165415,8.05839043756106e+16,8.058390437561059,0.94467981948611,6.769510324192876e+16,6.769510324192876,50379736297.97903,48879384290.462006,31496.585442465712,1.0,0.0199999985885911,-7.057044341257644e-08,45,91,134,38.66830323600152,cone,Promweaver FAL-C tabulated boundary,45,10,1,0.005,0.001,,
ok,68,6000,0.01,0.001,0.644048789957029,5.926483329367731e+16,5.926483329367732,0.64340682405922,5.91467458412128e+16,5.91467458412128,4493610130.897133,6977126890.024818,340.716929185315,1.0,0.0010000259110078,2.591100780962273e-05,45,91,65,22.896978324002703,cone,Promweaver FAL-C tabulated boundary,45,10,1,0.005,0.001,,
ok,68,6000,0.02,0.002,0.4811418187817101,5.1456786144931576e+16,5.145678614493158,0.4805678983990195,5.133410096622482e+16,5.133410096622482,7411823183.612704,15404653876.023577,1067.5972407295362,1.0,0.0020000486978644,2.4348932223337144e-05,45,91,66,19.28950380900642,cone,Promweaver FAL-C tabulated boundary,45,10,1,0.005,0.001,,
ok,68,6000,0.05,0.005,0.2667603484838606,4.7165405413488856e+16,4.716540541348886,0.2662420272408302,4.698229663188623e+16,4.698229663188624,11901185379.037651,44613772049.25076,3003.0106215457736,0.9999999999999998,0.0050000798799042,1.597598085455176e-05,45,91,67,14.753249540997786,cone,Promweaver FAL-C tabulated boundary,45,10,1,0.005,0.001,,
ok,68,6000,0.1,0.01,0.1588759381663847,4.6596931043739176e+16,4.659693104373917,0.1583834863856595,4.630851507492002e+16,4.630851507492002,15404405128.145811,96958704420.13292,5092.517726742613,1.0,0.0100000995411736,9.954117367524938e-06,45,91,67,23.74958404200152,cone,Promweaver FAL-C tabulated boundary,45,10,1,0.005,0.001,,
ok,68,6000,0.2,0.02,0.0932489993008208,4.649883458832467e+16,4.649883458832467,0.0927757209406656,4.602802964295323e+16,4.602802964295323,19088695549.28001,204706706692.90472,7836.288823130932,0.9999999999999996,0.0200000943288301,4.716441505056567e-06,45,91,67,24.82955879899964,cone,Promweaver FAL-C tabulated boundary,45,10,1,0.005,0.001,,
ok,68,8000,0.01,0.001,0.7400534277670657,7.916385577057662e+16,7.916385577057662,0.7389644883159929,7.893105846105496e+16,7.893105846105496,3668802007.741858,4957482622.317676,170.02845605473274,1.0,0.0009999715677626,-2.84322373303534e-05,45,91,101,35.132117109998944,cone,Promweaver FAL-C tabulated boundary,45,10,1,0.005,0.001,,
ok,68,8000,0.02,0.002,0.6029721575280304,6.678266473281344e+16,6.678266473281344,0.6019127906689691,6.654820882105995e+16,6.654820882105995,6463639966.058092,10719632549.132448,625.5911137714104,1.0,0.0019999463821335,-2.680893321184083e-05,45,91,103,35.95739626599243,cone,Promweaver FAL-C tabulated boundary,45,10,1,0.005,0.001,,
ok,68,8000,0.05,0.005,0.3962556818535664,5.964733782603815e+16,5.964733782603815,0.3952190209875429,5.933565433281091e+16,5.933565433281091,12100270790.80817,30536523121.149197,2454.7039071200493,1.0000000000000002,0.0049999335571112,-1.328857774148678e-05,45,91,105,36.49211397199542,cone,Promweaver FAL-C tabulated boundary,45,10,1,0.005,0.001,,
ok,68,8000,0.1,0.01,0.2885475714155857,5.835273478200296e+16,5.835273478200296,0.2875236575864506,5.7939339075103096e+16,5.79393390751031,19003376189.47548,65858728584.1527,6188.712627571692,1.0,0.0099999585217704,-4.147822956455937e-06,45,91,105,36.61415304700495,cone,Promweaver FAL-C tabulated boundary,45,10,1,0.005,0.001,,
ok,68,8000,0.2,0.02,0.2338997172709536,5.804477061531236e+16,5.804477061531236,0.2328886806223812,5.7544055551685816e+16,5.7544055551685815,32084206208.19529,137170778069.0832,17734.52245736741,1.0,0.0199999839529954,-8.023502298323825e-07,45,91,105,19.916911437001545,cone,Promweaver FAL-C tabulated boundary,45,10,1,0.005,0.001,,
ok,68,10000,0.01,0.001,0.8500592331426912,1.0042317703412704e+17,10.042317703412705,0.8023196161581194,8.946031025514059e+16,8.94603102551406,3179794102.2341843,3740673565.1566334,100.6848302475755,1.0,0.000999975454941,-2.4545058972293143e-05,45,91,117,37.571138333994895,cone,Promweaver FAL-C tabulated boundary,45,10,1,0.005,0.001,,
ok,68,10000,0.02,0.002,0.7460803564289991,7.965780698553542e+16,7.965780698553543,0.7113439860893144,7.241298714645357e+16,7.241298714645357,5898472607.73161,7905948142.052363,436.7679756797449,1.0,0.0019999601505437,-1.992472811285055e-05,45,91,131,45.40933309899992,cone,Promweaver FAL-C tabulated boundary,45,10,1,0.005,0.001,,
ok,68,10000,0.05,0.005,0.6735654649781224,6.770549415081782e+16,6.770549415081782,0.6539603368488982,6.3821514516151176e+16,6.382151451615117,13861746145.41953,20579656865.082542,2837.997249854386,1.0,0.0049999761876169,-4.762476601104237e-06,45,91,141,46.608001943997806,cone,Promweaver FAL-C tabulated boundary,45,10,1,0.005,0.001,,
ok,68,10000,0.1,0.01,0.6875225566003408,6.777087270081e+16,6.777087270081,0.676172200045587,6.555167573105617e+16,6.555167573105617,28075389693.26859,40835590663.52045,11630.771082271622,1.0000000000000002,0.009999991580968,-8.419031942083486e-07,45,91,141,40.36871850499301,cone,Promweaver FAL-C tabulated boundary,45,10,1,0.005,0.001,,
ok,68,10000,0.2,0.02,0.6986080696042095,6.971350805370282e+16,6.971350805370282,0.6921245411641891,6.84255408622994e+16,6.84255408622994,56701796997.35523,81163959399.26538,46118.66297493709,1.0000000000000002,0.0199999964108475,-1.794576202918119e-07,45,91,137,47.25187487300718,cone,Promweaver FAL-C tabulated boundary,45,10,1,0.005,0.001,,
ok,68,12000,0.01,0.001,0.9383601984558256,1.134290151802923e+17,11.34290151802923,0.8525692995545128,9.363633019708182e+16,9.363633019708182,2797514077.747543,2981279558.0536747,68.99544179905237,1.0,0.0009999795316767,-2.046832326242989e-05,45,91,100,36.10440037801163,cone,Promweaver FAL-C tabulated boundary,45,10,1,0.005,0.001,,
ok,68,12000,0.02,0.002,0.8937831767696107,8.571469491527275e+16,8.571469491527274,0.8083714309306268,7.011530779877356e+16,7.011530779877356,5449267868.135393,6096856608.814918,346.434416269524,1.0,0.0019999768921217,-1.1553939100166638e-05,45,91,118,24.8063771820016,cone,Promweaver FAL-C tabulated boundary,45,10,1,0.005,0.001,,
ok,68,12000,0.05,0.005,0.9112232082099976,7.258596622184438e+16,7.258596622184438,0.8269728501151837,5.978408970768962e+16,5.978408970768961,13767859148.66572,15109205982.265572,2611.440687558872,1.0,0.0049999920785754,-1.5842849011848956e-06,45,91,136,35.90720516900183,cone,Promweaver FAL-C tabulated boundary,45,10,1,0.005,0.001,,
ok,68,12000,0.1,0.01,0.9448164148113352,7.413310053495752e+16,7.413310053495752,0.8624886524007044,6.177661165461282e+16,6.1776611654612825,28078642539.822,29718622686.53414,10635.062626408378,1.0,0.0099999966828931,-3.317106835737382e-07,45,91,144,41.1735793150001,cone,Promweaver FAL-C tabulated boundary,45,10,1,0.005,0.001,,
ok,68,12000,0.2,0.02,0.9684565414504074,7.983643629353034e+16,7.9836436293530335,0.8897422469917876,6.738594042209239e+16,6.73859404220924,56900097622.91706,58753382508.72953,40553.17671738132,1.0,0.0199999985765436,-7.117281746599202e-08,45,91,146,41.36609035900619,cone,Promweaver FAL-C tabulated boundary,45,10,1,0.005,0.001,,
ok,68,14000,0.01,0.001,0.9782432214226404,1.2039529907762429e+17,12.039529907762429,0.8919404767197855,1.000892837143754e+17,10.00892837143754,2451504090.4344025,2506027168.6516027,49.91783193745604,1.0,0.0009999848207089,-1.5179291048281545e-05,45,91,80,20.708471255988115,cone,Promweaver FAL-C tabulated boundary,45,10,1,0.005,0.001,,
ok,68,14000,0.02,0.002,0.961884331993651,8.773757834999331e+16,8.773757834999332,0.8756278758461848,7.270748125243413e+16,7.270748125243413,4859565559.754666,5052130904.016787,269.15921175017803,0.9999999999999998,0.0019999864082622,-6.795868876972519e-06,45,91,97,18.470798443988315,cone,Promweaver FAL-C tabulated boundary,45,10,1,0.005,0.001,,
ok,68,14000,0.05,0.005,0.9880472094297404,7.410582989941451e+16,7.410582989941451,0.9018537417661736,6.17403669572884e+16,6.17403669572884,12322023002.77918,12471087297.428772,2048.8570344209693,1.0000000000000002,0.004999994978997,-1.0042005813698516e-06,45,91,116,42.10119171100087,cone,Promweaver FAL-C tabulated boundary,45,10,1,0.005,0.001,,
ok,68,14000,0.1,0.01,1.0123562056499014,7.489816614303368e+16,7.489816614303368,0.926230151717504,6.269635813968781e+16,6.2696358139687804,24957885606.092968,24653264796.328064,8316.572834871182,1.0,0.0099999974516642,-2.5483357680988744e-07,45,91,127,44.20880214399949,cone,Promweaver FAL-C tabulated boundary,45,10,1,0.005,0.001,,
ok,68,14000,0.2,0.02,1.0306060545904068,8.031751983719091e+16,8.031751983719092,0.944590879047869,6.747026340102599e+16,6.747026340102599,50377505807.839966,48881437852.4697,31598.250251793528,1.0,0.0199999985879285,-7.060357125332482e-08,45,91,134,25.55649234900193,cone,Promweaver FAL-C tabulated boundary,45,10,1,0.005,0.001,,
ok,69,6000,0.01,0.001,0.641699254593754,5.895937080043822e+16,5.895937080043822,0.6410569624162132,5.884140217161335e+16,5.884140217161336,4483305545.249896,6986614856.032801,340.91321428957764,1.0,0.0010000259786371,2.597863715423851e-05,45,91,65,22.85898114599695,cone,Promweaver FAL-C tabulated boundary,45,10,1,0.005,0.001,,
ok,69,6000,0.02,0.002,0.4783720647049992,5.118435487655963e+16,5.118435487655964,0.4777976322358164,5.10615036296409e+16,5.106150362964089,7382202178.37043,15431925739.482426,1064.7180986019323,1.0000000000000002,0.0020000487365113,2.4368255658550192e-05,45,91,66,23.412535647992627,cone,Promweaver FAL-C tabulated boundary,45,10,1,0.005,0.001,,
ok,69,6000,0.05,0.005,0.2649638328911806,4.694715082558775e+16,4.694715082558775,0.2644449333316246,4.676345026745426e+16,4.676345026745426,11836753495.600578,44673091291.14944,2984.392680955807,1.0,0.0050000797150318,1.5943006370124076e-05,45,91,67,19.64845876699837,cone,Promweaver FAL-C tabulated boundary,45,10,1,0.005,0.001,,
ok,69,6000,0.1,0.01,0.1578106316205861,4.639111396100061e+16,4.639111396100061,0.1573176258312898,4.61017118783712e+16,4.61017118783712,15314217854.60068,97041737285.6074,5055.392045453523,1.0,0.0100000994824602,9.948246020539953e-06,45,91,67,24.525670047994936,cone,Promweaver FAL-C tabulated boundary,45,10,1,0.005,0.001,,
ok,69,6000,0.2,0.02,0.0926329857888967,4.629505084294436e+16,4.629505084294436,0.092159189209797,4.582268472597992e+16,4.582268472597992,18972503041.58868,204813683592.4247,7775.2559962454625,1.0000000000000002,0.0200000944108572,4.720542860076059e-06,45,91,67,13.05947472299158,cone,Promweaver FAL-C tabulated boundary,45,10,1,0.005,0.001,,
ok,69,8000,0.01,0.001,0.7380625943731511,7.883822764790123e+16,7.883822764790123,0.7369735530879521,7.86057412927551e+16,7.86057412927551,3662931029.88253,4962900244.244893,170.18474577584544,0.9999999999999998,0.0009999730477691,-2.6952230862712853e-05,45,91,102,35.661568357012584,cone,Promweaver FAL-C tabulated boundary,45,10,1,0.005,0.001,,
ok,69,8000,0.02,0.002,0.6004333173235936,6.6419370058940136e+16,6.641937005894014,0.5993738336823891,6.6185178688305576e+16,6.6185178688305575,6446111177.342611,10735765307.088358,625.6058928861876,1.0,0.0019999457069965,-2.71465017184086e-05,45,91,103,35.90463991499564,cone,Promweaver FAL-C tabulated boundary,45,10,1,0.005,0.001,,
ok,69,8000,0.05,0.005,0.3940255184522773,5.935255174680045e+16,5.935255174680044,0.3929887300119005,5.90406172266174e+16,5.90406172266174,12050296996.044537,30582529383.827248,2446.561325827207,1.0,0.0049999331306556,-1.3373868875364566e-05,45,91,105,29.98374570500164,cone,Promweaver FAL-C tabulated boundary,45,10,1,0.005,0.001,,
ok,69,8000,0.1,0.01,0.2871741511707051,5.808720946702481e+16,5.808720946702481,0.2861501387706248,5.767369055291386e+16,5.767369055291386,18931838373.69,65924590693.52776,6170.282709328421,1.0000000000000002,0.0099999583721988,-4.1627801114149646e-06,45,91,105,21.908487498003524,cone,Promweaver FAL-C tabulated boundary,45,10,1,0.005,0.001,,
ok,69,8000,0.2,0.02,0.2330339747212999,5.778208159303172e+16,5.778208159303172,0.2320228663926495,5.728174942868511e+16,5.728174942868511,31986428921.06164,137260796239.33047,17706.72857250463,1.0,0.0199999835555414,-8.222229281110158e-07,45,91,105,30.281131272990024,cone,Promweaver FAL-C tabulated boundary,45,10,1,0.005,0.001,,
ok,69,10000,0.01,0.001,0.8485911235488258,1.0001287121227437e+17,10.001287121227437,0.800831067026967,8.907190715662525e+16,8.907190715662525,3176710094.516424,3743510869.205602,100.90188295048208,1.0,0.0009999751435138,-2.485648617272726e-05,45,91,117,40.58104263800488,cone,Promweaver FAL-C tabulated boundary,45,10,1,0.005,0.001,,
ok,69,10000,0.02,0.002,0.7443134185782383,7.922109447538602e+16,7.922109447538602,0.7095484284943083,7.199348979404398e+16,7.199348979404398,5890182514.105264,7913578295.224727,437.9420693342088,1.0,0.0019999597964945,-2.0101752740879844e-05,45,91,131,25.058815441007027,cone,Promweaver FAL-C tabulated boundary,45,10,1,0.005,0.001,,
ok,69,10000,0.05,0.005,0.672430974680142,6.736962180960197e+16,6.736962180960197,0.6528107445563954,6.349554805496251e+16,6.349554805496251,13847325991.87593,20592932974.9611,2846.2151333904844,1.0,0.0049999761544848,-4.76910302325828e-06,45,91,141,49.09050202398794,cone,Promweaver FAL-C tabulated boundary,45,10,1,0.005,0.001,,
ok,69,10000,0.1,0.01,0.6867678588270959,6.74641372832974e+16,6.74641372832974,0.6754114127871754,6.525140049349635e+16,6.525140049349635,28056509201.666363,40852973593.70164,11667.94300322394,1.0,0.0099999915900129,-8.409987041838039e-07,45,91,141,48.599970024006325,cone,Promweaver FAL-C tabulated boundary,45,10,1,0.005,0.001,,
ok,69,10000,0.2,0.02,0.6978852168097789,6.939544021242215e+16,6.939544021242215,0.6913984830645065,6.811139608214898e+16,6.811139608214899,56666077890.05101,81196845161.8547,46271.69124674757,1.0,0.0199999964010813,-1.799459345419585e-07,45,91,137,25.41948396500084,cone,Promweaver FAL-C tabulated boundary,45,10,1,0.005,0.001,,
ok,69,12000,0.01,0.001,0.9373067486505378,1.1291213987905936e+17,11.291213987905936,0.8515156062430971,9.318851133902502e+16,9.318851133902502,2795827641.339157,2982831015.955422,69.22773944811001,1.0,0.0009999793142066,-2.0685793315896803e-05,45,91,100,34.78385030099889,cone,Promweaver FAL-C tabulated boundary,45,10,1,0.005,0.001,,
ok,69,12000,0.02,0.002,0.8928203928330712,8.521863763991638e+16,8.521863763991638,0.8074081899361878,6.9693565739722056e+16,6.969356573972205,5446045952.24848,6099822535.378305,348.0390831794944,1.0,0.0019999768159391,-1.159203043429001e-05,45,91,118,41.19639026399818,cone,Promweaver FAL-C tabulated boundary,45,10,1,0.005,0.001,,
ok,69,12000,0.05,0.005,0.9107720888781082,7.223258499979683e+16,7.223258499979683,0.8265212207643524,5.948695628703595e+16,5.948695628703595,13764151821.708809,15112619270.82497,2622.8034808886155,1.0,0.0049999920841411,-1.5831717785699804e-06,45,91,136,46.780909927008906,cone,Promweaver FAL-C tabulated boundary,45,10,1,0.005,0.001,,
ok,69,12000,0.1,0.01,0.9445231715130712,7.380435648482814e+16,7.380435648482814,0.8621947974405128,6.149893009478477e+16,6.149893009478477,28073981238.157204,29722914254.37909,10678.887535892562,1.0,0.0099999966839455,-3.316054491761533e-07,45,91,144,49.83832676601014,cone,Promweaver FAL-C tabulated boundary,45,10,1,0.005,0.001,,
ok,69,12000,0.2,0.02,0.9682132203512216,7.949258095378187e+16,7.9492580953781875,0.8894980204347143,6.70925893000947e+16,6.709258930009471,56892539336.91527,58760341359.80643,40717.7750850026,1.0,0.0199999985939603,-7.030198454632819e-08,45,91,146,41.76794004399562,cone,Promweaver FAL-C tabulated boundary,45,10,1,0.005,0.001,,
ok,69,14000,0.01,0.001,0.9775317090310524,1.197982982654162e+17,11.97982982654162,0.8912289358476247,9.957893979768211e+16,9.957893979768214,2450565319.105346,2506890872.6596622,50.12817769662352,1.0,0.0009999846941271,-1.530587288227185e-05,45,91,80,29.16290820299764,cone,Promweaver FAL-C tabulated boundary,45,10,1,0.005,0.001,,
ok,69,14000,0.02,0.002,0.9613729674539184,8.723488517947957e+16,8.723488517947956,0.87511649336855,7.228332465283883e+16,7.228332465283883,4858195096.806261,5053392659.534219,270.5575819819426,1.0,0.0019999864080994,-6.795950259572831e-06,45,91,97,33.793515889003174,cone,Promweaver FAL-C tabulated boundary,45,10,1,0.005,0.001,,
ok,69,14000,0.05,0.005,0.987810917217016,7.375047689501104e+16,7.375047689501104,0.9016174397979998,6.144149816788194e+16,6.144149816788194,12320479740.832924,12472508175.495483,2058.2134168483303,1.0,0.0049999949851665,-1.0029666845309813e-06,45,91,116,23.570804221002614,cone,Promweaver FAL-C tabulated boundary,45,10,1,0.005,0.001,,
ok,69,14000,0.1,0.01,1.012199397687138,7.456500478978558e+16,7.456500478978558,0.926073334229396,6.241567322306711e+16,6.241567322306711,24955884568.269875,24655107111.596527,8352.392336600846,1.0,0.0099999974520854,-2.5479145668305664e-07,45,91,127,23.73192719501094,cone,Promweaver FAL-C tabulated boundary,45,10,1,0.005,0.001,,
ok,69,14000,0.2,0.02,1.0304882404186178,7.997219049567235e+16,7.997219049567235,0.9444730526707804,6.717877097155442e+16,6.717877097155442,50374550619.86376,48884158638.62743,31730.97215951008,1.0,0.0199999985893984,-7.053008004020976e-08,45,91,134,46.45997112400073,cone,Promweaver FAL-C tabulated boundary,45,10,1,0.005,0.001,,
ok,70,6000,0.01,0.001,0.6410028064271995,5.88408455594421e+16,5.884084555944209,0.6403604172151449,5.872296843379559e+16,5.87229684337956,4480245468.12019,6989431907.626168,341.1337696419367,1.0,0.0010000259519328,2.595193286485109e-05,45,91,65,17.63458580400038,cone,Promweaver FAL-C tabulated boundary,45,10,1,0.005,0.001,,
ok,70,6000,0.02,0.002,0.4774606323682487,5.10400349704504e+16,5.10400349704504,0.4768860304102622,5.091726021261774e+16,5.091726021261774,7372431726.582615,15440920626.303102,1064.9042383021367,1.0,0.0020000486859633,2.4342981683796863e-05,45,91,66,23.231140595002216,cone,Promweaver FAL-C tabulated boundary,45,10,1,0.005,0.001,,
ok,70,6000,0.05,0.005,0.2640825632742964,4.6774827825049976e+16,4.677482782504997,0.263563377794109,4.659109029074886e+16,4.659109029074886,11805083986.71394,44702247056.16884,2979.380457681482,1.0,0.005000079563605,1.5912721010140348e-05,45,91,67,19.541386958007934,cone,Promweaver FAL-C tabulated boundary,45,10,1,0.005,0.001,,
ok,70,6000,0.1,0.01,0.1572256654856651,4.621548953718243e+16,4.621548953718243,0.1567323530107553,4.592593234818037e+16,4.592593234818037,15264629749.491709,97087391567.65372,5041.792778189684,1.0000000000000002,0.0100000994429571,9.94429571812838e-06,45,91,67,19.587864137007276,cone,Promweaver FAL-C tabulated boundary,45,10,1,0.005,0.001,,
ok,70,6000,0.2,0.02,0.0922966262839899,4.611993617978582e+16,4.611993617978582,0.0918225445036183,4.56473627282992e+16,4.56473627282992,18909007647.337196,204872143312.75305,7752.624999593327,1.0,0.0200000944875037,4.724375186893059e-06,45,91,67,19.3090215310076,cone,Promweaver FAL-C tabulated boundary,45,10,1,0.005,0.001,,
ok,70,8000,0.01,0.001,0.7374426985760146,7.873599284647107e+16,7.873599284647107,0.7363536255255128,7.850360616800269e+16,7.850360616800269,3661098481.8855214,4964587064.12718,170.23525848210875,1.0,0.000999973003578,-2.699642199306858e-05,45,91,102,29.66856936199474,cone,Promweaver FAL-C tabulated boundary,45,10,1,0.005,0.001,,
ok,70,8000,0.02,0.002,0.5996185905807223,6.625588968736962e+16,6.625588968736962,0.5985590692745439,6.602194928965315e+16,6.602194928965315,6440475338.768786,10740953399.278824,626.0533634822839,1.0,0.0019999456223758,-2.7188812079569427e-05,45,91,103,35.808158769999864,cone,Promweaver FAL-C tabulated boundary,45,10,1,0.005,0.001,,
ok,70,8000,0.05,0.005,0.3930239197381951,5.914444500316265e+16,5.9144445003162645,0.3919870736260022,5.883279578785701e+16,5.883279578785701,12027804352.203337,30603237482.88759,2446.012935401552,1.0,0.0049999330822981,-1.3383540374556354e-05,45,91,105,36.6460053010087,cone,Promweaver FAL-C tabulated boundary,45,10,1,0.005,0.001,,
ok,70,8000,0.1,0.01,0.2863666458412368,5.78658089691542e+16,5.78658089691542,0.2853425751678348,5.745268319585322e+16,5.745268319585322,18889710875.61401,65963376496.32061,6166.355976367604,1.0,0.0099999583608064,-4.163919354975564e-06,45,91,105,36.92714760301169,cone,Promweaver FAL-C tabulated boundary,45,10,1,0.005,0.001,,
ok,70,8000,0.2,0.02,0.23244317954365,5.755967805300066e+16,5.755967805300066,0.2314320221040516,5.7059983426847e+16,5.7059983426847,31919630847.42972,137322294894.16188,17700.982144097878,1.0,0.0199999834450742,-8.27746287138109e-07,45,91,105,20.7105651400052,cone,Promweaver FAL-C tabulated boundary,45,10,1,0.005,0.001,,
ok,70,10000,0.01,0.001,0.8480936888876157,9.990904644822614e+16,9.990904644822614,0.8003266943494335,8.897167292662282e+16,8.897167292662282,3175664260.3485813,3744473401.887797,100.9402436813504,1.0,0.000999975091815,-2.4908184931499502e-05,45,91,117,28.65003691500169,cone,Promweaver FAL-C tabulated boundary,45,10,1,0.005,0.001,,
ok,70,10000,0.02,0.002,0.7436570852074768,7.903260205971603e+16,7.903260205971603,0.708881436572559,7.181382318415188e+16,7.181382318415188,5887099296.0053,7916416602.637259,438.5271042302137,1.0,0.0019999597445517,-2.0127724101575567e-05,45,91,131,47.26090846999432,cone,Promweaver FAL-C tabulated boundary,45,10,1,0.005,0.001,,
ok,70,10000,0.05,0.005,0.6718455592168292,6.713733305934885e+16,6.713733305934885,0.6522175189145799,6.327178746606958e+16,6.3271787466069584,13839877704.031303,20599790404.45613,2852.9911173746063,1.0,0.0049999761467143,-4.770657134611777e-06,45,91,141,48.89346989500336,cone,Promweaver FAL-C tabulated boundary,45,10,1,0.005,0.001,,
ok,70,10000,0.1,0.01,0.6862293844108974,6.721517152904274e+16,6.7215171529042745,0.6748685859726885,6.500804652378906e+16,6.500804652378906,28043028185.72752,40865385281.92204,11699.9095879077,1.0,0.0099999915902471,-8.409752842025717e-07,45,91,141,35.55605280501186,cone,Promweaver FAL-C tabulated boundary,45,10,1,0.005,0.001,,
ok,70,10000,0.2,0.02,0.6972998582302787,6.913004653520783e+16,6.913004653520783,0.6908105241844322,6.7849333503924616e+16,6.784933350392461,56637131713.43998,81223495236.58722,46401.8881730658,0.9999999999999998,0.0199999963922732,-1.803863400665073e-07,45,91,137,35.707254142005695,cone,Promweaver FAL-C tabulated boundary,45,10,1,0.005,0.001,,
ok,70,12000,0.01,0.001,0.9369219724512284,1.1276918270238803e+17,11.276918270238804,0.8511307410200086,9.30628049051051e+16,9.30628049051051,2795211333.623099,2983398207.974682,69.28494303479215,0.9999999999999998,0.0009999792729113,-2.072708869143604e-05,45,91,100,19.863176228987868,cone,Promweaver FAL-C tabulated boundary,45,10,1,0.005,0.001,,
ok,70,12000,0.02,0.002,0.8923667501320384,8.498406449440626e+16,8.498406449440626,0.806954330967916,6.949421471592199e+16,6.949421471592199,5444531141.371408,6101225914.755131,348.8056205091742,1.0000000000000002,0.0019999783860284,-1.0806985781524475e-05,45,91,119,24.303898511003357,cone,Promweaver FAL-C tabulated boundary,45,10,1,0.005,0.001,,
ok,70,12000,0.05,0.005,0.9104839535636364,7.197901456646689e+16,7.197901456646689,0.8262327595722758,5.9274257874390376e+16,5.927425787439038,13761783021.342731,15114800175.751677,2631.137326166554,1.0,0.0049999920842235,-1.5831552865538945e-06,45,91,136,36.37981216599292,cone,Promweaver FAL-C tabulated boundary,45,10,1,0.005,0.001,,
ok,70,12000,0.1,0.01,0.9443009659931932,7.354062759603037e+16,7.354062759603037,0.861972128310046,6.127635313880986e+16,6.127635313880987,28070448227.6095,29726167015.07413,10714.486528823669,1.0,0.0099999966825959,-3.317404099686949e-07,45,91,144,34.555447438004194,cone,Promweaver FAL-C tabulated boundary,45,10,1,0.005,0.001,,
ok,70,12000,0.2,0.02,0.9680157841416084,7.920868248422896e+16,7.920868248422896,0.8892998493486015,6.685045220447897e+16,6.685045220447897,56886405016.41187,58765989096.81633,40854.90345500411,1.0,0.0199999985935424,-7.032287720892816e-08,45,91,146,42.08950025799277,cone,Promweaver FAL-C tabulated boundary,45,10,1,0.005,0.001,,
ok,70,14000,0.01,0.001,0.9772552376012016,1.1960925073425226e+17,11.960925073425226,0.8909524533399813,9.941634959736648e+16,9.941634959736648,2450200421.353959,2507226696.8538227,50.19245641912472,1.0,0.0009999846669478,-1.5333052174508824e-05,45,91,80,20.775684767009807,cone,Promweaver FAL-C tabulated boundary,45,10,1,0.005,0.001,,
ok,70,14000,0.02,0.002,0.9611088052511928,8.696562855745776e+16,8.696562855745777,0.8748523218937312,7.205631124483658e+16,7.205631124483658,4857486875.9424095,5054044713.150734,271.31614111618285,1.0,0.0019999864101201,-6.794939935370059e-06,45,91,97,34.5968433550006,cone,Promweaver FAL-C tabulated boundary,45,10,1,0.005,0.001,,
ok,70,14000,0.05,0.005,0.9876421159933372,7.348630260079339e+16,7.348630260079339,0.9014486316035863,6.1219413113926536e+16,6.1219413113926535,12319377046.919708,12473523402.279474,2065.242711265944,1.0000000000000002,0.0049999949851218,-1.0029756383062023e-06,45,91,116,40.58332076300576,cone,Promweaver FAL-C tabulated boundary,45,10,1,0.005,0.001,,
ok,70,14000,0.1,0.01,1.0120752217712767,7.429622745266845e+16,7.429622745266845,0.9259491507692876,6.2189269129971256e+16,6.218926912997126,24954299734.322124,24656566228.98891,8381.543674301642,1.0,0.0099999974508778,-2.549122159883898e-07,45,91,127,46.62572351300332,cone,Promweaver FAL-C tabulated boundary,45,10,1,0.005,0.001,,
ok,70,14000,0.2,0.02,1.030391625682619,7.968746076445302e+16,7.968746076445302,0.9443764279246336,6.6938445750244696e+16,6.693844575024469,50372126937.16879,48886390069.21082,31841.28528921712,1.0,0.0199999985887924,-7.056037715919004e-08,45,91,134,46.394901797000784,cone,Promweaver FAL-C tabulated boundary,45,10,1,0.005,0.001,,
ok,71,6000,0.01,0.001,0.6393277498022848,5.86139160046729e+16,5.86139160046729,0.6386851265624967,5.8496143127771176e+16,5.849614312777118,4472875890.920049,6996217342.83129,341.32881914900247,1.0,0.0010000259898238,2.5989823855760225e-05,45,91,65,23.00734292100242,cone,Promweaver FAL-C tabulated boundary,45,10,1,0.005,0.001,,
ok,71,6000,0.02,0.002,0.4753731048643159,5.081393984925852e+16,5.081393984925852,0.474798112830316,5.06910892289265e+16,5.06910892289265,7350011246.9071455,15461563078.973589,1063.1465595842758,1.0,0.0020000487211036,2.436055180948977e-05,45,91,66,17.188175153001794,cone,Promweaver FAL-C tabulated boundary,45,10,1,0.005,0.001,,
ok,71,6000,0.05,0.005,0.2626500904261524,4.657729928026082e+16,4.6577299280260815,0.2621304369991004,4.63931751531023e+16,4.63931751531023,11753518313.082972,44749721174.71108,2965.9339392939405,1.0,0.0050000794459055,1.588918111007642e-05,45,91,67,25.60213026900601,cone,Promweaver FAL-C tabulated boundary,45,10,1,0.005,0.001,,
ok,71,6000,0.1,0.01,0.1563774368024457,4.602706428799696e+16,4.602706428799696,0.1558836764556165,4.573686308525653e+16,4.5736863085256525,15192641779.81501,97153669291.86934,5014.796572849713,1.0,0.0100000994358405,9.943584050424446e-06,45,91,67,16.503297269999166,cone,Promweaver FAL-C tabulated boundary,45,10,1,0.005,0.001,,
ok,71,6000,0.2,0.02,0.0918126299604939,4.593316884465747e+16,4.593316884465748,0.0913381349853391,4.545962313481724e+16,4.545962313481724,18817578870.244766,204956321132.9615,7709.053902538844,1.0,0.0200000946023224,4.730116121530458e-06,45,91,67,23.534974120004332,cone,Promweaver FAL-C tabulated boundary,45,10,1,0.005,0.001,,
ok,71,8000,0.01,0.001,0.7360653009124487,7.850499428790072e+16,7.850499428790072,0.7349761571155258,7.827284105751218e+16,7.827284105751217,3657021634.446372,4968338583.428696,170.3561328310293,1.0,0.0009999727698749,-2.7230125026990112e-05,45,91,102,29.83373930900416,cone,Promweaver FAL-C tabulated boundary,45,10,1,0.005,0.001,,
ok,71,8000,0.02,0.002,0.597702701232063,6.597360001256776e+16,6.597360001256776,0.5966430908685674,6.573989069515387e+16,6.573989069515387,6427211460.456242,10753191255.7993,626.1451118258033,1.0,0.0019999487516257,-2.5624187103331225e-05,45,91,104,36.28831678999995,cone,Promweaver FAL-C tabulated boundary,45,10,1,0.005,0.001,,
ok,71,8000,0.05,0.005,0.3912543366202811,5.888378487172062e+16,5.888378487172062,0.3902173880471627,5.857207692374981e+16,5.857207692374981,11987990179.221678,30639890877.0594,2440.602431555552,1.0,0.0049999327614988,-1.344770023913033e-05,45,91,105,19.940181921003383,cone,Promweaver FAL-C tabulated boundary,45,10,1,0.005,0.001,,
ok,71,8000,0.1,0.01,0.2852408993833242,5.762411236603836e+16,5.762411236603836,0.2842167470754372,5.721105855718829e+16,5.721105855718829,18830897810.6385,66017523613.72406,6153.72103438595,1.0000000000000002,0.0099999582613044,-4.173869556228781e-06,45,91,105,37.56179580600292,cone,Promweaver FAL-C tabulated boundary,45,10,1,0.005,0.001,,
ok,71,8000,0.2,0.02,0.2317118520103275,5.732043464800199e+16,5.732043464800199,0.2307006335555242,5.682121977365201e+16,5.682121977365201,31836861155.18168,137398501108.0171,17682.799065265746,1.0,0.0199999836737683,-8.163115848211499e-07,45,91,105,34.60066189800273,cone,Promweaver FAL-C tabulated boundary,45,10,1,0.005,0.001,,
ok,71,10000,0.01,0.001,0.8470508528232807,9.964971497479e+16,9.964971497479,0.7992692975439822,8.872445781051944e+16,8.872445781051944,3173469692.1514144,3746492529.4319854,101.06310780268056,1.0,0.0009999748871115,-2.511288842653968e-05,45,91,117,40.54316142499738,cone,Promweaver FAL-C tabulated boundary,45,10,1,0.005,0.001,,
ok,71,10000,0.02,0.002,0.7423489440448051,7.870283409746933e+16,7.870283409746933,0.707552010862929,7.149751056008081e+16,7.149751056008081,5880947115.153725,7922079181.672245,439.44464475577263,1.0000000000000002,0.0019999595040232,-2.024798838665132e-05,45,91,131,37.646962943996186,cone,Promweaver FAL-C tabulated boundary,45,10,1,0.005,0.001,,
ok,71,10000,0.05,0.005,0.6709227228392187,6.684583556406079e+16,6.684583556406079,0.6512823468620339,6.298947200852162e+16,6.2989472008521625,13828126266.7166,20610609532.19556,2860.5682677869627,1.0,0.0049999761208598,-4.7758280347781615e-06,45,91,141,48.63850252899283,cone,Promweaver FAL-C tabulated boundary,45,10,1,0.005,0.001,,
ok,71,10000,0.1,0.01,0.6855664034726908,6.693825203079146e+16,6.693825203079147,0.6742002375693653,6.473708151222333e+16,6.473708151222333,28026418838.98134,40880677199.19673,11734.398928981424,1.0,0.0099999915966222,-8.403377790497377e-07,45,91,141,38.91039678599918,cone,Promweaver FAL-C tabulated boundary,45,10,1,0.005,0.001,,
ok,71,10000,0.2,0.02,0.6966455689689204,6.884186086282366e+16,6.884186086282367,0.6901533233770101,6.756472450324171e+16,6.756472450324171,56604754896.15285,81253305005.48718,46542.87720719987,1.0000000000000002,0.0199999965597817,-1.7201091089685813e-07,45,91,137,47.69048177899094,cone,Promweaver FAL-C tabulated boundary,45,10,1,0.005,0.001,,
ok,71,12000,0.01,0.001,0.9361261110225764,1.1247699301235293e+17,11.247699301235292,0.8503346947309325,9.280572710211872e+16,9.280572710211873,2793939509.874649,2984575984.9842157,69.40173075200613,0.9999999999999998,0.0009999805030243,-1.9496975624906307e-05,45,91,101,19.88719386899902,cone,Promweaver FAL-C tabulated boundary,45,10,1,0.005,0.001,,
ok,71,12000,0.02,0.002,0.891637150282124,8.460773589282661e+16,8.460773589282661,0.8062243842900098,6.91744351664885e+16,6.91744351664885,5442086388.640697,6103476494.803699,350.04251028468104,1.0,0.0019999783406518,-1.0829674074175344e-05,45,91,119,43.37201508000726,cone,Promweaver FAL-C tabulated boundary,45,10,1,0.005,0.001,,
ok,71,12000,0.05,0.005,0.9101040012479448,7.167389479040919e+16,7.167389479040919,0.8258523773859204,5.901790704749278e+16,5.901790704749279,13758658343.211905,15117677017.512152,2641.138450181798,1.0,0.0049999920872104,-1.5825579154429834e-06,45,91,136,40.162318607006455,cone,Promweaver FAL-C tabulated boundary,45,10,1,0.005,0.001,,
ok,71,12000,0.1,0.01,0.944040266531773,7.324622384463338e+16,7.324622384463337,0.8617108847872448,6.10277501908829e+16,6.1027750190882895,28066302192.06901,29729984182.962177,10754.374456318848,1.0,0.0099999966826911,-3.317308846020883e-07,45,91,144,41.1951407000015,cone,Promweaver FAL-C tabulated boundary,45,10,1,0.005,0.001,,
ok,71,12000,0.2,0.02,0.9677948594047168,7.889830249206477e+16,7.889830249206477,0.8890781021244636,6.65856839437322e+16,6.65856839437322,56879539513.409096,58772310020.73648,41005.72398985208,1.0,0.019999998593597,-7.032014640723226e-08,45,91,146,27.51117451900791,cone,Promweaver FAL-C tabulated boundary,45,10,1,0.005,0.001,,
ok,71,14000,0.01,0.001,0.9767408915449456,1.192162201336055e+17,11.921622013360553,0.8904380866634577,9.907955870879968e+16,9.907955870879968,2449521227.556601,2507851620.384304,50.33001581098639,1.0,0.0009999845838401,-1.5416159891397732e-05,45,91,80,15.021081287995912,cone,Promweaver FAL-C tabulated boundary,45,10,1,0.005,0.001,,
ok,71,14000,0.02,0.002,0.960710253478703,8.657664675998827e+16,8.657664675998827,0.8744537561249228,7.1728145803332056e+16,7.172814580333205,4856418004.239357,5055028804.631171,272.41521489372326,1.0,0.0019999864109342,-6.794532874483325e-06,45,91,97,33.8620057250082,cone,Promweaver FAL-C tabulated boundary,45,10,1,0.005,0.001,,
ok,71,14000,0.05,0.005,0.9874376784025478,7.317787331815269e+16,7.317787331815269,0.9012441855684102,6.096005439630499e+16,6.096005439630499,12318041327.003546,12474753188.405134,2073.4975649548933,1.0,0.0049999949886927,-1.0022614477939171e-06,45,91,116,30.008009956000024,cone,Promweaver FAL-C tabulated boundary,45,10,1,0.005,0.001,,
ok,71,14000,0.1,0.01,1.011934461748416,7.399822470488213e+16,7.399822470488213,0.92580838219336,6.193822357049059e+16,6.19382235704906,24952503016.53243,24658220428.04985,8414.085733451133,1.0,0.0099999974506549,-2.549345064911667e-07,45,91,127,44.091969069995685,cone,Promweaver FAL-C tabulated boundary,45,10,1,0.005,0.001,,
ok,71,14000,0.2,0.02,1.0302845611971316,7.937631193748394e+16,7.937631193748394,0.9442693523451664,6.667581316305466e+16,6.667581316305466,50369440853.75663,48888863087.71843,31962.69151328508,1.0,0.0199999985884228,-7.057885699490729e-08,45,91,134,46.38370926299831,cone,Promweaver FAL-C tabulated boundary,45,10,1,0.005,0.001,,
ok,72,6000,0.01,0.001,0.6370635160552542,5.831940858715663e+16,5.831940858715663,0.6364205750680013,5.820175307478473e+16,5.820175307478473,4462891419.754035,7005410461.092793,341.52266470172134,1.0,0.0010000260461967,2.604619674518964e-05,45,91,65,15.04990438200184,cone,Promweaver FAL-C tabulated boundary,45,10,1,0.005,0.001,,
ok,72,6000,0.02,0.002,0.4727764004195222,5.055454629384707e+16,5.055454629384707,0.4722009195204095,5.043154747628556e+16,5.043154747628556,7322038229.634733,15487317520.793043,1060.4831368599905,1.0,0.0020000487459012,2.4372950620200548e-05,45,91,66,23.40869412200118,cone,Promweaver FAL-C tabulated boundary,45,10,1,0.005,0.001,,
ok,72,6000,0.05,0.005,0.2609551257795469,4.636287814144323e+16,4.636287814144323,0.2604349135106435,4.617821422355244e+16,4.617821422355244,11692361775.74807,44806024563.8773,2948.7238362963044,1.0,0.0050000792530728,1.5850614570357687e-05,45,91,67,23.58503612599452,cone,Promweaver FAL-C tabulated boundary,45,10,1,0.005,0.001,,
ok,72,6000,0.1,0.01,0.155372099529272,4.582392458996778e+16,4.582392458996778,0.154877803454868,4.553282269761804e+16,4.553282269761804,15107192724.66668,97232339464.0136,4980.526527624997,1.0,0.0100000993487194,9.934871942826605e-06,45,91,67,17.167418844997883,cone,Promweaver FAL-C tabulated boundary,45,10,1,0.005,0.001,,
ok,72,6000,0.2,0.02,0.0912337212691359,4.573203733914476e+16,4.573203733914476,0.0907587277681074,4.52570841507323e+16,4.525708415073231,18708120041.047493,205057075177.9296,7653.141557519511,1.0000000000000002,0.0200000925879887,4.6293994384466455e-06,45,91,67,23.364352898002835,cone,Promweaver FAL-C tabulated boundary,45,10,1,0.005,0.001,,
ok,72,8000,0.01,0.001,0.7341741832609205,7.816592945955389e+16,7.816592945955389,0.733084941933945,7.793416320171035e+16,7.793416320171035,3651414136.9683113,4973498415.253623,170.5708010105728,1.0,0.000999972425244,-2.757475595950576e-05,45,91,102,19.53240004400141,cone,Promweaver FAL-C tabulated boundary,45,10,1,0.005,0.001,,
ok,72,8000,0.02,0.002,0.5952851664274432,6.562662264330236e+16,6.562662264330236,0.5942254431489112,6.539317433692867e+16,6.539317433692867,6410416890.222691,10768648795.15527,626.1703414147308,1.0,0.0019999481677669,-2.591611653079452e-05,45,91,104,36.339333077004994,cone,Promweaver FAL-C tabulated boundary,45,10,1,0.005,0.001,,
ok,72,8000,0.05,0.005,0.3891511844983022,5.859726508844866e+16,5.859726508844866,0.3881141131890404,5.828536282155298e+16,5.828536282155298,11940546695.10224,30683567648.640503,2433.1622843268724,1.0,0.0049999323485364,-1.3530292712789212e-05,45,91,105,30.660517186988727,cone,Promweaver FAL-C tabulated boundary,45,10,1,0.005,0.001,,
ok,72,8000,0.1,0.01,0.2839273448144069,5.736228926925406e+16,5.736228926925406,0.2829030966693996,5.694917482026238e+16,5.694917482026239,18762149790.039516,66080813041.4619,6136.754115435207,1.0,0.0099999576107281,-4.238927183049245e-06,45,91,105,30.373584451008355,cone,Promweaver FAL-C tabulated boundary,45,10,1,0.005,0.001,,
ok,72,8000,0.2,0.02,0.2308754276274796,5.706157875096343e+16,5.706157875096343,0.2298641390526148,5.656278733829569e+16,5.656278733829569,31742094428.77072,137485806761.50168,17657.425202382532,1.0,0.0199999903836089,-4.808195517083668e-07,45,91,106,19.911101296995184,cone,Promweaver FAL-C tabulated boundary,45,10,1,0.005,0.001,,
ok,72,10000,0.01,0.001,0.8456152119204517,9.923671002081005e+16,9.923671002081004,0.7978135714021148,8.833435112852482e+16,8.83343511285248,3170444540.736007,3749275670.592189,101.29032475759118,1.0,0.0009999745794132,-2.542058673347773e-05,45,91,117,40.325943702991935,cone,Promweaver FAL-C tabulated boundary,45,10,1,0.005,0.001,,
ok,72,10000,0.02,0.002,0.7406431782204028,7.827975664151966e+16,7.827975664151967,0.7058184047445673,7.109144964753557e+16,7.109144964753557,5872911630.263902,7929475087.281805,440.61316100968673,1.0,0.001999959174766,-2.0412616977358997e-05,45,91,131,45.2337043180014,cone,Promweaver FAL-C tabulated boundary,45,10,1,0.005,0.001,,
ok,72,10000,0.05,0.005,0.6698404569008014,6.652091460540354e+16,6.652091460540354,0.6501855766768697,6.267439136336792e+16,6.267439136336792,13814328913.177153,20623312269.152702,2868.807268412701,1.0,0.00499997609161,-4.781677989847132e-06,45,91,141,48.66304170900548,cone,Promweaver FAL-C tabulated boundary,45,10,1,0.005,0.001,,
ok,72,10000,0.1,0.01,0.6848245174526387,6.663711888651294e+16,6.663711888651294,0.6734523338671847,6.444234505884024e+16,6.444234505884024,28007817978.212807,40897802669.79092,11771.785470446972,1.0,0.0099999916042598,-8.395740149977347e-07,45,91,141,38.073479665996274,cone,Promweaver FAL-C tabulated boundary,45,10,1,0.005,0.001,,
ok,72,10000,0.2,0.02,0.695924857193831,6.852879453135834e+16,6.8528794531358335,0.6894293984699529,6.725552875834983e+16,6.725552875834984,56569063160.74336,81286165562.25063,46696.5591437603,1.0,0.0199999965492506,-1.7253746886075613e-07,45,91,137,47.26561514700006,cone,Promweaver FAL-C tabulated boundary,45,10,1,0.005,0.001,,
ok,72,12000,0.01,0.001,0.9350939684656906,1.1195864544429197e+17,11.195864544429195,0.8493023130496911,9.23574083682413e+16,9.23574083682413,2792283594.028692,2986099459.726269,69.64042516360487,1.0,0.0009999803065148,-1.969348519025374e-05,45,91,101,29.747496284995577,cone,Promweaver FAL-C tabulated boundary,45,10,1,0.005,0.001,,
ok,72,12000,0.02,0.002,0.8907014044592759,8.412316453302358e+16,8.412316453302358,0.8052881932665006,6.8762869360891176e+16,6.876286936089118,5438948221.099519,6106365381.1137495,351.6529355025486,1.0,0.0019999782761804,-1.086190975141052e-05,45,91,119,27.65046248100407,cone,Promweaver FAL-C tabulated boundary,45,10,1,0.005,0.001,,
ok,72,12000,0.05,0.005,0.9096624744002738,7.132913073371124e+16,7.132913073371124,0.8254103507912615,5.8728132907354136e+16,5.872813290735413,13755025794.210705,15121021457.193975,2652.5030187979382,1.0000000000000002,0.0049999920923454,-1.581530920113927e-06,45,91,136,31.85349489700457,cone,Promweaver FAL-C tabulated boundary,45,10,1,0.005,0.001,,
ok,72,12000,0.1,0.01,0.9437485419851572,7.292350560973738e+16,7.292350560973738,0.8614185511186532,6.075519110723454e+16,6.075519110723454,28061662407.15846,29734257759.09681,10798.39607913998,1.0,0.009999997010954,-2.989045936110934e-07,45,91,145,32.83176203900075,cone,Promweaver FAL-C tabulated boundary,45,10,1,0.005,0.001,,
ok,72,12000,0.2,0.02,0.9675513701425148,7.856003359683614e+16,7.856003359683615,0.8888337061436243,6.629711453000662e+16,6.629711453000662,56871971079.86467,58779278118.83286,41171.33033709933,1.0,0.0199999985938086,-7.030956719611403e-08,45,91,146,50.16761571299867,cone,Promweaver FAL-C tabulated boundary,45,10,1,0.005,0.001,,
ok,72,14000,0.01,0.001,0.9760449527700852,1.1862049099909192e+17,11.862049099909193,0.8897421199600442,9.857082195104685e+16,9.857082195104685,2448601683.5425453,2508697654.337784,50.54481021068517,1.0,0.0009999844640034,-1.55359965502231e-05,45,91,80,28.181415689003188,cone,Promweaver FAL-C tabulated boundary,45,10,1,0.005,0.001,,
ok,72,14000,0.02,0.002,0.9602106585165808,8.608476217176923e+16,8.608476217176923,0.8739541436057654,7.131329950444652e+16,7.131329950444652,4855077557.235126,5056262929.56973,273.82056350152016,1.0,0.0019999864117093,-6.794145344414526e-06,45,91,97,33.96159332100069,cone,Promweaver FAL-C tabulated boundary,45,10,1,0.005,0.001,,
ok,72,14000,0.05,0.005,0.987203417820136,7.28294691072728e+16,7.28294691072728,0.9010099153070844,6.0667064908908136e+16,6.066706490890813,12316510434.250357,12476162675.213072,2082.899012397845,1.0,0.0049999949941895,-1.001162081883111e-06,45,91,116,22.598271031994955,cone,Promweaver FAL-C tabulated boundary,45,10,1,0.005,0.001,,
ok,72,14000,0.1,0.01,1.0117777908851633,7.367052455638765e+16,7.367052455638765,0.9256517018086792,6.166215316822794e+16,6.166215316822794,24950502924.039787,24660061872.095062,8450.158321949146,1.0000000000000002,0.0099999974508919,-2.5491080860723375e-07,45,91,127,24.218354223994535,cone,Promweaver FAL-C tabulated boundary,45,10,1,0.005,0.001,,
ok,72,14000,0.2,0.02,1.0301665050006867,7.903637855371086e+16,7.903637855371087,0.9441512839143922,6.638888254259344e+16,6.638888254259344,50366478690.45856,48891590287.55743,32096.386779063912,1.0000000000000002,0.0199999985881395,-7.05930204916716e-08,45,91,134,46.2080603249924,cone,Promweaver FAL-C tabulated boundary,45,10,1,0.005,0.001,,
ok,73,6000,0.01,0.001,0.6354489690098561,5.809658048842938e+16,5.8096580488429375,0.6348058004595948,5.797903530271731e+16,5.797903530271731,4455755745.716083,7011980446.925505,341.73714009615406,1.0,0.0010000260751196,2.607511968930748e-05,45,91,65,13.050001387993689,cone,Promweaver FAL-C tabulated boundary,45,10,1,0.005,0.001,,
ok,73,6000,0.02,0.002,0.4708413925754329,5.033767728776725e+16,5.033767728776724,0.4702655447274198,5.021462473601323e+16,5.021462473601323,7301132667.200748,15506565018.136215,1058.9789020126311,1.0,0.0020000487627746,2.43813873279132e-05,45,91,66,23.27563180300058,cone,Promweaver FAL-C tabulated boundary,45,10,1,0.005,0.001,,
ok,73,6000,0.05,0.005,0.2596253172105939,4.61672198436153e+16,4.616721984361529,0.2591046625326194,4.598223729211676e+16,4.598223729211676,11644272684.372168,44850297380.38593,2936.912528138017,1.0,0.0050000790916289,1.5818325784476558e-05,45,91,67,24.2025124339998,cone,Promweaver FAL-C tabulated boundary,45,10,1,0.005,0.001,,
ok,73,6000,0.1,0.01,0.1545796591833406,4.563544213701258e+16,4.563544213701259,0.1540849370257894,4.534380303494737e+16,4.5343803034947365,15039741368.935093,97294439956.66382,4956.538380089526,1.0000000000000002,0.010000099299591,9.929959105328677e-06,45,91,67,19.42569004499819,cone,Promweaver FAL-C tabulated boundary,45,10,1,0.005,0.001,,
ok,73,6000,0.2,0.02,0.090780041843068,4.554511894546522e+16,4.554511894546523,0.0903046541676536,4.506935585111666e+16,4.506935585111666,18622265581.49219,205136120268.4242,7614.180913719127,1.0,0.0200000926512251,4.6325612595987656e-06,45,91,67,19.90866656099388,cone,Promweaver FAL-C tabulated boundary,45,10,1,0.005,0.001,,
ok,73,8000,0.01,0.001,0.7328107079081979,7.792264255261123e+16,7.792264255261123,0.7317213959717501,7.769115309485691e+16,7.7691153094856915,3647364058.151899,4977225385.479518,170.72399160123825,1.0,0.0009999722030855,-2.7796914408044143e-05,45,91,102,35.506686980006634,cone,Promweaver FAL-C tabulated boundary,45,10,1,0.005,0.001,,
ok,73,8000,0.02,0.002,0.5935199621535977,6.535166151397542e+16,6.535166151397543,0.5924601559172579,6.51184822902496e+16,6.51184822902496,6398123629.884126,10779963670.755775,626.3954891877918,1.0,0.0019999477755218,-2.611223907434713e-05,45,91,104,36.58666437398642,cone,Promweaver FAL-C tabulated boundary,45,10,1,0.005,0.001,,
ok,73,8000,0.05,0.005,0.387507816330905,5.834203113835207e+16,5.834203113835208,0.3864706483806313,5.803014320272121e+16,5.803014320272121,11903381038.37308,30717783065.84767,2428.617540049224,1.0,0.0049999320824443,-1.358351112267647e-05,45,91,105,36.7383447720058,cone,Promweaver FAL-C tabulated boundary,45,10,1,0.005,0.001,,
ok,73,8000,0.1,0.01,0.2828537161871911,5.712102143124998e+16,5.712102143124999,0.2818293892005284,5.670805419617814e+16,5.670805419617815,18705867141.878178,66132654695.25857,6125.756451164719,1.0,0.0099999604189927,-3.958100724781032e-06,45,91,106,30.757138101995224,cone,Promweaver FAL-C tabulated boundary,45,10,1,0.005,0.001,,
ok,73,8000,0.2,0.02,0.230166403048927,5.682258125894326e+16,5.682258125894326,0.2291550548121809,5.632432294621928e+16,5.632432294621928,31661658723.78349,137559862362.07153,17641.94112500932,1.0,0.0199999904010972,-4.799451393602826e-07,45,91,106,30.403407855003024,cone,Promweaver FAL-C tabulated boundary,45,10,1,0.005,0.001,,
ok,73,10000,0.01,0.001,0.8445658868646666,9.894440194677405e+16,9.894440194677404,0.7967495353619695,8.805779252512794e+16,8.805779252512794,3168230655.485362,3751312603.030863,101.44773518118647,1.0,0.0009999743777226,-2.5622277316766223e-05,45,91,117,30.024003497004745,cone,Promweaver FAL-C tabulated boundary,45,10,1,0.005,0.001,,
ok,73,10000,0.02,0.002,0.7393459973911807,7.795763751326093e+16,7.795763751326093,0.7044999455822204,7.078237735501039e+16,7.078237735501039,5866798884.7796,7935119559.016879,441.51324042620297,1.0000000000000002,0.0019999616635266,-1.9168236663289623e-05,45,91,132,45.93835046900495,cone,Promweaver FAL-C tabulated boundary,45,10,1,0.005,0.001,,
ok,73,10000,0.05,0.005,0.6689542649549384,6.623513043885024e+16,6.623513043885024,0.6492874704292023,6.239784434628129e+16,6.239784434628128,13803022979.437696,20633731934.37594,2876.471173356873,1.0000000000000002,0.0049999776708191,-4.465836169094405e-06,45,91,142,49.18053668300854,cone,Promweaver FAL-C tabulated boundary,45,10,1,0.005,0.001,,
ok,73,10000,0.1,0.01,0.6841708498012025,6.636169753362727e+16,6.636169753362728,0.6727933540953942,6.417291091229539e+16,6.417291091229539,27991416038.496803,40912903621.41296,11806.801226613972,0.9999999999999998,0.0099999916090782,-8.39092174562128e-07,45,91,141,48.79820403999474,cone,Promweaver FAL-C tabulated boundary,45,10,1,0.005,0.001,,
ok,73,10000,0.2,0.02,0.6952682294408233,6.824139366336702e+16,6.824139366336702,0.6887698377183311,6.697170558795317e+16,6.6971705587953165,56536519909.26178,81316127381.12866,46839.28495390937,1.0,0.019999996539435,-1.730282484999068e-07,45,91,137,31.336291940999217,cone,Promweaver FAL-C tabulated boundary,45,10,1,0.005,0.001,,
ok,73,12000,0.01,0.001,0.9343276221302153,1.1158334875515016e+17,11.158334875515015,0.848535789000449,9.20325261982824e+16,9.20325261982824,2791053057.7831507,2987231664.434478,69.81307926556674,1.0,0.0009999801762244,-1.9823775578107355e-05,45,91,101,21.24628932599444,cone,Promweaver FAL-C tabulated boundary,45,10,1,0.005,0.001,,
ok,73,12000,0.02,0.002,0.889982790906656,8.374241365287056e+16,8.374241365287055,0.8045692375234607,6.843985849572337e+16,6.843985849572337,5436536247.615163,6108585809.930973,352.93855386290767,1.0,0.0019999782358297,-1.0882085136427674e-05,45,91,119,26.318499553002766,cone,Promweaver FAL-C tabulated boundary,45,10,1,0.005,0.001,,
ok,73,12000,0.05,0.005,0.909285395564744,7.102676023393818e+16,7.102676023393818,0.8250328447265194,5.847416791200359e+16,5.847416791200359,13751923713.769518,15123880555.926443,2662.5937211053138,1.0,0.0049999926463822,-1.4707235582167575e-06,45,91,137,36.81204094100394,cone,Promweaver FAL-C tabulated boundary,45,10,1,0.005,0.001,,
ok,73,12000,0.1,0.01,0.9434879399362226,7.263031230313093e+16,7.263031230313093,0.8611574049000964,6.050764996755134e+16,6.050764996755135,28057515664.43932,29738075577.665497,10838.782875869889,1.0000000000000002,0.0099999970109766,-2.989023350011277e-07,45,91,145,31.1629325440008,cone,Promweaver FAL-C tabulated boundary,45,10,1,0.005,0.001,,
ok,73,12000,0.2,0.02,0.9673287517828882,7.825051860641192e+16,7.825051860641192,0.8886102585789529,6.603309859214306e+16,6.603309859214306,56865049810.04807,58785650385.393616,41324.12088108872,1.0,0.0199999985937396,-7.031301894888653e-08,45,91,146,50.1053251500125,cone,Promweaver FAL-C tabulated boundary,45,10,1,0.005,0.001,,
ok,73,14000,0.01,0.001,0.9755207669965444,1.1817913634982486e+17,11.817913634982489,0.8892179131278182,9.819382537941062e+16,9.819382537941062,2447908691.1156764,2509335294.4728727,50.70486335508361,1.0,0.0009999843835195,-1.5616480405046887e-05,45,91,80,23.47752049101109,cone,Promweaver FAL-C tabulated boundary,45,10,1,0.005,0.001,,
ok,73,14000,0.02,0.002,0.9598122744407468,8.568750943208946e+16,8.568750943208945,0.8735557455198428,7.09783942112152e+16,7.09783942112152,4854008199.860029,5057247473.406517,274.96884622351735,1.0,0.0019999864136169,-6.7931915487783046e-06,45,91,97,26.20958020001126,cone,Promweaver FAL-C tabulated boundary,45,10,1,0.005,0.001,,
ok,73,14000,0.05,0.005,0.9869966121430742,7.252141356375728e+16,7.252141356375728,0.900803101076849,6.040803124746244e+16,6.040803124746244,12315159570.821716,12477408148.424849,2091.287907970339,1.0000000000000002,0.0049999953640674,-9.271865025750612e-07,45,91,117,40.58123446701211,cone,Promweaver FAL-C tabulated boundary,45,10,1,0.005,0.001,,
ok,73,14000,0.1,0.01,1.0116354446815785,7.337289419145154e+16,7.337289419145153,0.9255093469504097,6.141142767134989e+16,6.141142767134989,24948685912.11681,24661735651.195614,8483.19990100614,1.0,0.0099999976387084,-2.361291526892239e-07,45,91,128,33.01764385899878,cone,Promweaver FAL-C tabulated boundary,45,10,1,0.005,0.001,,
ok,73,14000,0.2,0.02,1.0300583876109497,7.872575357225235e+16,7.8725753572252355,0.9440431553190192,6.612669789351663e+16,6.612669789351664,50363765612.68903,48894088158.92414,32219.556772637803,1.0,0.0199999985877121,-7.061439349920205e-08,45,91,134,46.96686678699916,cone,Promweaver FAL-C tabulated boundary,45,10,1,0.005,0.001,,
ok,74,6000,0.01,0.001,0.634070285930111,5.789713188612597e+16,5.7897131886125965,0.6334269224057237,5.777970009274914e+16,5.777970009274914,4449651862.684188,7017600353.495575,341.9755185460826,1.0,0.0010000260922489,2.609224899986426e-05,45,91,65,23.0371874350094,cone,Promweaver FAL-C tabulated boundary,45,10,1,0.005,0.001,,
ok,74,6000,0.02,0.002,0.4692038086482546,5.014002421672534e+16,5.014002421672535,0.4686276484637894,5.001696064351127e+16,5.001696064351127,7283399775.081798,15522891419.114424,1057.995346279993,1.0,0.002000048771927,2.4385963501120933e-05,45,91,66,15.40160823900078,cone,Promweaver FAL-C tabulated boundary,45,10,1,0.005,0.001,,
ok,74,6000,0.05,0.005,0.2584728911506257,4.597945569619689e+16,4.5979455696196885,0.2579518502245292,4.579426775553088e+16,4.579426775553088,11602521170.580034,44888735212.926575,2927.7966751766617,1.0,0.0050000789202754,1.5784055087258993e-05,45,91,67,23.561216079004225,cone,Promweaver FAL-C tabulated boundary,45,10,1,0.005,0.001,,
ok,74,6000,0.1,0.01,0.1538894326656008,4.545200350772045e+16,4.545200350772045,0.1533943366174246,4.516001583561126e+16,4.516001583561127,14980920009.54355,97348594702.38509,4937.691344985952,1.0000000000000002,0.0100000992242289,9.922422890794312e-06,45,91,67,23.51096808500006,cone,Promweaver FAL-C tabulated boundary,45,10,1,0.005,0.001,,
ok,74,6000,0.2,0.02,0.0903867348529455,4.5362938028574056e+16,4.536293802857406,0.0899110030037196,4.488667783538739e+16,4.488667783538739,18547782422.310265,205204695716.54,7583.729091106571,1.0000000000000002,0.0200000926851036,4.634255183766366e-06,45,91,67,23.753740995991397,cone,Promweaver FAL-C tabulated boundary,45,10,1,0.005,0.001,,
ok,74,8000,0.01,0.001,0.7316309300271708,7.77035813264631e+16,7.770358132646311,0.7305415567963142,7.747235768940664e+16,7.747235768940664,3643854793.1850014,4980454821.735979,170.87600760681283,0.9999999999999998,0.0009999720267455,-2.7973254421382116e-05,45,91,102,35.566693238011794,cone,Promweaver FAL-C tabulated boundary,45,10,1,0.005,0.001,,
ok,74,8000,0.02,0.002,0.592013922912128,6.510363865774659e+16,6.510363865774659,0.5909540455533308,6.487073837214372e+16,6.487073837214372,6387614919.067488,10789636310.657503,626.7180329012014,1.0000000000000002,0.0019999474746157,-2.6262692131477985e-05,45,91,104,36.21171440300532,cone,Promweaver FAL-C tabulated boundary,45,10,1,0.005,0.001,,
ok,74,8000,0.05,0.005,0.3860891713024688,5.810136013300529e+16,5.810136013300529,0.3850519194003394,5.77895938520416e+16,5.77895938520416,11871230983.912884,30747381346.81524,2425.521962838839,1.0,0.0049999318910737,-1.3621785249773309e-05,45,91,105,30.72369431500556,cone,Promweaver FAL-C tabulated boundary,45,10,1,0.005,0.001,,
ok,74,8000,0.1,0.01,0.2818971792691308,5.688727014766758e+16,5.688727014766759,0.2808727817008359,5.647457146733803e+16,5.647457146733803,18655643559.800568,66178894049.84001,6117.942304612378,1.0,0.0099999603665993,-3.963340067074383e-06,45,91,106,30.9680811779981,cone,Promweaver FAL-C tabulated boundary,45,10,1,0.005,0.001,,
ok,74,8000,0.2,0.02,0.229512322378575,5.659044140538605e+16,5.6590441405386045,0.2285009188959043,5.609278047754774e+16,5.609278047754774,31587379187.320534,137628249585.73645,17631.290711731534,1.0,0.0199999903558944,-4.822052786582208e-07,45,91,106,19.928579507002723,cone,Promweaver FAL-C tabulated boundary,45,10,1,0.005,0.001,,
ok,74,10000,0.01,0.001,0.843648580168687,9.867859387391085e+16,9.867859387391086,0.7958193475094782,8.780692713571186e+16,8.780692713571186,3166293368.42766,3753095119.053672,101.59664119007624,1.0,0.0009999742122774,-2.5787722557389998e-05,45,91,117,41.301228897005785,cone,Promweaver FAL-C tabulated boundary,45,10,1,0.005,0.001,,
ok,74,10000,0.02,0.002,0.7382460646859784,7.766230483627542e+16,7.766230483627543,0.7033819593777494,7.050021548420585e+16,7.050021548420585,5861602152.39466,7939903011.725448,442.40741844310025,1.0,0.0019999615032118,-1.9248394069609764e-05,45,91,132,38.16774010099471,cone,Promweaver FAL-C tabulated boundary,45,10,1,0.005,0.001,,
ok,74,10000,0.05,0.005,0.6681653856686647,6.596544226027331e+16,6.596544226027331,0.648487968881186,6.213730001814673e+16,6.213730001814673,13792945006.118307,20643010401.257256,2884.015105836353,1.0,0.0049999776542771,-4.469144580278305e-06,45,91,142,49.115042719990015,cone,Promweaver FAL-C tabulated boundary,45,10,1,0.005,0.001,,
ok,74,10000,0.1,0.01,0.6835537956932065,6.609601739371914e+16,6.6096017393719135,0.6721712767868141,6.3913086929977976e+16,6.391308692997797,27975921691.270267,40927168962.46518,11841.139985999502,1.0,0.009999991612497,-8.387502921369803e-07,45,91,141,40.35535684200295,cone,Promweaver FAL-C tabulated boundary,45,10,1,0.005,0.001,,
ok,74,10000,0.2,0.02,0.694633960584024,6.796310427851698e+16,6.796310427851698,0.6881327306772512,6.669689463365496e+16,6.669689463365496,56505062003.23064,81345089945.96686,46978.7551037186,1.0,0.0199999965297085,-1.735145737161159e-07,45,91,137,47.21092980200774,cone,Promweaver FAL-C tabulated boundary,45,10,1,0.005,0.001,,
ok,74,12000,0.01,0.001,0.9336509790419298,1.1124102790983426e+17,11.124102790983423,0.847858988882769,9.173670499679555e+16,9.173670499679556,2789965803.492969,2988232076.140385,69.9733662203245,1.0,0.0009999800681884,-1.9931811549118647e-05,45,91,101,35.15264403598849,cone,Promweaver FAL-C tabulated boundary,45,10,1,0.005,0.001,,
ok,74,12000,0.02,0.002,0.8893397880215217,8.339309521099045e+16,8.339309521099045,0.8039259282356058,6.8143858315001896e+16,6.814385831500189,5434376582.089368,6110573995.771634,354.1354204594772,1.0000000000000002,0.0019999782047703,-1.0897614836349531e-05,45,91,119,22.108893071010243,cone,Promweaver FAL-C tabulated boundary,45,10,1,0.005,0.001,,
ok,74,12000,0.05,0.005,0.9089359351894354,7.0739058131956776e+16,7.073905813195678,0.8246829884968595,5.823268265211083e+16,5.823268265211083,13749046383.806503,15126529661.236252,2672.304119619943,1.0,0.0049999926478904,-1.4704219038555453e-06,45,91,137,40.40860760200303,cone,Promweaver FAL-C tabulated boundary,45,10,1,0.005,0.001,,
ok,74,12000,0.1,0.01,0.9432379771525792,7.23475736288537e+16,7.23475736288537,0.860906920024913,6.026897583021502e+16,6.026897583021502,28053537213.748577,29741738451.23988,10878.055900540998,1.0000000000000002,0.0099999970106252,-2.989374714781889e-07,45,91,145,49.99485909000214,cone,Promweaver FAL-C tabulated boundary,45,10,1,0.005,0.001,,
ok,74,12000,0.2,0.02,0.9671129822286308,7.795117340528013e+16,7.795117340528013,0.8883936851414972,6.577777158646644e+16,6.577777158646644,56858340038.97495,58791827928.883415,41473.02331395974,1.0,0.0199999985935545,-7.032227092307329e-08,45,91,146,43.61376206399291,cone,Promweaver FAL-C tabulated boundary,45,10,1,0.005,0.001,,
ok,74,14000,0.01,0.001,0.9750549537184572,1.1777497793248765e+17,11.777497793248765,0.8887520811198529,9.78489358341375e+16,9.78489358341375,2447292586.5810137,2509902213.4578667,50.85325516059627,1.0,0.0009999843172927,-1.56827072164082e-05,45,91,80,15.348659653012874,cone,Promweaver FAL-C tabulated boundary,45,10,1,0.005,0.001,,
ok,74,14000,0.02,0.002,0.95944852433291,8.531853017457883e+16,8.531853017457884,0.873191982612259,7.066746061931487e+16,7.066746061931487,4853031446.304588,5058146761.629373,276.0468818512141,1.0,0.0019999864161054,-6.791947288007499e-06,45,91,97,18.63848613199661,cone,Promweaver FAL-C tabulated boundary,45,10,1,0.005,0.001,,
ok,74,14000,0.05,0.005,0.9868016604497936,7.22265292888756e+16,7.22265292888756,0.9006081413245756,6.0160126410985896e+16,6.016012641098589,12313885037.211723,12478581594.196892,2099.391542174259,1.0000000000000002,0.0049999953660819,-9.267836087109568e-07,45,91,117,40.89266903299722,cone,Promweaver FAL-C tabulated boundary,45,10,1,0.005,0.001,,
ok,74,14000,0.1,0.01,1.0114983619888915,7.308548471916653e+16,7.3085484719166525,0.925372255924096,6.116932852097063e+16,6.116932852097063,24946935401.33991,24663347306.15597,8515.365100334571,1.0,0.0099999976380069,-2.361993059474265e-07,45,91,128,44.6434696100041,cone,Promweaver FAL-C tabulated boundary,45,10,1,0.005,0.001,,
ok,74,14000,0.2,0.02,1.0299533813428112,7.84252880138133e+16,7.84252880138133,0.9439381381665206,6.587309266564081e+16,6.58730926656408,50361130339.258606,48896514397.18545,32339.61281214647,1.0000000000000002,0.019999998587223,-7.063884841645994e-08,45,91,134,35.23411091999151,cone,Promweaver FAL-C tabulated boundary,45,10,1,0.005,0.001,,
ok,75,6000,0.01,0.001,0.6329680897774698,5.7725864475266296e+16,5.7725864475266295,0.6323245699458154,5.760854780263033e+16,5.760854780263033,4444764977.183563,7022099611.287187,342.23715629000924,1.0,0.0010000260927457,2.6092745777179724e-05,45,91,65,19.183093315994483,cone,Promweaver FAL-C tabulated boundary,45,10,1,0.005,0.001,,
ok,75,6000,0.02,0.002,0.4679028340749612,4.996418518151395e+16,4.996418518151395,0.4673264245799052,4.984115924792367e+16,4.984115924792367,7269285187.492943,15535886209.931255,1057.6077033005492,1.0,0.0020000487528628,2.437643143024179e-05,45,91,66,23.43063146500208,cone,Promweaver FAL-C tabulated boundary,45,10,1,0.005,0.001,,
ok,75,6000,0.05,0.005,0.2574685594213665,4.57962321949053e+16,4.57962321949053,0.2569471796998085,4.561094315706229e+16,4.561094315706229,11566076540.893295,44922287081.91337,2921.072763813182,1.0000000000000002,0.0050000787464531,1.5749290629453457e-05,45,91,67,23.68353810800181,cone,Promweaver FAL-C tabulated boundary,45,10,1,0.005,0.001,,
ok,75,6000,0.1,0.01,0.1532716495143845,4.526979513674953e+16,4.526979513674953,0.1527762166076453,4.497760935983916e+16,4.497760935983916,14928216727.34667,97397116652.97668,4922.74493369033,1.0,0.0100000991479068,9.914790680132232e-06,45,91,67,12.966450153995538,cone,Promweaver FAL-C tabulated boundary,45,10,1,0.005,0.001,,
ok,75,6000,0.2,0.02,0.0900362819202536,4.518171624538801e+16,4.518171624538801,0.0895602414558484,4.47052091031046e+16,4.47052091031046,18481372854.95264,205265837957.6562,7559.720413202442,1.0,0.0200000927170459,4.635852294924968e-06,45,91,67,23.44614564299991,cone,Promweaver FAL-C tabulated boundary,45,10,1,0.005,0.001,,
ok,75,8000,0.01,0.001,0.7306488622849912,7.751127731622922e+16,7.751127731622922,0.7295594378894324,7.728030529335302e+16,7.728030529335302,3640930241.55653,4983146391.510259,171.02508799845685,1.0,0.0009999719063996,-2.8093600309801736e-05,45,91,102,37.35465267099789,cone,Promweaver FAL-C tabulated boundary,45,10,1,0.005,0.001,,
ok,75,8000,0.02,0.002,0.590808768941537,6.488919067262606e+16,6.488919067262606,0.5897488344379361,6.465657192958445e+16,6.465657192958445,6379192306.243732,10797389344.224476,627.1321010204291,1.0,0.0019999472960812,-2.6351959396932537e-05,45,91,104,20.1184831999999,cone,Promweaver FAL-C tabulated boundary,45,10,1,0.005,0.001,,
ok,75,8000,0.05,0.005,0.3848742868361149,5.787241120039144e+16,5.787241120039144,0.3838369626483443,5.756087284408964e+16,5.756087284408964,11843649513.560707,30772774172.372566,2423.8152669042065,1.0000000000000002,0.0049999317888986,-1.364222026092182e-05,45,91,105,36.95924031500181,cone,Promweaver FAL-C tabulated boundary,45,10,1,0.005,0.001,,
ok,75,8000,0.1,0.01,0.2810236302027147,5.665622945497919e+16,5.665622945497919,0.2799991678736558,5.624390557080725e+16,5.624390557080725,18609715965.79957,66221178455.26214,6112.682253289257,1.0,0.0099999603473571,-3.965264285671343e-06,45,91,106,20.0923115350015,cone,Promweaver FAL-C tabulated boundary,45,10,1,0.005,0.001,,
ok,75,8000,0.2,0.02,0.2288924783659583,5.636013113175298e+16,5.636013113175299,0.227881022343792,5.586313059579858e+16,5.586313059579858,31516919515.482983,137693120108.093,17624.448272190115,1.0000000000000002,0.0199999903307717,-4.834614151724702e-07,45,91,106,36.76037347399688,cone,Promweaver FAL-C tabulated boundary,45,10,1,0.005,0.001,,
ok,75,10000,0.01,0.001,0.8428139652662111,9.846920943438918e+16,9.84692094343892,0.7949729498455307,8.760758477916358e+16,8.760758477916358,3164534478.3320494,3754724777.6471047,101.69959241142163,1.0,0.0009999757547193,-2.424528062995243e-05,45,91,118,34.69384112699481,cone,Promweaver FAL-C tabulated boundary,45,10,1,0.005,0.001,,
ok,75,10000,0.02,0.002,0.7373205238183682,7.74036579305697e+16,7.74036579305697,0.7024411950908678,7.025363261747093e+16,7.025363261747093,5857224573.761245,7943932637.909473,443.2229771136359,1.0,0.0019999613955384,-1.9302230785294208e-05,45,91,132,47.638681063996046,cone,Promweaver FAL-C tabulated boundary,45,10,1,0.005,0.001,,
ok,75,10000,0.05,0.005,0.6674628132011018,6.570958216520609e+16,6.570958216520609,0.6477759179914798,6.189052309657535e+16,6.189052309657535,13783961978.883698,20651280799.86486,2891.474904795805,1.0,0.0049999776415532,-4.471689345371398e-06,45,91,142,26.874170332012,cone,Promweaver FAL-C tabulated boundary,45,10,1,0.005,0.001,,
ok,75,10000,0.1,0.01,0.682960989384437,6.583472423671466e+16,6.5834724236714655,0.6715736367612026,6.365763562315844e+16,6.365763562315844,27961026026.106148,40940883096.86303,11875.48038663434,1.0,0.0099999916140078,-8.385992126408446e-07,45,91,141,41.055999528005486,cone,Promweaver FAL-C tabulated boundary,45,10,1,0.005,0.001,,
ok,75,10000,0.2,0.02,0.6940073023059087,6.768767718542265e+16,6.768767718542265,0.6875032633764582,6.642492283513949e+16,6.642492283513949,56473959544.06279,81373725256.81273,47118.00196434125,1.0,0.0199999965197462,-1.7401268759265062e-07,45,91,137,47.35854441899573,cone,Promweaver FAL-C tabulated boundary,45,10,1,0.005,0.001,,
ok,75,12000,0.01,0.001,0.9330576005067296,1.1092838230896845e+17,11.092838230896843,0.8472654725487495,9.146707411836254e+16,9.146707411836257,2789011768.596058,2989109961.78734,70.1226005775658,1.0,0.0009999799828666,-2.0017133332611223e-05,45,91,101,19.124981646004017,cone,Promweaver FAL-C tabulated boundary,45,10,1,0.005,0.001,,
ok,75,12000,0.02,0.002,0.8887672379162388,8.307458793691691e+16,8.30745879369169,0.8033531051258186,6.787425487346042e+16,6.7874254873460425,5432452383.084715,6112345450.335662,355.2414718793733,1.0,0.0019999781841079,-1.0907946018656745e-05,45,91,119,41.55371582698717,cone,Promweaver FAL-C tabulated boundary,45,10,1,0.005,0.001,,
ok,75,12000,0.05,0.005,0.908606823876454,7.046239140298333e+16,7.046239140298333,0.8243535042500124,5.8000584078590136e+16,5.800058407859013,13746335677.236168,15129025356.192238,2681.739021183085,1.0000000000000002,0.0049999926487301,-1.47025396336764e-06,45,91,137,34.2905027079978,cone,Promweaver FAL-C tabulated boundary,45,10,1,0.005,0.001,,
ok,75,12000,0.1,0.01,0.9429942535270792,7.206984349321069e+16,7.206984349321069,0.8606626872093049,6.003457449389291e+16,6.003457449389291,28049657121.57902,29745310765.855625,10916.955365835744,1.0,0.0099999970098518,-2.9901481568561644e-07,45,91,145,50.13476010899467,cone,Promweaver FAL-C tabulated boundary,45,10,1,0.005,0.001,,
ok,75,12000,0.2,0.02,0.9668994729034248,7.765536784351966e+16,7.7655367843519665,0.8881793801712691,6.552547942045785e+16,6.552547942045785,56851699165.351135,58797942039.03714,41621.27857665291,1.0,0.0199999985932058,-7.033970714914739e-08,45,91,146,39.436363827000605,cone,Promweaver FAL-C tabulated boundary,45,10,1,0.005,0.001,,
ok,75,14000,0.01,0.001,0.9746090312083886,1.1744098417783677e+17,11.744098417783675,0.8883061405762231,9.756277570067242e+16,9.756277570067242,2446705168.776288,2510447872.3562527,50.97339931902868,1.0,0.0009999853325314,-1.4667468510153742e-05,45,91,81,28.43562408399885,cone,Promweaver FAL-C tabulated boundary,45,10,1,0.005,0.001,,
ok,75,14000,0.02,0.002,0.9591126206652748,8.497313961518e+16,8.497313961518,0.8728560671182646,7.037650955248281e+16,7.037650955248281,4852129159.741696,5058977491.481748,277.0658762220174,1.0,0.0019999864189753,-6.790512309786181e-06,45,91,97,28.203595223996672,cone,Promweaver FAL-C tabulated boundary,45,10,1,0.005,0.001,,
ok,75,14000,0.05,0.005,0.9866127067997906,7.193964702715993e+16,7.193964702715993,0.9004191798616689,5.991897399552572e+16,5.991897399552572,12312649486.234196,12479719145.491152,2107.340578327108,1.0,0.0049999953672584,-9.265483092574244e-07,45,91,117,42.063268045007135,cone,Promweaver FAL-C tabulated boundary,45,10,1,0.005,0.001,,
ok,75,14000,0.1,0.01,1.0113631972719903,7.280235493683752e+16,7.280235493683752,0.9252370829889376,6.093084446567191e+16,6.093084446567191,24945209158.26084,24664936617.77196,8547.29851100626,1.0,0.009999997637182,-2.362817937834327e-07,45,91,128,46.01061154800118,cone,Promweaver FAL-C tabulated boundary,45,10,1,0.005,0.001,,
ok,75,14000,0.2,0.02,1.0298491859476957,7.812823027355912e+16,7.812823027355912,0.943833931969954,6.562236835235691e+16,6.562236835235691,50358515157.04495,48898922137.5202,32459.20251799912,1.0,0.0199999985866567,-7.06671623995625e-08,45,91,134,24.913151985005243,cone,Promweaver FAL-C tabulated boundary,45,10,1,0.005,0.001,,
ok,76,6000,0.01,0.001,0.6310358672183708,5.74675023229466e+16,5.74675023229466,0.6303920724174998,5.735030325876856e+16,5.735030325876856,4436182985.577012,7030001329.61042,342.44953558151974,1.0,0.001000026134126,2.613412606374682e-05,45,91,65,20.178516261003097,cone,Promweaver FAL-C tabulated boundary,45,10,1,0.005,0.001,,
ok,76,6000,0.02,0.002,0.4656272865772456,4.971998645924418e+16,4.971998645924418,0.4650504384684895,4.959687033116685e+16,4.959687033116685,7244540551.789681,15558668404.171892,1055.5788837461998,1.0,0.0020000487826226,2.4391311305351632e-05,45,91,66,23.27480664200266,cone,Promweaver FAL-C tabulated boundary,45,10,1,0.005,0.001,,
ok,76,6000,0.05,0.005,0.2559618202535887,4.558510484114124e+16,4.558510484114124,0.2554399283906104,4.539940338363372e+16,4.539940338363372,11511298703.912195,44972717776.845085,2906.8705295835666,1.0,0.0050000785572612,1.571145225934267e-05,45,91,67,14.848446100993897,cone,Promweaver FAL-C tabulated boundary,45,10,1,0.005,0.001,,
ok,76,6000,0.1,0.01,0.1523781753814711,4.506803714331761e+16,4.5068037143317605,0.1518822515498722,4.477516129814421e+16,4.477516129814421,14851901211.669388,97467377952.83606,4894.354926080748,1.0,0.010000099077396,9.907739608079611e-06,45,91,67,23.749519082004557,cone,Promweaver FAL-C tabulated boundary,45,10,1,0.005,0.001,,
ok,76,6000,0.2,0.02,0.089522174691908,4.498192916440702e+16,4.498192916440702,0.089045678144858,4.4504356055683256e+16,4.450435605568326,18383879750.534897,205355598362.11865,7513.395733803944,1.0000000000000002,0.020000092767636,4.638381800523005e-06,45,91,67,19.83302791499591,cone,Promweaver FAL-C tabulated boundary,45,10,1,0.005,0.001,,
ok,76,8000,0.01,0.001,0.7289712851342628,7.723784175017883e+16,7.723784175017883,0.7278817728762809,7.700713667006349e+16,7.700713667006349,3635933578.371012,4987759672.45588,171.15979274880792,0.9999999999999998,0.0009999734610354,-2.653896453053313e-05,45,91,103,29.950256565003656,cone,Promweaver FAL-C tabulated boundary,45,10,1,0.005,0.001,,
ok,76,8000,0.02,0.002,0.5887097161837994,6.457374572654574e+16,6.457374572654574,0.5876496816668108,6.434141127931045e+16,6.434141127931045,6364492858.681452,10810918664.529757,627.2947138569847,1.0,0.0019999467981372,-2.660093138340605e-05,45,91,104,25.67561365100846,cone,Promweaver FAL-C tabulated boundary,45,10,1,0.005,0.001,,
ok,76,8000,0.05,0.005,0.3829750569236332,5.759322250081482e+16,5.759322250081482,0.3819376189230464,5.728161750622026e+16,5.728161750622026,11800450509.156237,30812582427.55296,2417.8301920347585,1.0,0.0049999360890779,-1.2782184410919936e-05,45,91,106,30.323799345002044,cone,Promweaver FAL-C tabulated boundary,45,10,1,0.005,0.001,,
ok,76,8000,0.1,0.01,0.2798267130909002,5.639705931193007e+16,5.639705931193007,0.2788021615558289,5.598483338305783e+16,5.598483338305783,18546691502.208847,66279202930.07927,6099.250029608218,1.0000000000000002,0.009999960249253,-3.975074693192414e-06,45,91,106,37.021159392010304,cone,Promweaver FAL-C tabulated boundary,45,10,1,0.005,0.001,,
ok,76,8000,0.2,0.02,0.2281084523067242,5.610397797442369e+16,5.610397797442369,0.2270969295936202,5.560750692720216e+16,5.560750692720216,31427694519.49451,137775230166.55035,17604.811966469322,1.0,0.0199999858306338,-7.084683091920784e-07,45,91,106,20.900422767008425,cone,Promweaver FAL-C tabulated boundary,45,10,1,0.005,0.001,,
ok,76,10000,0.01,0.001,0.8415575304427044,9.811200517165512e+16,9.811200517165512,0.7936988162162555,8.727020494170032e+16,8.727020494170032,3161875661.4500504,3757171134.558958,101.89841376678427,1.0,0.0009999755208347,-2.4479165253426388e-05,45,91,118,41.20807444599632,cone,Promweaver FAL-C tabulated boundary,45,10,1,0.005,0.001,,
ok,76,10000,0.02,0.002,0.7358337339120549,7.702823015142341e+16,7.702823015142341,0.7009298903423509,6.989396725305668e+16,6.989396725305668,5850182876.149292,7950414076.624125,444.3129436715736,1.0,0.0019999611400714,-1.942996426121737e-05,45,91,132,45.70167130600021,cone,Promweaver FAL-C tabulated boundary,45,10,1,0.005,0.001,,
ok,76,10000,0.05,0.005,0.6664624313040816,6.53962939599533e+16,6.5396293959953296,0.6467620101536388,6.158724759806774e+16,6.158724759806774,13771158736.702732,20663068298.923325,2899.932113394632,1.0,0.0049999776152177,-4.476956443066892e-06,45,91,142,46.27356558399333,cone,Promweaver FAL-C tabulated boundary,45,10,1,0.005,0.001,,
ok,76,10000,0.1,0.01,0.6822358956062409,6.55376808317811e+16,6.55376808317811,0.6708426200266021,6.336701216329743e+16,6.336701216329743,27942792756.456417,40957670120.28326,11913.751861839475,0.9999999999999998,0.0099999916195769,-8.380423093326537e-07,45,91,141,40.68208447001234,cone,Promweaver FAL-C tabulated boundary,45,10,1,0.005,0.001,,
ok,76,10000,0.2,0.02,0.6932864966013804,6.737858962657943e+16,6.737858962657943,0.6867792205973099,6.611967746670786e+16,6.611967746670786,56438157246.99283,81406687601.24883,47274.15060317274,1.0,0.0199999965085982,-1.7457008581744926e-07,45,91,137,47.30268094000349,cone,Promweaver FAL-C tabulated boundary,45,10,1,0.005,0.001,,
ok,76,12000,0.01,0.001,0.932137936014374,1.1046546366552957e+17,11.046546366552956,0.8463455943348714,9.106712562828464e+16,9.106712562828465,2787531944.8263183,2990471514.0606976,70.34175284824255,1.0,0.0009999798226692,-2.0177330741768737e-05,45,91,101,35.855417715007206,cone,Promweaver FAL-C tabulated boundary,45,10,1,0.005,0.001,,
ok,76,12000,0.02,0.002,0.8879347182508154,8.264106544378477e+16,8.264106544378476,0.802520188218765,6.7506527060785096e+16,6.75065270607851,5429652447.525167,6114923018.463899,356.7369992460963,1.0000000000000002,0.0019999781349074,-1.0932546263024354e-05,45,91,119,22.622104256995957,cone,Promweaver FAL-C tabulated boundary,45,10,1,0.005,0.001,,
ok,76,12000,0.05,0.005,0.9081870141037118,7.0131487769859896e+16,7.0131487769859895,0.8239332185837775,5.772268203266042e+16,5.772268203266042,13742876643.520235,15132210029.542269,2693.0365295940924,1.0,0.0049999926512606,-1.4697478690692263e-06,45,91,137,47.402239185990766,cone,Promweaver FAL-C tabulated boundary,45,10,1,0.005,0.001,,
ok,76,12000,0.1,0.01,0.9427055886978806,7.17526871868798e+16,7.17526871868798,0.8603734191718806,5.97667961937297e+16,5.97667961937297,28045060092.20783,29749542623.31815,10961.615883835031,1.0,0.0099999969144063,-3.085593667725983e-07,45,91,145,50.2608869280084,cone,Promweaver FAL-C tabulated boundary,45,10,1,0.005,0.001,,
ok,76,12000,0.2,0.02,0.9666540127242046,7.732153440947194e+16,7.732153440947194,0.8879330050569795,6.524072013768426e+16,6.524072013768426,56844062804.416725,58804972674.990456,41789.74849361814,1.0,0.0199999985931553,-7.034223203916666e-08,45,91,146,30.86089851200813,cone,Promweaver FAL-C tabulated boundary,45,10,1,0.005,0.001,,
ok,76,14000,0.01,0.001,0.9739789227180978,1.1689784232617869e+17,11.68978423261787,0.8876760067068918,9.709935397721174e+16,9.709935397721177,2445870952.930232,2511215485.1405845,51.17532196783873,1.0,0.0009999852418085,-1.4758191433468168e-05,45,91,81,28.620659174994216,cone,Promweaver FAL-C tabulated boundary,45,10,1,0.005,0.001,,
ok,76,14000,0.02,0.002,0.9586548682073516,8.452282631011989e+16,8.45228263101199,0.8723982985339965,6.999694189232361e+16,6.999694189232361,4850899091.242049,5060110006.339453,278.400794444276,1.0,0.0019999864224959,-6.788752037953372e-06,45,91,97,28.263152168990928,cone,Promweaver FAL-C tabulated boundary,45,10,1,0.005,0.001,,
ok,76,14000,0.05,0.005,0.9863849513956272,7.1603316309809576e+16,7.1603316309809575,0.9001914150377265,5.963620445534351e+16,5.963620445534351,12311159920.015778,12481090574.827637,2116.7267996418022,1.0,0.004999995370865,-9.258269999604104e-07,45,91,117,34.572625412998605,cone,Promweaver FAL-C tabulated boundary,45,10,1,0.005,0.001,,
ok,76,14000,0.1,0.01,1.011206641985984,7.248020306499475e+16,7.248020306499475,0.9250805181825538,6.065947458805186e+16,6.065947458805186,24943209451.018425,24666777704.33806,8583.912177501292,1.0,0.0099999976368338,-2.363166150612383e-07,45,91,128,23.71232048299862,cone,Promweaver FAL-C tabulated boundary,45,10,1,0.005,0.001,,
ok,76,14000,0.2,0.02,1.0297301011609807,7.779282369815323e+16,7.7792823698153235,0.9437148348368788,6.5339270780619096e+16,6.533927078061909,50355525953.6313,48901674231.77918,32595.281589284077,1.0,0.0199999985861964,-7.06901788841141e-08,45,91,134,38.26424938299169,cone,Promweaver FAL-C tabulated boundary,45,10,1,0.005,0.001,,
ok,77,6000,0.01,0.001,0.6301387209936046,5.732340147891132e+16,5.732340147891132,0.6294947981208221,5.720630665999384e+16,5.720630665999384,4432191579.747052,7033675970.202814,342.69289143296226,1.0,0.0010000261195086,2.61195086952333e-05,45,91,65,22.877786333003318,cone,Promweaver FAL-C tabulated boundary,45,10,1,0.005,0.001,,
ok,77,6000,0.02,0.002,0.464460148754198,4.95487614533525e+16,4.954876145335249,0.4638830744247001,4.942571298382692e+16,4.942571298382692,7231820596.294685,15570379107.211449,1055.5103216097327,1.0,0.0020000487564086,2.437820434126985e-05,45,91,66,23.428816839004867,cone,Promweaver FAL-C tabulated boundary,45,10,1,0.005,0.001,,
ok,77,6000,0.05,0.005,0.2549293410076591,4.53940736724777e+16,4.53940736724777,0.2544070955025291,4.520827655676317e+16,4.5208276556763165,11473691557.501131,45007340120.792206,2900.06133634332,1.0,0.0050000783987678,1.5679753559774686e-05,45,91,67,20.81496459999471,cone,Promweaver FAL-C tabulated boundary,45,10,1,0.005,0.001,,
ok,77,6000,0.1,0.01,0.1517044811780593,4.4875872418924056e+16,4.487587241892405,0.1512081842223531,4.458273238803981e+16,4.458273238803981,14794285243.088863,97520423445.66235,4877.250603858557,1.0,0.0100000990492686,9.90492686515909e-06,45,91,67,23.65997163800057,cone,Promweaver FAL-C tabulated boundary,45,10,1,0.005,0.001,,
ok,77,6000,0.2,0.02,0.089133354049326,4.479079977198009e+16,4.479079977198009,0.0886565098858908,4.431283951310788e+16,4.431283951310788,18310088854.618664,205423537012.7093,7485.0048574877155,1.0,0.0200000928514193,4.6425709677652685e-06,45,91,67,12.76313583299634,cone,Promweaver FAL-C tabulated boundary,45,10,1,0.005,0.001,,
ok,77,8000,0.01,0.001,0.7281612709622127,7.709834113110246e+16,7.709834113110246,0.7270717162251454,7.686778776607286e+16,7.686778776607286,3633514609.2114167,4989986084.277716,171.24140703497918,1.0,0.0009999733792173,-2.662078261148927e-05,45,91,103,29.590171780000677,cone,Promweaver FAL-C tabulated boundary,45,10,1,0.005,0.001,,
ok,77,8000,0.02,0.002,0.587664002946399,6.437672082578235e+16,6.437672082578235,0.5866039183675362,6.41446725280475e+16,6.414467252804751,6357156317.210342,10817671807.933046,627.7647560026405,1.0,0.0019999466235368,-2.668823157608857e-05,45,91,104,36.13789534199168,cone,Promweaver FAL-C tabulated boundary,45,10,1,0.005,0.001,,
ok,77,8000,0.05,0.005,0.3817654320501326,5.735767828941672e+16,5.735767828941672,0.3807279211435582,5.704634390067172e+16,5.704634390067172,11772871862.496147,30837972414.82607,2416.424723319514,1.0,0.0049999359582818,-1.2808343621481533e-05,45,91,106,30.681256462004967,cone,Promweaver FAL-C tabulated boundary,45,10,1,0.005,0.001,,
ok,77,8000,0.1,0.01,0.2788947704529531,5.61535901542649e+16,5.615359015426489,0.2778701490778638,5.574174680097662e+16,5.574174680097663,18497542991.479465,66324452629.3469,6093.271966790604,1.0,0.0099999602136758,-3.9786324202220605e-06,45,91,106,23.800573218002683,cone,Promweaver FAL-C tabulated boundary,45,10,1,0.005,0.001,,
ok,77,8000,0.2,0.02,0.2274383755033879,5.586058245418497e+16,5.586058245418497,0.2264267955427852,5.536478414130426e+16,5.536478414130427,31351357906.96962,137845505788.45746,17595.72849812397,1.0000000000000002,0.0199999851246143,-7.437692834885711e-07,45,91,106,37.41654187599488,cone,Promweaver FAL-C tabulated boundary,45,10,1,0.005,0.001,,
ok,77,10000,0.01,0.001,0.8408741588269574,9.793338648793405e+16,9.793338648793403,0.7930058019417654,8.710066876533075e+16,8.710066876533075,3160428199.5398927,3758503179.5349455,101.99082011401276,1.0,0.0009999754304631,-2.4569536858374052e-05,45,91,118,23.66435178900429,cone,Promweaver FAL-C tabulated boundary,45,10,1,0.005,0.001,,
ok,77,10000,0.02,0.002,0.7350212442042272,7.680093866347979e+16,7.680093866347979,0.7001039714778607,6.967738246141e+16,6.967738246141,5846330024.006935,7953960610.126964,445.0411068459756,1.0000000000000002,0.0019999610341851,-1.948290743406661e-05,45,91,132,45.65874465000525,cone,Promweaver FAL-C tabulated boundary,45,10,1,0.005,0.001,,
ok,77,10000,0.05,0.005,0.6657588288541899,6.513343863518937e+16,6.513343863518937,0.6460488734414266,6.133394294508026e+16,6.133394294508026,13762145007.507036,20671366883.999863,2907.8249080085616,0.9999999999999998,0.0049999775904703,-4.481905926945195e-06,45,91,142,48.96399450399622,cone,Promweaver FAL-C tabulated boundary,45,10,1,0.005,0.001,,
ok,77,10000,0.1,0.01,0.681608586610852,6.526229654668866e+16,6.5262296546688665,0.670210177437221,6.309780965509442e+16,6.309780965509441,27927006302.926243,40972204358.20374,11950.509288096056,1.0,0.0099999916171118,-8.382888171815093e-07,45,91,141,48.66776692500571,cone,Promweaver FAL-C tabulated boundary,45,10,1,0.005,0.001,,
ok,77,10000,0.2,0.02,0.6926146374032447,6.708703835522815e+16,6.708703835522815,0.6861043383123225,6.583178328918479e+16,6.583178328918479,56404759983.28104,81437435678.16316,47423.422270117335,0.9999999999999998,0.019999996496835,-1.7515824624059206e-07,45,91,137,27.9883113780088,cone,Promweaver FAL-C tabulated boundary,45,10,1,0.005,0.001,,
ok,77,12000,0.01,0.001,0.9315847469551888,1.1019323052227187e+17,11.019323052227188,0.8457922766114445,9.083173446373616e+16,9.083173446373616,2786641238.407756,2991291181.5223174,70.47047586126628,1.0,0.0009999797530046,-2.02469953157914e-05,45,91,101,21.076333031000104,cone,Promweaver FAL-C tabulated boundary,45,10,1,0.005,0.001,,
ok,77,12000,0.02,0.002,0.8874086080337853,8.235161342087688e+16,8.235161342087688,0.801993826785483,6.726155272275098e+16,6.726155272275099,5427881836.292121,6116553059.270608,357.7574258099607,1.0,0.0019999781126723,-1.094366381716727e-05,45,91,119,41.40222683700267,cone,Promweaver FAL-C tabulated boundary,45,10,1,0.005,0.001,,
ok,77,12000,0.05,0.005,0.9078511165597511,6.984736433238042e+16,6.984736433238042,0.8235969401227371,5.748442711382797e+16,5.748442711382797,13740107943.216097,15134759094.953182,2702.9017930130967,1.0,0.0049999926479342,-1.4704131461040768e-06,45,91,137,43.84375565199298,cone,Promweaver FAL-C tabulated boundary,45,10,1,0.005,0.001,,
ok,77,12000,0.1,0.01,0.9424475980314948,7.146046090124841e+16,7.146046090124841,0.8601148892074147,5.952019159164761e+16,5.95201915916476,28040950679.12991,29753326060.461597,11003.216395091284,1.0,0.0099999969121231,-3.087876813620549e-07,45,91,145,50.040922606000095,cone,Promweaver FAL-C tabulated boundary,45,10,1,0.005,0.001,,
ok,77,12000,0.2,0.02,0.9664251308493232,7.700829055149229e+16,7.700829055149229,0.8877032698251053,6.497356440830555e+16,6.497356440830555,56836940553.5622,58811529977.09425,41949.22115988412,1.0,0.0199999985924647,-7.03767606691219e-08,45,91,146,41.99643200800347,cone,Promweaver FAL-C tabulated boundary,45,10,1,0.005,0.001,,
ok,77,14000,0.01,0.001,0.97356812965015,1.1653441448591472e+17,11.653441448591472,0.8872651970768988,9.678953305579763e+16,9.678953305579764,2445326869.523758,2511716227.196634,51.31208257400741,1.0,0.0009999852031691,-1.479683087580834e-05,45,91,81,28.47602472800645,cone,Promweaver FAL-C tabulated boundary,45,10,1,0.005,0.001,,
ok,77,14000,0.02,0.002,0.9583293958252838,8.419086302639334e+16,8.419086302639334,0.8720728146787369,6.97173447553048e+16,6.97173447553048,4850024147.785615,5060915556.710981,279.39770883129376,1.0,0.0019999864242615,-6.787869238043809e-06,45,91,97,33.99794726200344,cone,Promweaver FAL-C tabulated boundary,45,10,1,0.005,0.001,,
ok,77,14000,0.05,0.005,0.9861892615135728,7.1307184982401176e+16,7.1307184982401175,0.8999957170600215,5.938730794079656e+16,5.938730794079656,12309879797.652151,12482269152.636412,2125.0753436703944,1.0,0.0049999953700639,-9.259872093062004e-07,45,91,117,26.670341873992584,cone,Promweaver FAL-C tabulated boundary,45,10,1,0.005,0.001,,
ok,77,14000,0.1,0.01,1.0110630633985451,7.21821679336724e+16,7.21821679336724,0.9249369308624464,6.040844722562239e+16,6.040844722562239,24941375231.587543,24668466423.598392,8618.086935466743,1.0,0.0099999976351896,-2.364810307645126e-07,45,91,128,44.54395864099206,cone,Promweaver FAL-C tabulated boundary,45,10,1,0.005,0.001,,
ok,77,14000,0.2,0.02,1.0296183831560193,7.74781585589767e+16,7.74781585589767,0.9436031052479776,6.507369043815148e+16,6.507369043815148,50352721360.24611,48904256357.48978,32724.016620150185,1.0,0.0199999985853174,-7.073412792990563e-08,45,91,134,38.09280652800226,cone,Promweaver FAL-C tabulated boundary,45,10,1,0.005,0.001,,
ok,78,6000,0.01,0.001,0.6276916311270986,5.701776192911909e+16,5.701776192911908,0.6270473575603578,5.690077396150658e+16,5.690077396150658,4421283785.156066,7043719504.778325,342.83615574361704,1.0,0.0010000262057481,2.620574812315854e-05,45,91,65,15.244633160997182,cone,Promweaver FAL-C tabulated boundary,45,10,1,0.005,0.001,,
ok,78,6000,0.02,0.002,0.4616873555901484,4.928642514654643e+16,4.928642514654643,0.4611097403433116,4.916317818380861e+16,4.916317818380861,7201525064.753918,15598272245.399967,1052.2565413108066,1.0,0.0020000488177847,2.4408892373246543e-05,45,91,66,23.34159098200325,cone,Promweaver FAL-C tabulated boundary,45,10,1,0.005,0.001,,
ok,78,6000,0.05,0.005,0.2532576899896023,4.519391183072072e+16,4.519391183072072,0.2527348671827318,4.50075086561069e+16,4.500750865610691,11412680393.045135,45063509793.18215,2882.009290137604,1.0000000000000002,0.0050000782171788,1.5643435768639132e-05,45,91,67,20.086449677008204,cone,Promweaver FAL-C tabulated boundary,45,10,1,0.005,0.001,,
ok,78,6000,0.1,0.01,0.1507431710202617,4.468929927772239e+16,4.46892992777224,0.150246337185312,4.439520215685919e+16,4.439520215685919,14711962924.39263,97596214971.59004,4843.259048293012,1.0000000000000002,0.0100000989688057,9.896880573227738e-06,45,91,67,12.806636604000232,cone,Promweaver FAL-C tabulated boundary,45,10,1,0.005,0.001,,
ok,78,6000,0.2,0.02,0.0885801481646471,4.460634083356359e+16,4.460634083356359,0.0881028053953877,4.412688479513562e+16,4.4126884795135615,18205016438.54599,205520275318.4343,7429.944203770109,1.0,0.0200000928830329,4.644151649704774e-06,45,91,67,19.436897110994323,cone,Promweaver FAL-C tabulated boundary,45,10,1,0.005,0.001,,
ok,78,8000,0.01,0.001,0.7261215133604726,7.674172191619192e+16,7.674172191619192,0.7250318512810962,7.651156815210634e+16,7.6511568152106335,3627413044.143234,4995600567.397673,171.4598664751125,1.0,0.0009999730074374,-2.6992562529755404e-05,45,91,103,21.210055668998397,cone,Promweaver FAL-C tabulated boundary,45,10,1,0.005,0.001,,
ok,78,8000,0.02,0.002,0.5850237968917582,6.402158817766451e+16,6.402158817766451,0.5839635850859936,6.378975166336666e+16,6.378975166336667,6338602652.056852,10834777466.718382,627.567742761483,1.0,0.0019999494657304,-2.5267134766632574e-05,45,91,105,36.61945459600247,cone,Promweaver FAL-C tabulated boundary,45,10,1,0.005,0.001,,
ok,78,8000,0.05,0.005,0.3796377913031626,5.708399670745644e+16,5.708399670745644,0.3786001512690927,5.6772374981573176e+16,5.677237498157318,11724252056.187906,30882731711.04142,2407.996885387516,1.0000000000000002,0.0049999354864915,-1.2902701695786944e-05,45,91,106,30.53541623899946,cone,Promweaver FAL-C tabulated boundary,45,10,1,0.005,0.001,,
ok,78,8000,0.1,0.01,0.2776352478999549,5.591246309798825e+16,5.591246309798825,0.2766105315998747,5.550049322340308e+16,5.550049322340308,18431011763.80404,66385705356.99992,6075.607759260127,1.0,0.0099999600734873,-3.992651266375435e-06,45,91,106,30.53965842199977,cone,Promweaver FAL-C tabulated boundary,45,10,1,0.005,0.001,,
ok,78,8000,0.2,0.02,0.2266526939286426,5.562319853499437e+16,5.562319853499437,0.2256410465651987,5.512776668875898e+16,5.5127766688758975,31261753354.248337,137928002585.71164,17569.95729339455,1.0,0.0199999850979804,-7.451009769246507e-07,45,91,106,37.16846487901057,cone,Promweaver FAL-C tabulated boundary,45,10,1,0.005,0.001,,
ok,78,10000,0.01,0.001,0.8393370497279372,9.749230191891376e+16,9.749230191891376,0.7914469672909267,8.668444546933709e+16,8.668444546933708,3157168289.297054,3761502355.1270833,102.24101196454696,1.0000000000000002,0.0009999751073095,-2.4892690495686987e-05,45,91,118,40.90588409999327,cone,Promweaver FAL-C tabulated boundary,45,10,1,0.005,0.001,,
ok,78,10000,0.02,0.002,0.7332168606841066,7.636916114345192e+16,7.636916114345192,0.6982696849553592,6.926271468858272e+16,6.926271468858272,5837760944.345458,7961847657.047473,446.2462639770298,1.0000000000000002,0.001999960685714,-1.965714296046396e-05,45,91,132,45.88466755200352,cone,Promweaver FAL-C tabulated boundary,45,10,1,0.005,0.001,,
ok,78,10000,0.05,0.005,0.6646654801118353,6.482312795865616e+16,6.482312795865616,0.6449406744735733,6.103279662636549e+16,6.103279662636549,13748123958.65428,20684275579.25988,2915.794382879425,1.0,0.0049999775622331,-4.487553365885299e-06,45,91,142,50.91387404000852,cone,Promweaver FAL-C tabulated boundary,45,10,1,0.005,0.001,,
ok,78,10000,0.1,0.01,0.6808890578741426,6.498370485514743e+16,6.498370485514744,0.6694847496319125,6.28250922412608e+16,6.28250922412608,27908885338.64277,40988888007.36394,11986.17226552006,1.0,0.0099999916261177,-8.373882212642234e-07,45,91,141,29.328513727989048,cone,Promweaver FAL-C tabulated boundary,45,10,1,0.005,0.001,,
ok,78,10000,0.2,0.02,0.6919279105734016,6.679959361020921e+16,6.679959361020921,0.6854145156696029,6.554789013759209e+16,6.554789013759208,56370597590.78336,81468888202.62932,47569.81444055343,1.0,0.0199999964865171,-1.7567414033886617e-07,45,91,137,40.44292786800361,cone,Promweaver FAL-C tabulated boundary,45,10,1,0.005,0.001,,
ok,78,12000,0.01,0.001,0.9304898275792988,1.0964355447164733e+17,10.964355447164731,0.8446971023963136,9.035701093586974e+16,9.035701093586974,2784876620.2462893,2992914632.3837214,70.73409674984494,1.0,0.0009999795378147,-2.0462185224435356e-05,45,91,101,19.026339985997765,cone,Promweaver FAL-C tabulated boundary,45,10,1,0.005,0.001,,
ok,78,12000,0.02,0.002,0.8864469365989445,8.186853890780618e+16,8.186853890780618,0.8010316958163046,6.685146893229182e+16,6.685146893229183,5424642838.7391,6119534756.9838505,359.4390509524235,1.0,0.0019999780444833,-1.097775833755997e-05,45,91,119,41.16972639299638,cone,Promweaver FAL-C tabulated boundary,45,10,1,0.005,0.001,,
ok,78,12000,0.05,0.005,0.9074164170168312,6.952237512270469e+16,6.952237512270469,0.8231617474184882,5.72112842871045e+16,5.72112842871045,13736523488.79001,15138059253.9304,2714.120126434754,1.0000000000000002,0.0049999926528811,-1.4694237621820647e-06,45,91,137,49.69275939599902,cone,Promweaver FAL-C tabulated boundary,45,10,1,0.005,0.001,,
ok,78,12000,0.1,0.01,0.9421658913204628,7.116177777584762e+16,7.116177777584761,0.8598325934564452,5.926794120478351e+16,5.926794120478351,28036462319.916,29757458403.235523,11045.862596238472,1.0,0.0099999969130659,-3.086934059065571e-07,45,91,145,42.7065462830069,cone,Promweaver FAL-C tabulated boundary,45,10,1,0.005,0.001,,
ok,78,12000,0.2,0.02,0.9661911483774922,7.669719167156299e+16,7.669719167156299,0.8874684147628067,6.47081768865157e+16,6.470817688651571,56829657945.322685,58818234922.51583,42108.58248907463,1.0000000000000002,0.0199999985927927,-7.036036146074176e-08,45,91,146,31.90591362399573,cone,Promweaver FAL-C tabulated boundary,45,10,1,0.005,0.001,,
ok,78,14000,0.01,0.001,0.9728361790138716,1.1591120482304424e+17,11.591120482304424,0.8865332169057162,9.625781928011262e+16,9.625781928011262,2444356761.576049,2512608817.708449,51.547044023777474,1.0,0.0009999850840489,-1.4915951092537086e-05,45,91,81,15.52548558700073,cone,Promweaver FAL-C tabulated boundary,45,10,1,0.005,0.001,,
ok,78,14000,0.02,0.002,0.9578126269778516,8.371276450530157e+16,8.371276450530157,0.8715560275680093,6.931403630406631e+16,6.931403630406631,4848636718.379821,5062197534.061054,280.83265635472094,1.0,0.0019999873900931,-6.304953438680816e-06,45,91,98,34.33444954700826,cone,Promweaver FAL-C tabulated boundary,45,10,1,0.005,0.001,,
ok,78,14000,0.05,0.005,0.9859619620551716,7.09815054612861e+16,7.098150546128609,0.8997684081956911,5.9113458162472296e+16,5.91134581624723,12308392610.81461,12483638400.368498,2134.309883644031,1.0000000000000002,0.0049999953755686,-9.248862634092524e-07,45,91,117,40.86384826200083,cone,Promweaver FAL-C tabulated boundary,45,10,1,0.005,0.001,,
ok,78,14000,0.1,0.01,1.010912624592777,7.187975976804807e+16,7.187975976804808,0.9247864829052536,6.0153696897369736e+16,6.015369689736974,24939453108.496902,24670236083.50246,8653.010574297943,1.0,0.0099999976355611,-2.364438839164151e-07,45,91,128,23.85079430299811,cone,Promweaver FAL-C tabulated boundary,45,10,1,0.005,0.001,,
ok,78,14000,0.2,0.02,1.0295054472396374,7.71659041536885e+16,7.71659041536885,0.9434901576200332,6.48101310291549e+16,6.481013102915489,50349885892.98073,48906866911.6627,32852.735119737496,1.0,0.0199999985851801,-7.074099153681068e-08,45,91,134,46.08773430799192,cone,Promweaver FAL-C tabulated boundary,45,10,1,0.005,0.001,,
ok,79,6000,0.01,0.001,0.6263166483503202,5.683541847835533e+16,5.683541847835532,0.6256721768801937,5.671851288268776e+16,5.671851288268776,4415141099.446512,7049375281.7775545,342.9810398149082,1.0,0.0010000262359801,2.6235980114981683e-05,45,91,65,20.26547658999334,cone,Promweaver FAL-C tabulated boundary,45,10,1,0.005,0.001,,
ok,79,6000,0.02,0.002,0.4600002703423479,4.909841257436122e+16,4.909841257436122,0.4594223235737857,4.8975115069249976e+16,4.897511506924998,7183038762.955729,15615292481.480207,1050.869939878007,1.0,0.0020000488437377,2.4421868853596876e-05,45,91,66,12.827838115990744,cone,Promweaver FAL-C tabulated boundary,45,10,1,0.005,0.001,,
ok,79,6000,0.05,0.005,0.2521005103366086,4.502313605266314e+16,4.5023136052663135,0.2515772844349354,4.483644206481848e+16,4.483644206481848,11370356929.268757,45102474858.487495,2871.5240215107765,1.0,0.0050000781043545,1.5620870902517677e-05,45,91,67,23.804176734003704,cone,Promweaver FAL-C tabulated boundary,45,10,1,0.005,0.001,,
ok,79,6000,0.1,0.01,0.1500523010559926,4.4525065812333336e+16,4.452506581233334,0.1495550780915503,4.423047246531994e+16,4.423047246531994,14652720950.56411,97650758085.31842,4822.053091623469,1.0,0.0100000989939634,9.899396340336262e-06,45,91,67,23.770849848995567,cone,Promweaver FAL-C tabulated boundary,45,10,1,0.005,0.001,,
ok,79,6000,0.2,0.02,0.0881847790902076,4.444344864628658e+16,4.4443448646286585,0.0877070770325964,4.396324734521492e+16,4.396324734521492,18129861970.44931,205589469719.07217,7395.73334381664,1.0,0.0200000929972229,4.649861145601674e-06,45,91,67,23.612900716994773,cone,Promweaver FAL-C tabulated boundary,45,10,1,0.005,0.001,,
ok,79,8000,0.01,0.001,0.7249711491154609,7.655862790481371e+16,7.655862790481371,0.7238814262485248,7.632864637676408e+16,7.632864637676408,3623966000.293408,4998772716.286734,171.54342927372178,1.0,0.0009999728308936,-2.7169106370933397e-05,45,91,103,30.77548099400883,cone,Promweaver FAL-C tabulated boundary,45,10,1,0.005,0.001,,
ok,79,8000,0.02,0.002,0.5834941561645173,6.378867504821334e+16,6.378867504821335,0.5824338702658781,6.3557060792033976e+16,6.355706079203397,6327820176.681519,10844701887.46394,627.7181358313734,1.0,0.0019999491326243,-2.543368783289313e-05,45,91,105,29.835801312001426,cone,Promweaver FAL-C tabulated boundary,45,10,1,0.005,0.001,,
ok,79,8000,0.05,0.005,0.3782029814264082,5.68613902827703e+16,5.68613902827703,0.3771652536602083,5.654978146911509e+16,5.654978146911509,11691384863.62538,30912989684.87989,2403.8891653837545,1.0,0.0049999352278143,-1.2954437128218086e-05,45,91,106,30.753996460000053,cone,Promweaver FAL-C tabulated boundary,45,10,1,0.005,0.001,,
ok,79,8000,0.1,0.01,0.2767052979762335,5.570272808825536e+16,5.570272808825536,0.2756805111895011,5.529089849897735e+16,5.529089849897735,18381810555.466946,66431003272.82413,6065.967877941668,1.0000000000000002,0.0099999600017973,-3.999820265623843e-06,45,91,106,37.151810591007234,cone,Promweaver FAL-C tabulated boundary,45,10,1,0.005,0.001,,
ok,79,8000,0.2,0.02,0.226033152749032,5.541544583778383e+16,5.541544583778383,0.2250214520255978,5.4920488544929576e+16,5.492048854492958,31191020908.684143,137993124147.21747,17556.112210553292,0.9999999999999998,0.0199999850611176,-7.469441197505143e-07,45,91,106,20.8706441349932,cone,Promweaver FAL-C tabulated boundary,45,10,1,0.005,0.001,,
ok,79,10000,0.01,0.001,0.8384596145436343,9.72856638735514e+16,9.72856638735514,0.7905571049593831,8.648704143538466e+16,8.648704143538465,3155305182.53738,3763216650.875645,102.33728587068752,1.0,0.0009999749532552,-2.5046744787579626e-05,45,91,118,33.55230517900782,cone,Promweaver FAL-C tabulated boundary,45,10,1,0.005,0.001,,
ok,79,10000,0.02,0.002,0.7321335230957031,7.610015352006549e+16,7.610015352006549,0.6971683393432634,6.900495221667138e+16,6.900495221667137,5832608072.214011,7966590639.849152,447.0334861425226,1.0,0.001999960512098,-1.9743950967427215e-05,45,91,132,49.5106799639907,cone,Promweaver FAL-C tabulated boundary,45,10,1,0.005,0.001,,
ok,79,10000,0.05,0.005,0.6638934116442644,6.457638055828275e+16,6.457638055828276,0.6441580940574657,6.079416787536857e+16,6.079416787536857,13738212442.38435,20693400780.042274,2922.7169358267174,1.0,0.0049999775438002,-4.49123994886863e-06,45,91,142,49.05830524300109,cone,Promweaver FAL-C tabulated boundary,45,10,1,0.005,0.001,,
ok,79,10000,0.1,0.01,0.6803039511256362,6.474442494644147e+16,6.474442494644147,0.6688948365513089,6.25910270968014e+16,6.25910270968014,27894140404.55542,41002467144.87187,12017.761676819351,1.0,0.009999992194185,-7.805814918049324e-07,45,91,142,30.134326147002863,cone,Promweaver FAL-C tabulated boundary,45,10,1,0.005,0.001,,
ok,79,10000,0.2,0.02,0.6913392936891557,6.655012456089912e+16,6.655012456089912,0.6848232405577304,6.530153201916691e+16,6.530153201916691,56341294834.37558,81495866571.86032,47698.50581886198,1.0,0.0199999964775606,-1.761219654491941e-07,45,91,137,47.2206648739957,cone,Promweaver FAL-C tabulated boundary,45,10,1,0.005,0.001,,
ok,79,12000,0.01,0.001,0.92981154174268,1.0941125000359251e+17,10.941125000359252,0.8440186579003492,9.015217496798568e+16,9.015217496798568,2783786347.989479,2993925352.6279373,70.82878982735456,0.9999999999999998,0.000999980784818,-1.9215181999146166e-05,45,91,102,26.227588385008858,cone,Promweaver FAL-C tabulated boundary,45,10,1,0.005,0.001,,
ok,79,12000,0.02,0.002,0.8858144988718002,8.156282320673032e+16,8.156282320673032,0.8003989549184264,6.659163941027984e+16,6.659163941027984,5422515103.815681,6121501861.531911,360.50333834794094,1.0,0.0019999795100103,-1.0244994847483438e-05,45,91,120,22.65344673099753,cone,Promweaver FAL-C tabulated boundary,45,10,1,0.005,0.001,,
ok,79,12000,0.05,0.005,0.9070870174357568,6.926349157780468e+16,6.926349157780468,0.8228319739912714,5.699395523022399e+16,5.6993955230224,13733806272.120531,15140560947.443182,2723.186926091657,1.0000000000000002,0.0049999926545929,-1.4690814108611614e-06,45,91,137,32.78718933899654,cone,Promweaver FAL-C tabulated boundary,45,10,1,0.005,0.001,,
ok,79,12000,0.1,0.01,0.941932720399149,7.090825228254362e+16,7.090825228254362,0.859598934852222,5.905392275056207e+16,5.905392275056207,28032746322.473377,29760879641.80112,11082.417646522696,1.0,0.0099999969127422,-3.087257746323124e-07,45,91,145,50.0568021890067,cone,Promweaver FAL-C tabulated boundary,45,10,1,0.005,0.001,,
ok,79,12000,0.2,0.02,0.96599055877186,7.642903795324688e+16,7.642903795324688,0.8872670769247618,6.44794557361882e+16,6.44794557361882,56823413353.25118,58823984186.23808,42247.03583328662,1.0,0.0199999985927363,-7.03631821211137e-08,45,91,146,42.27815127599752,cone,Promweaver FAL-C tabulated boundary,45,10,1,0.005,0.001,,
ok,79,14000,0.01,0.001,0.972401237006185,1.1558996753672904e+17,11.558996753672904,0.8860982573292714,9.598268648561411e+16,9.598268648561412,2443780001.0558624,2513139543.69262,51.66590856306757,1.0,0.0009999850241629,-1.4975837061333848e-05,45,91,81,21.401562922997982,cone,Promweaver FAL-C tabulated boundary,45,10,1,0.005,0.001,,
ok,79,14000,0.02,0.002,0.9574741200731732,8.339063390138146e+16,8.339063390138145,0.8712175087147844,6.904247900604381e+16,6.904247900604381,4847725979.46138,5063036042.259712,281.81159049272424,1.0,0.0019999873922158,-6.303892053759891e-06,45,91,98,35.333372623004834,cone,Promweaver FAL-C tabulated boundary,45,10,1,0.005,0.001,,
ok,79,14000,0.05,0.005,0.9857811384470728,7.071858066497592e+16,7.071858066497592,0.8995875771030196,5.889242343044938e+16,5.889242343044938,12307209269.986504,12484727887.342598,2141.8331447121004,1.0,0.0049999953776819,-9.244636195449016e-07,45,91,117,40.70634038900607,cone,Promweaver FAL-C tabulated boundary,45,10,1,0.005,0.001,,
ok,79,14000,0.1,0.01,1.0107858299697878,7.162314102903001e+16,7.162314102903001,0.9246596805679846,5.993754004391091e+16,5.993754004391091,24937832865.748096,24671727804.586933,8682.885155622003,1.0,0.0099999976351002,-2.3648997031500133e-07,45,91,128,44.48566249200667,cone,Promweaver FAL-C tabulated boundary,45,10,1,0.005,0.001,,
ok,79,14000,0.2,0.02,1.029408366208538,7.689747276180382e+16,7.689747276180382,0.9433930665204724,6.458356882228849e+16,6.458356882228848,50347448249.6274,48909111196.62301,32964.22436535545,1.0,0.0199999985848038,-7.075980842929928e-08,45,91,134,43.798649689997546,cone,Promweaver FAL-C tabulated boundary,45,10,1,0.005,0.001,,
ok,80,6000,0.01,0.001,0.6255267771737313,5.670674483867771e+16,5.670674483867772,0.6248821917388936,5.65899360621367e+16,5.65899360621367,4411607854.907556,7052628306.081761,343.2093293460833,1.0,0.0010000262396402,2.623964023167925e-05,45,91,65,22.93726156000048,cone,Promweaver FAL-C tabulated boundary,45,10,1,0.005,0.001,,
ok,80,6000,0.02,0.002,0.4590748627444199,4.895974280459298e+16,4.895974280459297,0.4584967333579807,4.883650694232885e+16,4.883650694232885,7172881194.011202,15624643769.712456,1050.867951425859,1.0,0.0020000487923638,2.439618194158104e-05,45,91,66,23.396539573004706,cone,Promweaver FAL-C tabulated boundary,45,10,1,0.005,0.001,,
ok,80,6000,0.05,0.005,0.2512983838182765,4.48632633121365e+16,4.48632633121365,0.2507748768277736,4.46765389230473e+16,4.46765389230473,11340976247.484594,45129523219.24078,2866.883341747808,1.0,0.0050000779412764,1.5588255286927418e-05,45,91,67,23.82953959199949,cone,Promweaver FAL-C tabulated boundary,45,10,1,0.005,0.001,,
ok,80,6000,0.1,0.01,0.1495414039331866,4.4362397624978056e+16,4.436239762497806,0.1490438914295626,4.406770822202082e+16,4.406770822202081,14608868850.802448,97691130794.3151,4810.809616380638,1.0000000000000002,0.0100000989046071,9.890460712230762e-06,45,91,67,14.010674110002585,cone,Promweaver FAL-C tabulated boundary,45,10,1,0.005,0.001,,
ok,80,6000,0.2,0.02,0.0878953813913892,4.428126670062205e+16,4.428126670062205,0.087417414779402,4.380098161260124e+16,4.380098161260124,18074819128.872208,205640146760.23608,7377.817097017582,1.0000000000000002,0.0200000930205643,4.651028218290164e-06,45,91,67,25.47571488500398,cone,Promweaver FAL-C tabulated boundary,45,10,1,0.005,0.001,,
ok,80,8000,0.01,0.001,0.7242619502658276,7.642605267681386e+16,7.642605267681386,0.7231721898297654,7.619623684768682e+16,7.619623684768682,3621838892.1556015,5000730593.15938,171.63933634257378,1.0,0.0009999727701096,-2.722989039805057e-05,45,91,103,25.93111973599298,cone,Promweaver FAL-C tabulated boundary,45,10,1,0.005,0.001,,
ok,80,8000,0.02,0.002,0.5826186005213548,6.362275449686666e+16,6.362275449686666,0.5815582720548368,6.339138656494903e+16,6.339138656494903,6321639782.208186,10850391279.219856,628.1263653551073,1.0,0.0019999490406195,-2.547969024982964e-05,45,91,105,36.43754539899237,cone,Promweaver FAL-C tabulated boundary,45,10,1,0.005,0.001,,
ok,80,8000,0.05,0.005,0.3772582408140025,5.666754833974861e+16,5.666754833974861,0.3762204549890462,5.63562078064201e+16,5.63562078064201,11669708821.99843,30932946081.75804,2403.176208960942,1.0,0.0049999351946005,-1.2961079898059225e-05,45,91,106,27.661810163001064,cone,Promweaver FAL-C tabulated boundary,45,10,1,0.005,0.001,,
ok,80,8000,0.1,0.01,0.2759698114337692,5.5497895484681336e+16,5.549789548468134,0.274944968656745,5.508646636207501e+16,5.508646636207501,18342850411.930595,66466873012.78513,6062.575135436135,1.0,0.0099999599968351,-4.000316489866095e-06,45,91,106,30.88219128799392,cone,Promweaver FAL-C tabulated boundary,45,10,1,0.005,0.001,,
ok,80,8000,0.2,0.02,0.2254936549604963,5.5209989731083416e+16,5.520998973108342,0.2244819076189181,5.471566764511678e+16,5.471566764511678,31129372545.503902,138049882383.41956,17551.856825128165,1.0,0.0199999850479477,-7.476026122818501e-07,45,91,106,39.72510631699697,cone,Promweaver FAL-C tabulated boundary,45,10,1,0.005,0.001,,
ok,80,10000,0.01,0.001,0.8378916772700514,9.713132700320218e+16,9.713132700320218,0.7899811135898083,8.634098242794493e+16,8.634098242794494,3154098438.738399,3764327208.756648,102.42150774820604,1.0,0.0009999748834261,-2.5116573845046508e-05,45,91,118,28.20376393200422,cone,Promweaver FAL-C tabulated boundary,45,10,1,0.005,0.001,,
ok,80,10000,0.02,0.002,0.7314219141800389,7.590119446775128e+16,7.590119446775128,0.6964448786418882,6.881548459357603e+16,6.881548459357603,5829220130.005969,7969709434.452509,447.684750712376,1.0,0.0019999604502789,-1.977486052229076e-05,45,91,132,26.221316716008005,cone,Promweaver FAL-C tabulated boundary,45,10,1,0.005,0.001,,
ok,80,10000,0.05,0.005,0.6633186636249807,6.435838210860766e+16,6.435838210860767,0.6435755069050888,6.058424479083821e+16,6.058424479083821,13730828392.658327,20700199083.228725,2929.465318604028,1.0,0.0049999775384846,-4.492303072589631e-06,45,91,142,28.86380684099277,cone,Promweaver FAL-C tabulated boundary,45,10,1,0.005,0.001,,
ok,80,10000,0.1,0.01,0.6797791559924501,6.451387581452559e+16,6.451387581452559,0.668365724741759,6.236569793333098e+16,6.236569793333097,27880905613.78975,41014652138.14148,12049.26673573114,1.0,0.0099999921943241,-7.805675805369615e-07,45,91,142,33.32394333099364,cone,Promweaver FAL-C tabulated boundary,45,10,1,0.005,0.001,,
ok,80,10000,0.2,0.02,0.6907683540639069,6.6304991893201416e+16,6.630499189320141,0.6842497183486046,6.505948401746562e+16,6.505948401746561,56312853763.5172,81522052120.97394,47826.52721078797,1.0000000000000002,0.0199999965459194,-1.7270402868224674e-07,45,91,138,49.20612239399634,cone,Promweaver FAL-C tabulated boundary,45,10,1,0.005,0.001,,
ok,80,12000,0.01,0.001,0.9293762268268968,1.0921030865313155e+17,10.921030865313156,0.8435832415009009,8.997801401849538e+16,8.997801401849538,2783083872.9984846,2994571835.0259185,70.9233033004723,1.0,0.0009999807359625,-1.9264037467428205e-05,45,91,102,26.615188844007207,cone,Promweaver FAL-C tabulated boundary,45,10,1,0.005,0.001,,
ok,80,12000,0.02,0.002,0.8853597646221132,8.131398213961555e+16,8.131398213961555,0.7999440030634608,6.638116055855427e+16,6.638116055855427,5420981492.2232895,6122913767.757515,361.4020561503199,1.0,0.0019999794996489,-1.0250175511324068e-05,45,91,120,41.6852408679988,cone,Promweaver FAL-C tabulated boundary,45,10,1,0.005,0.001,,
ok,80,12000,0.05,0.005,0.9068007337642088,6.90246166219376e+16,6.90246166219376,0.822545365304719,5.6793678242882536e+16,5.679367824288254,13731443984.78242,15142735855.298664,2731.6711505977564,1.0,0.0049999926545559,-1.4690888143140122e-06,45,91,137,47.433027887993376,cone,Promweaver FAL-C tabulated boundary,45,10,1,0.005,0.001,,
ok,80,12000,0.1,0.01,0.9417132362444492,7.066337650743411e+16,7.066337650743411,0.8593789915333763,5.884729456377665e+16,5.884729456377665,28029247664.938496,29764100775.22016,11118.046766132202,1.0,0.0099999969115397,-3.088460267045012e-07,45,91,145,33.57559175499773,cone,Promweaver FAL-C tabulated boundary,45,10,1,0.005,0.001,,
ok,80,12000,0.2,0.02,0.9657953218187494,7.61664282861519e+16,7.61664282861519,0.8870711115512966,6.425549418160076e+16,6.425549418160076,56817334222.23023,58829581111.693474,42383.62675997433,1.0,0.019999998592361,-7.038194783925976e-08,45,91,146,50.23237948300084,cone,Promweaver FAL-C tabulated boundary,45,10,1,0.005,0.001,,
ok,80,14000,0.01,0.001,0.9720935182355996,1.1534325287588592e+17,11.534325287588592,0.8857905261199616,9.577191302828234e+16,9.577191302828233,2443371829.753093,2513515195.727197,51.75912547615605,1.0,0.0009999849942114,-1.500578855639402e-05,45,91,81,28.46536574199854,cone,Promweaver FAL-C tabulated boundary,45,10,1,0.005,0.001,,
ok,80,14000,0.02,0.002,0.9572013604033812,8.311709421921378e+16,8.311709421921378,0.8709447394125496,6.881212001836404e+16,6.881212001836404,4846991912.72577,5063711893.057866,282.6534159154733,1.0,0.0019999873945374,-6.302731265063824e-06,45,91,98,34.254277596002794,cone,Promweaver FAL-C tabulated boundary,45,10,1,0.005,0.001,,
ok,80,14000,0.05,0.005,0.9856136613514545,7.047020149315626e+16,7.047020149315626,0.8994200930737866,5.868366851292245e+16,5.868366851292245,12306113081.783075,12485737124.330412,2148.9993780752816,1.0,0.0049999953776105,-9.244778879924364e-07,45,91,117,37.1981359479978,cone,Promweaver FAL-C tabulated boundary,45,10,1,0.005,0.001,,
ok,80,14000,0.1,0.01,1.0106632312042354,7.137352858703411e+16,7.137352858703411,0.9245370743424164,5.972730218515252e+16,5.972730218515252,24936266051.71236,24673170331.9216,8712.156690467213,1.0,0.0099999976339965,-2.366003440043562e-07,45,91,128,44.51496879399929,cone,Promweaver FAL-C tabulated boundary,45,10,1,0.005,0.001,,
ok,80,14000,0.2,0.02,1.0293130832460549,7.6634079127767e+16,7.663407912776701,0.9432977736750494,6.436126567684055e+16,6.436126567684055,50345055536.63476,48911314114.32754,33074.37951672941,1.0,0.0199999985842549,-7.078725036691047e-08,45,91,134,30.182315660000317,cone,Promweaver FAL-C tabulated boundary,45,10,1,0.005,0.001,,
ok,81,6000,0.01,0.001,0.6237108177134405,5.647694529900787e+16,5.647694529900787,0.6230659694694648,5.636022379500042e+16,5.636022379500043,4403472648.885914,7060119086.96613,343.33605096426777,1.0,0.0010000263177861,2.631778610621624e-05,45,91,65,23.064553332995278,cone,Promweaver FAL-C tabulated boundary,45,10,1,0.005,0.001,,
ok,81,6000,0.02,0.002,0.4569589830405085,4.874391407451585e+16,4.874391407451585,0.4563804339973113,4.862056430518658e+16,4.862056430518658,7149611346.150435,15646068053.150925,1048.6835817669362,1.0,0.0020000488126956,2.4406347821437704e-05,45,91,66,19.455441655009054,cone,Promweaver FAL-C tabulated boundary,45,10,1,0.005,0.001,,
ok,81,6000,0.05,0.005,0.2499202575137652,4.467906783432425e+16,4.467906783432425,0.249396264325808,4.449191226212556e+16,4.449191226212556,11290415468.006264,45176071681.12174,2853.091785909304,1.0,0.0050000777811225,1.5556224517224156e-05,45,91,67,23.77295248600421,cone,Promweaver FAL-C tabulated boundary,45,10,1,0.005,0.001,,
ok,81,6000,0.1,0.01,0.1487217046550153,4.418601863137726e+16,4.418601863137726,0.1482237243909112,4.389060880485092e+16,4.389060880485092,14538435502.16431,97755976747.90392,4783.551752284305,1.0000000000000002,0.010000098855753,9.885575305047798e-06,45,91,67,17.187104680997436,cone,Promweaver FAL-C tabulated boundary,45,10,1,0.005,0.001,,
ok,81,6000,0.2,0.02,0.0874233519949988,4.41064601747995e+16,4.410646017479951,0.0869449509953421,4.362505925565059e+16,4.362505925565059,17984981883.721428,205722858633.35776,7333.60990829635,1.0,0.0200000930762468,4.6538123403550005e-06,45,91,67,19.14726690801035,cone,Promweaver FAL-C tabulated boundary,45,10,1,0.005,0.001,,
ok,81,8000,0.01,0.001,0.7227387417025217,7.617594812868093e+16,7.617594812868092,0.7216489003573668,7.59463849437181e+16,7.59463849437181,3617264227.57916,5004940262.449666,171.7681343462976,1.0,0.0009999725148439,-2.7485156093133917e-05,45,91,103,28.0224010279926,cone,Promweaver FAL-C tabulated boundary,45,10,1,0.005,0.001,,
ok,81,8000,0.02,0.002,0.5806504980695787,6.334221383430306e+16,6.334221383430306,0.5795900735162115,6.311106513438346e+16,6.311106513438347,6307722835.453616,10863200593.858389,628.1335141361305,1.0,0.0019999485938182,-2.570309087053177e-05,45,91,105,28.008155249000996,cone,Promweaver FAL-C tabulated boundary,45,10,1,0.005,0.001,,
ok,81,8000,0.05,0.005,0.3755380496604384,5.642419439093436e+16,5.642419439093436,0.3745001575311714,5.611274098841623e+16,5.611274098841623,11630168198.516727,30969347071.57564,2397.21300030687,1.0,0.0049999348074456,-1.3038510865079345e-05,45,91,106,21.031204877988785,cone,Promweaver FAL-C tabulated boundary,45,10,1,0.005,0.001,,
ok,81,8000,0.1,0.01,0.2748822065502644,5.527176338403021e+16,5.527176338403021,0.2738572805821129,5.486035913425418e+16,5.486035913425417,18285160538.089462,66519986024.4351,6049.148343262519,1.0,0.0099999598964456,-4.0103554392253984e-06,45,91,106,30.962807226998848,cone,Promweaver FAL-C tabulated boundary,45,10,1,0.005,0.001,,
ok,81,8000,0.2,0.02,0.2247881275221831,5.498600398024739e+16,5.498600398024739,0.2237763190023418,5.449211583718809e+16,5.449211583718808,31048675006.190388,138124176523.18567,17532.101805149112,1.0,0.0199999847623785,-7.618810738546643e-07,45,91,106,36.90292296100233,cone,Promweaver FAL-C tabulated boundary,45,10,1,0.005,0.001,,
ok,81,10000,0.01,0.001,0.8367357441454577,9.683359987589507e+16,9.683359987589506,0.7888087667643074,8.605832544460261e+16,8.605832544460261,3151639874.6426,3766589268.707899,102.57631557814072,1.0000000000000002,0.0009999746602712,-2.533972871528005e-05,45,91,118,39.91423991200281,cone,Promweaver FAL-C tabulated boundary,45,10,1,0.005,0.001,,
ok,81,10000,0.02,0.002,0.7300325030095496,7.556849399158763e+16,7.5568493991587635,0.6950322780911047,6.84961753978721e+16,6.84961753978721,5822597190.002102,7975805414.140493,448.63455980470445,1.0,0.0019999602071476,-1.9896426181088837e-05,45,91,132,39.70504757299205,cone,Promweaver FAL-C tabulated boundary,45,10,1,0.005,0.001,,
ok,81,10000,0.05,0.005,0.6624075647459748,6.408413597693451e+16,6.408413597693452,0.6426519573082781,6.031865312844371e+16,6.031865312844372,13719113109.580215,20710984958.09197,2936.983726849321,1.0,0.0049999775176637,-4.496467258773006e-06,45,91,142,48.94839591201162,cone,Promweaver FAL-C tabulated boundary,45,10,1,0.005,0.001,,
ok,81,10000,0.1,0.01,0.679124586973415,6.425454182658493e+16,6.425454182658493,0.6677057629412119,6.211195121259966e+16,6.211195121259967,27864387046.40634,41029860471.679726,12083.56706623806,1.0,0.0099999921999352,-7.800064712182308e-07,45,91,142,49.01165874100116,cone,Promweaver FAL-C tabulated boundary,45,10,1,0.005,0.001,,
ok,81,10000,0.2,0.02,0.6901191605565515,6.603478565407396e+16,6.603478565407396,0.6835975833332882,6.479263453570485e+16,6.479263453570485,56280492056.0894,81551846800.9229,47967.04880165119,1.0000000000000002,0.0199999965368307,-1.7315846499721396e-07,45,91,138,35.21852887699788,cone,Promweaver FAL-C tabulated boundary,45,10,1,0.005,0.001,,
ok,81,12000,0.01,0.001,0.928543721048786,1.088327296494306e+17,10.88327296494306,0.8427505415403288,8.965053534593186e+16,8.965053534593185,2781739471.2291265,2995808822.106044,71.10061936992484,1.0000000000000002,0.0009999805964565,-1.940354343822268e-05,45,91,102,35.40831141000672,cone,Promweaver FAL-C tabulated boundary,45,10,1,0.005,0.001,,
ok,81,12000,0.02,0.002,0.8845966312231122,8.09345740900888e+16,8.09345740900888,0.7991805042625687,6.6059196228099976e+16,6.605919622809997,5418406133.084699,6125284612.030219,362.7513377703087,1.0,0.0019999794574508,-1.0271274568287442e-05,45,91,120,22.70650635000493,cone,Promweaver FAL-C tabulated boundary,45,10,1,0.005,0.001,,
ok,81,12000,0.05,0.005,0.9064207217654988,6.873557060493914e+16,6.873557060493915,0.8221649217325346,5.65509334786751e+16,5.655093347867511,13728307251.96108,15145623795.119663,2741.905222369748,1.0,0.0049999926574638,-1.468507222768256e-06,45,91,137,39.14939748198958,cone,Promweaver FAL-C tabulated boundary,45,10,1,0.005,0.001,,
ok,81,12000,0.1,0.01,0.941452848200195,7.038674303483614e+16,7.038674303483615,0.859118058617106,5.861373796389239e+16,5.861373796389239,28025096006.37323,29767923120.047577,11158.436550725468,1.0,0.009999996911624,-3.088375950810462e-07,45,91,145,27.518790764996083,cone,Promweaver FAL-C tabulated boundary,45,10,1,0.005,0.001,,
ok,81,12000,0.2,0.02,0.965573650825072,7.587496824858202e+16,7.587496824858202,0.8868486133282163,6.400688514472178e+16,6.400688514472178,56810430608.22363,58835937123.67746,42536.097218757095,1.0,0.0199999985924278,-7.037860971087495e-08,45,91,146,42.3678682109894,cone,Promweaver FAL-C tabulated boundary,45,10,1,0.005,0.001,,
ok,81,14000,0.01,0.001,0.9715320789061672,1.1490345240272365e+17,11.490345240272363,0.885229064081313,9.5395989320445e+16,9.5395989320445,2442626728.0265474,2514200797.956834,51.92555321626045,1.0,0.0009999849108225,-1.508917744984066e-05,45,91,81,23.80502644700755,cone,Promweaver FAL-C tabulated boundary,45,10,1,0.005,0.001,,
ok,81,14000,0.02,0.002,0.9567895476624584,8.272940852688939e+16,8.27294085268894,0.8705329121208012,6.848531615391146e+16,6.848531615391146,4845883244.252204,5064732632.260904,283.8480878210529,1.0,0.0019999873969632,-6.301518382838614e-06,45,91,98,34.13246279799205,cone,Promweaver FAL-C tabulated boundary,45,10,1,0.005,0.001,,
ok,81,14000,0.05,0.005,0.9854085820237044,7.017772702596421e+16,7.017772702596421,0.8992150052536384,5.843777985683152e+16,5.843777985683152,12304770542.54832,12486973187.587202,2157.4847821552776,1.0,0.0049999953809145,-9.2381708550332e-07,45,91,117,34.34358693599643,cone,Promweaver FAL-C tabulated boundary,45,10,1,0.005,0.001,,
ok,81,14000,0.1,0.01,1.010522428784933,7.109322095048235e+16,7.109322095048235,0.924396263354168,5.949118763653339e+16,5.949118763653339,24934466371.270386,24674827258.660603,8745.244692923077,1.0,0.0099999976337792,-2.3662207419145043e-07,45,91,128,44.23241847900499,cone,Promweaver FAL-C tabulated boundary,45,10,1,0.005,0.001,,
ok,81,14000,0.2,0.02,1.0292059046395527,7.634186799917923e+16,7.634186799917924,0.9431905839506266,6.411463247654586e+16,6.411463247654585,50342363847.454414,48913792294.1525,33197.42710221255,1.0,0.0199999985839284,-7.08035784516281e-08,45,91,134,46.00441699499788,cone,Promweaver FAL-C tabulated boundary,45,10,1,0.005,0.001,,
ok,82,6000,0.01,0.001,0.6221266897884176,5.6266813015425256e+16,5.626681301542526,0.6214816114013689,5.61501882578118e+16,5.61501882578118,4396361749.949021,7066666359.297661,343.5061557710076,1.0000000000000002,0.0010000263553837,2.6355383787477968e-05,45,91,65,22.95644496800378,cone,Promweaver FAL-C tabulated boundary,45,10,1,0.005,0.001,,
ok,82,6000,0.02,0.002,0.455136023225306,4.854586240843833e+16,4.854586240843833,0.4545571102684377,4.842244455574473e+16,4.842244455574472,7129511702.381976,15664573530.917048,1047.0498327281994,1.0,0.0020000488271142,2.441355713531275e-05,45,91,66,23.254095576005057,cone,Promweaver FAL-C tabulated boundary,45,10,1,0.005,0.001,,
ok,82,6000,0.05,0.005,0.2487256877092578,4.45031519191518e+16,4.45031519191518,0.2482012697226851,4.431568716526206e+16,4.431568716526207,11246504533.889566,45216497891.58853,2842.1327204100035,1.0000000000000002,0.0050000776318349,1.5526366985152414e-05,45,91,67,13.180507596000098,cone,Promweaver FAL-C tabulated boundary,45,10,1,0.005,0.001,,
ok,82,6000,0.1,0.01,0.1480217454179357,4.401652894294042e+16,4.401652894294043,0.1475233625600455,4.372062440785608e+16,4.372062440785608,14478216840.65136,97811418178.94714,4762.2738075656525,1.0000000000000002,0.010000098800075,9.880007502578725e-06,45,91,67,23.98793669800216,cone,Promweaver FAL-C tabulated boundary,45,10,1,0.005,0.001,,
ok,82,6000,0.2,0.02,0.0870251172663685,4.393833957903072e+16,4.393833957903072,0.0865463469825716,4.345621428056769e+16,4.345621428056769,17909133108.13963,205792691474.61105,7299.70799438522,1.0,0.0200000931190293,4.655951466731033e-06,45,91,67,15.69564777200867,cone,Promweaver FAL-C tabulated boundary,45,10,1,0.005,0.001,,
ok,82,8000,0.01,0.001,0.721398582522937,7.594217159703578e+16,7.594217159703578,0.7203086697293452,7.571287306411346e+16,7.571287306411346,3613232984.526624,5008649964.19887,171.9130797279013,1.0,0.0009999723014687,-2.769853123751019e-05,45,91,103,30.267249195007025,cone,Promweaver FAL-C tabulated boundary,45,10,1,0.005,0.001,,
ok,82,8000,0.02,0.002,0.578940876635737,6.308657317824573e+16,6.308657317824573,0.5778803681490186,6.285565989693102e+16,6.285565989693103,6295607045.522809,10874352286.38024,628.2583769394489,1.0,0.0019999482267879,-2.588660604624371e-05,45,91,105,37.28880345600192,cone,Promweaver FAL-C tabulated boundary,45,10,1,0.005,0.001,,
ok,82,8000,0.05,0.005,0.3740381711762965,5.619464179761027e+16,5.619464179761027,0.3730001857227028,5.588318542150599e+16,5.588318542150599,11595615760.366142,31001156175.85122,2392.7246541817017,1.0,0.0049999344960322,-1.3100793555716191e-05,45,91,106,36.85319554401213,cone,Promweaver FAL-C tabulated boundary,45,10,1,0.005,0.001,,
ok,82,8000,0.1,0.01,0.27391794252883,5.505518068561681e+16,5.505518068561681,0.272892942376205,5.464391894276133e+16,5.464391894276133,18233940931.702087,66567165200.51604,6038.970315969927,1.0,0.0099999625796926,-3.7420307359703463e-06,45,91,107,23.58964506699704,cone,Promweaver FAL-C tabulated boundary,45,10,1,0.005,0.001,,
ok,82,8000,0.2,0.02,0.2241509046341214,5.477152806630087e+16,5.477152806630087,0.2231390406112984,5.427814395916487e+16,5.427814395916487,30975725366.386566,138191391272.53506,17518.144843655555,1.0000000000000002,0.0199999909475639,-4.526218042727458e-07,45,91,107,30.77536966500338,cone,Promweaver FAL-C tabulated boundary,45,10,1,0.005,0.001,,
ok,82,10000,0.01,0.001,0.8357117952608281,9.655272700981235e+16,9.655272700981236,0.7877702520071334,8.579275897461498e+16,8.579275897461498,3149459579.6945386,3768595342.981348,102.73242352980512,1.0,0.0009999744687355,-2.5531264407317733e-05,45,91,118,22.583187732001534,cone,Promweaver FAL-C tabulated boundary,45,10,1,0.005,0.001,,
ok,82,10000,0.02,0.002,0.7287697254600934,7.526752292498011e+16,7.526752292498011,0.6937483259331277,6.820730248228288e+16,6.820730248228288,5816576803.166934,7981364483.129099,449.4975308389107,1.0,0.0019999626404094,-1.8679795285667797e-05,45,91,133,25.80755045199476,cone,Promweaver FAL-C tabulated boundary,45,10,1,0.005,0.001,,
ok,82,10000,0.05,0.005,0.6615893295442486,6.382704192106014e+16,6.382704192106014,0.6418225151841234,6.006999966039922e+16,6.006999966039922,13708581500.466007,20720681075.53894,2944.288206045026,1.0,0.0049999775007722,-4.4998455501696335e-06,45,91,142,49.07664989199839,cone,Promweaver FAL-C tabulated boundary,45,10,1,0.005,0.001,,
ok,82,10000,0.1,0.01,0.678512617973761,6.400743437851578e+16,6.400743437851578,0.667088743424505,6.1870238116683016e+16,6.187023811668301,27848932437.527187,41044089232.55153,12116.76495770112,1.0,0.0099999922042653,-7.795734611668047e-07,45,91,142,48.821801324011176,cone,Promweaver FAL-C tabulated boundary,45,10,1,0.005,0.001,,
ok,82,10000,0.2,0.02,0.6895017009282055,6.577702942754757e+16,6.577702942754756,0.6829773210481744,6.453809441200155e+16,6.453809441200155,56249690296.99825,81580205271.82901,48102.31909291905,1.0000000000000002,0.0199999965281086,-1.735945689279594e-07,45,91,138,39.25589380899328,cone,Promweaver FAL-C tabulated boundary,45,10,1,0.005,0.001,,
ok,82,12000,0.01,0.001,0.9278014824412096,1.0847905057417816e+17,10.847905057417815,0.8420081296650146,8.934460243915595e+16,8.934460243915595,2780539916.3872666,2996912560.509361,71.27092453059554,1.0000000000000002,0.0009999804765349,-1.9523465083970057e-05,45,91,102,35.50728595998953,cone,Promweaver FAL-C tabulated boundary,45,10,1,0.005,0.001,,
ok,82,12000,0.02,0.002,0.8839101622196376,8.058395266275826e+16,8.058395266275825,0.7984937063182996,6.576204450372274e+16,6.576204450372274,5416087799.000616,6127418860.532123,364.01797227849306,1.0,0.0019999794227691,-1.028861543487733e-05,45,91,120,37.122898628003895,cone,Promweaver FAL-C tabulated boundary,45,10,1,0.005,0.001,,
ok,82,12000,0.05,0.005,0.9060680879643336,6.846313260254426e+16,6.846313260254425,0.8218118872997149,5.632224214116608e+16,5.632224214116608,13725395435.094212,15148304655.48247,2751.6485543155554,1.0000000000000002,0.004999992659636,-1.4680728001315031e-06,45,91,137,25.82443200200214,cone,Promweaver FAL-C tabulated boundary,45,10,1,0.005,0.001,,
ok,82,12000,0.1,0.01,0.9412062502126868,7.012358252078987e+16,7.012358252078987,0.8588709444781228,5.839159147522335e+16,5.839159147522335,28021163234.12394,29771543939.271465,11197.168780711274,1.0,0.0099999969114212,-3.088578705290334e-07,45,91,145,41.85637166599918,cone,Promweaver FAL-C tabulated boundary,45,10,1,0.005,0.001,,
ok,82,12000,0.2,0.02,0.9653620471365212,7.559737017806938e+16,7.559737017806937,0.8866362197961275,6.3770112580895736e+16,6.377011258089573,56803839133.41673,58842005755.1564,42682.386076323295,1.0,0.019999998592398,-7.038009602194915e-08,45,91,146,50.0387540889933,cone,Promweaver FAL-C tabulated boundary,45,10,1,0.005,0.001,,
ok,82,14000,0.01,0.001,0.9710296708164295,1.1449289448765382e+17,11.449289448765382,0.8847266356512165,9.504553919125042e+16,9.504553919125042,2441959633.137932,2514814641.127044,52.08329195064738,1.0,0.00099998484007,-1.5159929999926727e-05,45,91,81,28.461453841999173,cone,Promweaver FAL-C tabulated boundary,45,10,1,0.005,0.001,,
ok,82,14000,0.02,0.002,0.9564139884490558,8.236882553437933e+16,8.236882553437933,0.870157339629342,6.81815092059609e+16,6.81815092059609,4844871787.478804,5065663871.494985,284.97168054570506,1.0,0.0019999873995549,-6.300222541583134e-06,45,91,98,27.30060595400573,cone,Promweaver FAL-C tabulated boundary,45,10,1,0.005,0.001,,
ok,82,14000,0.05,0.005,0.9852153469782496,6.990085124768098e+16,6.990085124768098,0.8990217622042774,5.820503264412489e+16,5.820503264412489,12303505296.390903,12488138084.863316,2165.585109141873,1.0,0.0049999953834046,-9.233190653018528e-07,45,91,117,40.65306938999856,cone,Promweaver FAL-C tabulated boundary,45,10,1,0.005,0.001,,
ok,82,14000,0.1,0.01,1.010388190981213,7.082630625356722e+16,7.082630625356723,0.9242620173797772,5.92663636729368e+16,5.92663636729368,24932750371.436867,24676407141.32264,8776.993661914648,1.0,0.0099999976333293,-2.366670680611915e-07,45,91,128,44.45739075299935,cone,Promweaver FAL-C tabulated boundary,45,10,1,0.005,0.001,,
ok,82,14000,0.2,0.02,1.029103413980215,7.606355233939528e+16,7.606355233939528,0.9430880826585352,6.387973120506886e+16,6.387973120506887,50339789636.35672,48916162314.20306,33315.488728761025,1.0,0.019999998583563,-7.082184699802596e-08,45,91,134,47.84050128699164,cone,Promweaver FAL-C tabulated boundary,45,10,1,0.005,0.001,,
ok,83,6000,0.01,0.001,0.6206497850264592,5.607455881828323e+16,5.607455881828323,0.6200044913153878,5.595801725050997e+16,5.595801725050997,4389720356.096691,7072781562.164806,343.6432708668366,1.0000000000000002,0.0010000264104325,2.641043251499012e-05,45,91,65,22.82210648000182,cone,Promweaver FAL-C tabulated boundary,45,10,1,0.005,0.001,,
ok,83,6000,0.02,0.002,0.4533715553707352,4.8354262374247176e+16,4.835426237424717,0.4527922881112955,4.823077801942294e+16,4.823077801942294,7110010966.391721,15682525474.227549,1045.4560458590302,1.0,0.0020000486496388,2.4324819402656017e-05,45,91,66,12.602210035998723,cone,Promweaver FAL-C tabulated boundary,45,10,1,0.005,0.001,,
ok,83,6000,0.05,0.005,0.2475389308368349,4.4330723778308936e+16,4.433072377830894,0.2470140877016598,4.414293908966091e+16,4.414293908966092,11202802932.952314,45256731517.26033,2831.056722244936,1.0,0.0050000774954896,1.5499097937889114e-05,45,91,67,19.47591417199874,cone,Promweaver FAL-C tabulated boundary,45,10,1,0.005,0.001,,
ok,83,6000,0.1,0.01,0.1473120386598681,4.384971117310415e+16,4.384971117310415,0.1468132445870207,4.3553266329821e+16,4.3553266329821,14417089851.590948,97867696236.82196,4740.110578341413,1.0000000000000002,0.0100000987757846,9.877578461929546e-06,45,91,67,16.52832192099595,cone,Promweaver FAL-C tabulated boundary,45,10,1,0.005,0.001,,
ok,83,6000,0.2,0.02,0.0866185935056448,4.377281192045948e+16,4.377281192045948,0.0861394435676022,4.328987335430857e+16,4.328987335430857,17831652478.66351,205864027075.2196,7264.048530800642,1.0,0.0200000931929382,4.6596469131104925e-06,45,91,67,23.385307454009308,cone,Promweaver FAL-C tabulated boundary,45,10,1,0.005,0.001,,
ok,83,8000,0.01,0.001,0.7201626519928063,7.574464780318928e+16,7.574464780318928,0.7190726730877808,7.551553958719293e+16,7.551553958719293,3609510029.32602,5012076118.274009,172.00637972015957,1.0,0.0009999721224574,-2.7877542521821674e-05,45,91,103,35.85632457998872,cone,Promweaver FAL-C tabulated boundary,45,10,1,0.005,0.001,,
ok,83,8000,0.02,0.002,0.5773128964545384,6.284439178619406e+16,6.284439178619406,0.5762523076371883,6.261369943235789e+16,6.261369943235789,6284046689.789905,10884992745.49768,628.3654225472931,1.0,0.0019999478769287,-2.60615356060135e-05,45,91,105,27.39697678900848,cone,Promweaver FAL-C tabulated boundary,45,10,1,0.005,0.001,,
ok,83,8000,0.05,0.005,0.372561655217164,5.597030100624462e+16,5.597030100624463,0.3715235773098591,5.565883262378358e+16,5.565883262378359,11561532043.24878,31032533491.697178,2388.213405751647,1.0,0.0049999341550016,-1.3168999667134692e-05,45,91,106,26.890590419992805,cone,Promweaver FAL-C tabulated boundary,45,10,1,0.005,0.001,,
ok,83,8000,0.1,0.01,0.2729602079244991,5.484227260499995e+16,5.484227260499996,0.2719351337438322,5.443113693994669e+16,5.443113693994669,18182991229.96201,66614073048.30099,6028.582594491769,1.0,0.00999996252372,-3.747627996125712e-06,45,91,107,29.69780619899393,cone,Promweaver FAL-C tabulated boundary,45,10,1,0.005,0.001,,
ok,83,8000,0.2,0.02,0.2235135497976631,5.456024738857117e+16,5.456024738857117,0.2225016300941406,5.406734115429767e+16,5.406734115429767,30902679977.23941,138258642508.3143,17503.13965723906,1.0,0.0199999909342107,-4.532894610012605e-07,45,91,107,29.226290453996626,cone,Promweaver FAL-C tabulated boundary,45,10,1,0.005,0.001,,
ok,83,10000,0.01,0.001,0.8347271585749879,9.635527326507738e+16,9.635527326507738,0.7867715397321826,8.56019549019153e+16,8.56019549019153,3147366054.747437,3770532709.299277,102.80613345701242,1.0000000000000002,0.0009999759536651,-2.404633484866248e-05,45,91,119,41.1825840750098,cone,Promweaver FAL-C tabulated boundary,45,10,1,0.005,0.001,,
ok,83,10000,0.02,0.002,0.7276111230596856,7.49857930093677e+16,7.498579300936769,0.6925702832427602,6.793726129369298e+16,6.793726129369298,5811038681.997932,7986462133.1816225,450.3275781781456,1.0000000000000002,0.001999962463284,-1.8768357958704948e-05,45,91,133,38.09425134700723,cone,Promweaver FAL-C tabulated boundary,45,10,1,0.005,0.001,,
ok,83,10000,0.05,0.005,0.6607866163397705,6.357576452872192e+16,6.357576452872192,0.6410087843731649,5.982697955210624e+16,5.982697955210624,13698240090.125166,20730202082.48536,2951.4671661076204,1.0,0.0049999774841047,-4.503179059159312e-06,45,91,142,37.732682171990746,cone,Promweaver FAL-C tabulated boundary,45,10,1,0.005,0.001,,
ok,83,10000,0.1,0.01,0.6779068931091393,6.376426117089638e+16,6.376426117089639,0.66647801127026,6.163237210587562e+16,6.163237210587561,27833624958.50429,41058182534.25434,12149.606442617584,1.0,0.0099999922086228,-7.791377170177082e-07,45,91,142,49.47687821800355,cone,Promweaver FAL-C tabulated boundary,45,10,1,0.005,0.001,,
ok,83,10000,0.2,0.02,0.6888891950076499,6.552296002338181e+16,6.55229600233818,0.6823620301890995,6.428719365846353e+16,6.428719365846352,56219114480.007576,81608355723.13379,48236.35610766583,1.0,0.0199999965194643,-1.7402678360867174e-07,45,91,138,47.57530353499169,cone,Promweaver FAL-C tabulated boundary,45,10,1,0.005,0.001,,
ok,83,12000,0.01,0.001,0.927123227328776,1.0819089875175886e+17,10.819089875175887,0.8413297161050672,8.909395997543683e+16,8.909395997543683,2779443006.8319764,2997921878.0227275,71.40437428061931,1.0,0.0009999803714517,-1.962854824337501e-05,45,91,102,35.426164801989216,cone,Promweaver FAL-C tabulated boundary,45,10,1,0.005,0.001,,
ok,83,12000,0.02,0.002,0.8832633157593812,8.026165251936459e+16,8.02616525193646,0.7978465496897925,6.5488712588117976e+16,6.548871258811798,5413901802.164422,6129431286.874908,365.18476512064734,1.0,0.0019999793913175,-1.0304341215797846e-05,45,91,120,23.563163885992253,cone,Promweaver FAL-C tabulated boundary,45,10,1,0.005,0.001,,
ok,83,12000,0.05,0.005,0.9057236290079028,6.819830486875725e+16,6.819830486875725,0.8214670368585616,5.609994897316314e+16,5.609994897316313,13722550124.20794,15150924282.762863,2761.188599537559,1.0,0.0049999926613707,-1.4677258587322826e-06,45,91,137,26.413995146009256,cone,Promweaver FAL-C tabulated boundary,45,10,1,0.005,0.001,,
ok,83,12000,0.1,0.01,0.9409627264478876,6.9865062857611336e+16,6.986506285761133,0.8586269108668153,5.8173367553927256e+16,5.817336755392725,28017278550.60021,29775120483.639965,11235.48545260352,1.0,0.0099999969111139,-3.088886079208319e-07,45,91,145,41.6186186010018,cone,Promweaver FAL-C tabulated boundary,45,10,1,0.005,0.001,,
ok,83,12000,0.2,0.02,0.965152268906902,7.53238694978285e+16,7.5323869497828495,0.8864256583600596,6.3536836503920616e+16,6.353683650392061,56797303179.43677,58848023269.69964,42827.50833120513,1.0,0.0199999985923534,-7.038232861106275e-08,45,91,146,33.444039202004205,cone,Promweaver FAL-C tabulated boundary,45,10,1,0.005,0.001,,
ok,83,14000,0.01,0.001,0.9705694102500824,1.1415154065773277e+17,11.415154065773276,0.8842663564353886,9.475339554955046e+16,9.475339554955047,2441348218.970062,2515377255.029097,52.21288378523995,1.0,0.0009999847766225,-1.5223377408495052e-05,45,91,81,28.51800997598912,cone,Promweaver FAL-C tabulated boundary,45,10,1,0.005,0.001,,
ok,83,14000,0.02,0.002,0.9560584826550376,8.20356764231923e+16,8.20356764231923,0.8698018212590685,6.790073423984383e+16,6.790073423984383,4843913995.561134,5066545701.377248,286.0158387108718,1.0,0.0019999874018836,-6.299058182175632e-06,45,91,98,32.169508420993225,cone,Promweaver FAL-C tabulated boundary,45,10,1,0.005,0.001,,
ok,83,14000,0.05,0.005,0.9850264182587382,6.963207875365671e+16,6.963207875365671,0.8988328256573651,5.797909778736287e+16,5.797909778736287,12302268017.685797,12489277231.196396,2173.506824554292,1.0,0.0049999953854958,-9.229008397781956e-07,45,91,117,41.09936687500158,cone,Promweaver FAL-C tabulated boundary,45,10,1,0.005,0.001,,
ok,83,14000,0.1,0.01,1.0102557508605492,7.056448825116822e+16,7.056448825116823,0.9241295691966798,5.904583473352131e+16,5.904583473352131,24931057136.374752,24677966064.670403,8808.362752165105,1.0,0.0099999976328226,-2.367177310072521e-07,45,91,128,44.262653241996304,cone,Promweaver FAL-C tabulated boundary,45,10,1,0.005,0.001,,
ok,83,14000,0.2,0.02,1.0290019359074534,7.578961271822682e+16,7.578961271822681,0.9429865940569828,6.3648524676154056e+16,6.364852467615406,50337240612.09378,48918509145.17719,33432.52065240406,1.0,0.0199999985831788,-7.08410557645478e-08,45,91,134,46.66739410100854,cone,Promweaver FAL-C tabulated boundary,45,10,1,0.005,0.001,,
ok,84,6000,0.01,0.001,0.6195993293152268,5.592442873335114e+16,5.592442873335115,0.61895388202109,5.580797453967661e+16,5.58079745396766,4384989426.21286,7077137141.286279,343.82349008299616,1.0,0.001000026402505,2.640250501518768e-05,45,91,65,16.724294668994844,cone,Promweaver FAL-C tabulated boundary,45,10,1,0.005,0.001,,
ok,84,6000,0.02,0.002,0.452127774062994,4.8196315844294376e+16,4.8196315844294375,0.4515482558210497,4.807284303121449e+16,4.807284303121449,7096237581.355123,15695203852.631311,1044.822346457383,1.0,0.0020000484259294,2.421296471568496e-05,45,91,66,19.416337558999658,cone,Promweaver FAL-C tabulated boundary,45,10,1,0.005,0.001,,
ok,84,6000,0.05,0.005,0.2465724909398977,4.416413637621503e+16,4.416413637621504,0.2460472992610366,4.397620028556962e+16,4.397620028556962,11167156754.70023,45289548368.241264,2823.680031275515,1.0,0.005000077330608,1.5466121617603575e-05,45,91,67,14.42645698999695,cone,Promweaver FAL-C tabulated boundary,45,10,1,0.005,0.001,,
ok,84,6000,0.1,0.01,0.1467092188820052,4.368322274976218e+16,4.368322274976218,0.1462100731211031,4.338648334278069e+16,4.338648334278068,14365113674.749235,97915548758.41003,4723.9301017366215,1.0,0.0100000986996011,9.869960113616237e-06,45,91,67,13.399123224997313,cone,Promweaver FAL-C tabulated boundary,45,10,1,0.005,0.001,,
ok,84,6000,0.2,0.02,0.0862737762945939,4.3607147158833736e+16,4.360714715883374,0.0857943021842073,4.312379292128534e+16,4.312379292128535,17765890553.40935,205924573102.5522,7237.961841578104,1.0,0.0200000932299752,4.661498761125703e-06,45,91,67,24.15839281700028,cone,Promweaver FAL-C tabulated boundary,45,10,1,0.005,0.001,,
ok,84,8000,0.01,0.001,0.7192532007873764,7.559226077550552e+16,7.559226077550552,0.7181631730978834,7.536331436144046e+16,7.536331436144047,3606767358.877777,5014600358.996525,172.09130468659652,1.0000000000000002,0.0009999720171208,-2.798287917766921e-05,45,91,103,36.54984427099407,cone,Promweaver FAL-C tabulated boundary,45,10,1,0.005,0.001,,
ok,84,8000,0.02,0.002,0.5761481287090682,6.2651589831700456e+16,6.265158983170045,0.5750874821704801,6.242112817542355e+16,6.242112817542355,6275761943.038692,10892618808.11853,628.6382847026279,1.0,0.0019999476935277,-2.615323612667128e-05,45,91,105,37.87237179899239,cone,Promweaver FAL-C tabulated boundary,45,10,1,0.005,0.001,,
ok,84,8000,0.05,0.005,0.3713964540023796,5.576308515065246e+16,5.576308515065247,0.3703583027203284,5.545177572340777e+16,5.545177572340777,11534586127.72523,31057340487.293198,2385.927478339217,1.0000000000000002,0.0049999339702817,-1.3205943651464764e-05,45,91,106,32.8827250690083,cone,Promweaver FAL-C tabulated boundary,45,10,1,0.005,0.001,,
ok,84,8000,0.1,0.01,0.272119130170668,5.463149436455378e+16,5.463149436455378,0.2710939906684302,5.422064922623611e+16,5.422064922623611,18138188243.55058,66655321998.76814,6022.055164061841,1.0,0.0099999624981796,-3.750182035050508e-06,45,91,107,39.26763932299218,cone,Promweaver FAL-C tabulated boundary,45,10,1,0.005,0.001,,
ok,84,8000,0.2,0.02,0.2229215730325827,5.43496181129317e+16,5.43496181129317,0.2219096014579255,5.385728864780123e+16,5.385728864780123,30834764291.00242,138321131829.15472,17493.824646680507,1.0,0.0199999862293851,-6.885307452658694e-07,45,91,107,24.51691073499387,cone,Promweaver FAL-C tabulated boundary,45,10,1,0.005,0.001,,
ok,84,10000,0.01,0.001,0.8340184839575833,9.61822451350965e+16,9.61822451350965,0.7860527522943299,8.543718764070336e+16,8.543718764070336,3145854270.765956,3771923921.6836696,102.89216142746548,1.0,0.0009999758554109,-2.414458902580928e-05,45,91,119,23.75534124999831,cone,Promweaver FAL-C tabulated boundary,45,10,1,0.005,0.001,,
ok,84,10000,0.02,0.002,0.7267223243362676,7.475737805253728e+16,7.475737805253728,0.6916665387835854,6.771900836836826e+16,6.771900836836825,5806785529.742694,7990377253.163602,451.04254679361,1.0000000000000002,0.0019999623631891,-1.8818405427261518e-05,45,91,133,47.94295563400374,cone,Promweaver FAL-C tabulated boundary,45,10,1,0.005,0.001,,
ok,84,10000,0.05,0.005,0.6601059659496101,6.334303006289946e+16,6.334303006289947,0.6403187663669573,5.960243175130175e+16,5.960243175130175,13689467908.655958,20738288418.530907,2958.518584223585,1.0,0.0049999789797893,-4.204042122410433e-06,45,91,143,32.880280254990794,cone,Promweaver FAL-C tabulated boundary,45,10,1,0.005,0.001,,
ok,84,10000,0.1,0.01,0.6773349879550855,6.352556789766552e+16,6.352556789766552,0.6659013708029956,6.1399007992025736e+16,6.139900799202573,27819162490.50006,41071497833.72001,12182.587693187485,1.0,0.0099999922102151,-7.789784813722055e-07,45,91,142,43.20542527199723,cone,Promweaver FAL-C tabulated boundary,45,10,1,0.005,0.001,,
ok,84,10000,0.2,0.02,0.6882840594721666,6.527057809576561e+16,6.527057809576561,0.681754138488249,6.403797674825421e+16,6.40379767482542,56188886305.220215,81636187170.03342,48370.8132566055,1.0000000000000002,0.0199999966701428,-1.664928575215163e-07,45,91,138,37.076740998993046,cone,Promweaver FAL-C tabulated boundary,45,10,1,0.005,0.001,,
ok,84,12000,0.01,0.001,0.9265950563420774,1.0796706365891763e+17,10.796706365891763,0.8408014216502925,8.889927256553173e+16,8.889927256553174,2778588347.035613,2998708365.6636977,71.50841136767743,1.0,0.0009999803031445,-1.969685541167339e-05,45,91,102,32.148523638010374,cone,Promweaver FAL-C tabulated boundary,45,10,1,0.005,0.001,,
ok,84,12000,0.02,0.002,0.8827296871416802,7.998618816040197e+16,7.998618816040197,0.797312665033056,6.525546079367026e+16,6.525546079367025,5412097362.368781,6131092497.74232,366.19819663140095,1.0,0.0019999793735484,-1.031322577099876e-05,45,91,120,24.29200700699585,cone,Promweaver FAL-C tabulated boundary,45,10,1,0.005,0.001,,
ok,84,12000,0.05,0.005,0.9054076771056888,6.794699468639798e+16,6.794699468639799,0.821150725748596,5.5889171203189176e+16,5.588917120318918,13719939419.625051,15153327905.815311,2770.3467761446664,1.0,0.004999992661817,-1.4676365832702596e-06,45,91,137,35.72443164899596,cone,Promweaver FAL-C tabulated boundary,45,10,1,0.005,0.001,,
ok,84,12000,0.1,0.01,0.940727108873956,6.961141807892687e+16,6.961141807892687,0.8583907998764946,5.795931860493616e+16,5.795931860493616,28013519096.070293,29778581728.76754,11273.398442423926,1.0000000000000002,0.0099999969101675,-3.089832494029831e-07,45,91,145,50.71414289400855,cone,Promweaver FAL-C tabulated boundary,45,10,1,0.005,0.001,,
ok,84,12000,0.2,0.02,0.9649446789180428,7.505282728931765e+16,7.505282728931765,0.8862172931613576,6.330567831647863e+16,6.330567831647863,56790834086.61293,58853979225.30691,42972.38295661439,1.0,0.0199999985920781,-7.039609277448287e-08,45,91,146,52.6435844880034,cone,Promweaver FAL-C tabulated boundary,45,10,1,0.005,0.001,,
ok,84,14000,0.01,0.001,0.970203263512482,1.1387908615533898e+17,11.387908615533895,0.8839001948504511,9.45202736676451e+16,9.45202736676451,2440861653.7559915,2515825029.199759,52.31694259163244,1.0,0.0009999847354427,-1.5264557274435875e-05,45,91,81,30.003438485000515,cone,Promweaver FAL-C tabulated boundary,45,10,1,0.005,0.001,,
ok,84,14000,0.02,0.002,0.9557498827672508,8.174030775788344e+16,8.174030775788344,0.8694932104486646,6.765192393595636e+16,6.765192393595636,4843082306.017664,5067311430.889368,286.9507941215112,1.0,0.0019999874040911,-6.2979544418126365e-06,45,91,98,23.782912385999225,cone,Promweaver FAL-C tabulated boundary,45,10,1,0.005,0.001,,
ok,84,14000,0.05,0.005,0.9848459123393648,6.937303742652782e+16,6.937303742652783,0.8986523122578467,5.776137578278484e+16,5.776137578278484,12301085684.860226,12490365782.846884,2181.20345655228,1.0,0.0049999953860812,-9.227837485456524e-07,45,91,117,29.633252683997853,cone,Promweaver FAL-C tabulated boundary,45,10,1,0.005,0.001,,
ok,84,14000,0.1,0.01,1.0101254207616304,7.030647961039618e+16,7.030647961039618,0.923999231162635,5.882852653138238e+16,5.882852653138238,24929390667.75415,24679500342.598537,8839.505583403023,1.0,0.0099999976318705,-2.368129491114867e-07,45,91,128,44.49230116599938,cone,Promweaver FAL-C tabulated boundary,45,10,1,0.005,0.001,,
ok,84,14000,0.2,0.02,1.0289010255736224,7.551784355442958e+16,7.551784355442958,0.9428856732521969,6.341915534105687e+16,6.341915534105687,50334705605.98129,48920843069.35082,33549.456250226765,1.0,0.0199999985826717,-7.086641030940033e-08,45,91,134,33.535280878000776,cone,Promweaver FAL-C tabulated boundary,45,10,1,0.005,0.001,,
ok,85,6000,0.01,0.001,0.6182005452241736,5.5741849297211656e+16,5.574184929721166,0.6175548928378813,5.562547585082651e+16,5.562547585082651,4378680769.197158,7082945498.874235,343.95782558825306,1.0,0.0010000264124304,2.641243042594138e-05,45,91,65,13.332968973001698,cone,Promweaver FAL-C tabulated boundary,45,10,1,0.005,0.001,,
ok,85,6000,0.02,0.002,0.4504471937751382,4.801012972765384e+16,4.801012972765384,0.4498673346485996,4.788660273635826e+16,4.788660273635826,7077594204.962095,15712372732.629805,1043.370222373297,1.0,0.0020000488143668,2.4407183423207773e-05,45,91,66,23.073555817012675,cone,Promweaver FAL-C tabulated boundary,45,10,1,0.005,0.001,,
ok,85,6000,0.05,0.005,0.2454155459457478,4.3991595093328456e+16,4.399159509332845,0.244889934235544,4.380336140609834e+16,4.380336140609835,11124416065.41726,45328897248.736046,2813.0971958159657,1.0,0.0050000771893941,1.543787882356262e-05,45,91,67,25.640636926997104,cone,Promweaver FAL-C tabulated boundary,45,10,1,0.005,0.001,,
ok,85,6000,0.1,0.01,0.1460050248563588,4.351516218826507e+16,4.351516218826507,0.1455054654260383,4.321789542735579e+16,4.321789542735579,14304332532.75587,97971508493.13995,4702.12953182643,1.0000000000000002,0.0100000986834936,9.86834936874542e-06,45,91,67,19.3991712579882,cone,Promweaver FAL-C tabulated boundary,45,10,1,0.005,0.001,,
ok,85,6000,0.2,0.02,0.0858686093751631,4.344030521120817e+16,4.344030521120817,0.0853887518067229,4.2956148890964136e+16,4.295614889096414,17688569601.81507,205995761786.8604,7202.654148883088,1.0,0.0200000933124996,4.665624984100113e-06,45,91,67,24.600546989997383,cone,Promweaver FAL-C tabulated boundary,45,10,1,0.005,0.001,,
ok,85,8000,0.01,0.001,0.7180209036596493,7.541924802945461e+16,7.541924802945461,0.7169308095119175,7.519041994917798e+16,7.5190419949177985,3603053082.6686354,5018033687.187089,172.13101238370749,1.0000000000000002,0.0009999736573962,-2.634260370688174e-05,45,91,104,25.81589223799529,cone,Promweaver FAL-C tabulated boundary,45,10,1,0.005,0.001,,
ok,85,8000,0.02,0.002,0.5745985873787364,6.241921081719832e+16,6.241921081719832,0.573537863735946,6.218896862068631e+16,6.218896862068632,6264722130.299284,10902780250.258438,628.7606468591873,1.0,0.0019999473719767,-2.631401161139364e-05,45,91,105,36.702085822995286,cone,Promweaver FAL-C tabulated boundary,45,10,1,0.005,0.001,,
ok,85,8000,0.05,0.005,0.3699464110785611,5.553991057069192e+16,5.553991057069192,0.3689081678896487,5.522860592703132e+16,5.522860592703132,11501003015.124931,31088294603.519222,2381.5859441392854,1.0,0.0049999381516372,-1.2369672540597784e-05,45,91,107,37.308303866986535,cone,Promweaver FAL-C tabulated boundary,45,10,1,0.005,0.001,,
ok,85,8000,0.1,0.01,0.2711685015666896,5.441728059199465e+16,5.441728059199465,0.2701432878828224,5.400658481953607e+16,5.400658481953607,18087482735.629574,66702004956.80079,6012.006262580975,1.0,0.0099999624343298,-3.756567014054357e-06,45,91,107,28.226438412995776,cone,Promweaver FAL-C tabulated boundary,45,10,1,0.005,0.001,,
ok,85,8000,0.2,0.02,0.2222816126647213,5.413672680921897e+16,5.413672680921897,0.2212695847873528,5.36448898644879e+16,5.364488986448791,30761282262.304398,138388784810.11923,17479.011794633003,1.0000000000000002,0.0199999861848847,-6.907557605767555e-07,45,91,107,38.13776678600698,cone,Promweaver FAL-C tabulated boundary,45,10,1,0.005,0.001,,
ok,85,10000,0.01,0.001,0.8331085178188532,9.596540224061494e+16,9.596540224061494,0.7851297841217916,8.523038376752774e+16,8.523038376752774,3143911377.328712,3773711719.524524,102.99731484180332,1.0,0.0009999757079824,-2.4292017547023276e-05,45,91,119,28.29161305598973,cone,Promweaver FAL-C tabulated boundary,45,10,1,0.005,0.001,,
ok,85,10000,0.02,0.002,0.7256099099446186,7.44867558064029e+16,7.448675580640289,0.6905353797461922,6.745971746153634e+16,6.745971746153634,5801456327.714617,7995282655.604037,451.8507371949043,1.0,0.0019999622010341,-1.8899482906410345e-05,45,91,133,46.195048647001386,cone,Promweaver FAL-C tabulated boundary,45,10,1,0.005,0.001,,
ok,85,10000,0.05,0.005,0.6593169290711836,6.309346840816787e+16,6.309346840816787,0.6395188577025962,5.936119818633612e+16,5.936119818633612,13679285489.341856,20747663052.74859,2965.803849748326,1.0,0.0049999789641643,-4.2071671339447e-06,45,91,143,50.11734046600759,cone,Promweaver FAL-C tabulated boundary,45,10,1,0.005,0.001,,
ok,85,10000,0.1,0.01,0.6767248710784248,6.328104682248045e+16,6.3281046822480445,0.6652861940616899,6.115984851031925e+16,6.115984851031925,27803723376.189724,41085712324.83575,12216.09111094944,1.0,0.0099999922139103,-7.786089613326385e-07,45,91,142,51.06170442700386,cone,Promweaver FAL-C tabulated boundary,45,10,1,0.005,0.001,,
ok,85,10000,0.2,0.02,0.6876616072272504,6.501458484077603e+16,6.501458484077603,0.6811288464137085,6.378517987534433e+16,6.378517987534432,56157771132.50883,81664834189.2242,48507.50437451534,1.0,0.0199999966606685,-1.669665733797232e-07,45,91,138,49.62179801700404,cone,Promweaver FAL-C tabulated boundary,45,10,1,0.005,0.001,,
ok,85,12000,0.01,0.001,0.9259306212950827,1.0768504410132669e+17,10.76850441013267,0.8401368311936374,8.865404286480048e+16,8.865404286480048,2777512518.503588,2999698308.5176845,71.64017858584971,1.0,0.0009999802042146,-1.9795785344495567e-05,45,91,102,25.210244868998416,cone,Promweaver FAL-C tabulated boundary,45,10,1,0.005,0.001,,
ok,85,12000,0.02,0.002,0.8820977917981363,7.967197695866974e+16,7.967197695866974,0.7966804663224257,6.498909088675267e+16,6.498909088675267,5409959353.569581,6133060760.237821,367.3520016009864,1.0,0.0019999793452865,-1.0327356729121148e-05,45,91,120,22.93649811099749,cone,Promweaver FAL-C tabulated boundary,45,10,1,0.005,0.001,,
ok,85,12000,0.05,0.005,0.9050639796250672,6.768319594455642e+16,6.768319594455642,0.8208066373826602,5.566779446950232e+16,5.566779446950232,13717098515.25889,15155943473.677244,2779.992715347697,1.0,0.0049999926631147,-1.4673770436582354e-06,45,91,137,25.994654617999917,cone,Promweaver FAL-C tabulated boundary,45,10,1,0.005,0.001,,
ok,85,12000,0.1,0.01,0.9404806292862478,6.9351575599847896e+16,6.935157559984789,0.8581438039963944,5.773999800560176e+16,5.773999800560176,28009585395.74319,29782203400.61688,11312.459266508013,1.0,0.0099999969096343,-3.090365675167961e-07,45,91,145,50.314930769003695,cone,Promweaver FAL-C tabulated boundary,45,10,1,0.005,0.001,,
ok,85,12000,0.2,0.02,0.9647310232586854,7.477723605192218e+16,7.477723605192217,0.8860028394608142,6.307062677544324e+16,6.307062677544324,56784174603.2123,58860110470.38346,43120.642800025176,1.0,0.0199999985919623,-7.040188276102864e-08,45,91,146,51.80444510300004,cone,Promweaver FAL-C tabulated boundary,45,10,1,0.005,0.001,,
ok,85,14000,0.01,0.001,0.9697189836202148,1.1357586616160717e+17,11.357586616160717,0.8834158952197861,9.42594021193023e+16,9.42594021193023,2440220363.220391,2516420122.1578746,52.42905576966981,1.0,0.000999985715951,-1.428404892370866e-05,45,91,82,23.636650911008477,cone,Promweaver FAL-C tabulated boundary,45,10,1,0.005,0.001,,
ok,85,14000,0.02,0.002,0.955397323259609,8.14114818645566e+16,8.141148186455661,0.8691406384560243,6.737483785208906e+16,6.737483785208906,4842131835.7686,5068186520.816588,287.9967318856945,1.0,0.0019999874066194,-6.296690294388743e-06,45,91,98,28.303948212997057,cone,Promweaver FAL-C tabulated boundary,45,10,1,0.005,0.001,,
ok,85,14000,0.05,0.005,0.9846554203000616,6.910408296173658e+16,6.9104082961736575,0.8984618123227208,5.753530264737664e+16,5.753530264737664,12299837721.313612,12491514765.2012,2189.248471098551,1.0000000000000002,0.0049999953879022,-9.224195490764584e-07,45,91,117,31.237774506997084,cone,Promweaver FAL-C tabulated boundary,45,10,1,0.005,0.001,,
ok,85,14000,0.1,0.01,1.0099909009457908,7.004305205399613e+16,7.004305205399612,0.9238647031553804,5.860664887672125e+16,5.860664887672125,24927670410.809376,24681084143.89301,8871.525924240326,1.0,0.0099999976312526,-2.3687473857392227e-07,45,91,128,44.317334904000745,cone,Promweaver FAL-C tabulated boundary,45,10,1,0.005,0.001,,
ok,85,14000,0.2,0.02,1.0287976370398446,7.524174578682278e+16,7.5241745786822785,0.9427822739892044,6.318613110922183e+16,6.318613110922184,50332108093.425735,48923234542.26247,33669.089926565175,1.0,0.0199999985822436,-7.088781766445562e-08,45,91,134,25.199304345005658,cone,Promweaver FAL-C tabulated boundary,45,10,1,0.005,0.001,,
ok,86,6000,0.01,0.001,0.6158043139936892,5.544799144482962e+16,5.544799144482962,0.6151583087203374,5.5331717797976216e+16,5.533171779797621,4367849588.763881,7092918138.940876,344.0721572222755,1.0,0.0010000264665057,2.6466505773006105e-05,45,91,65,22.852765625997563,cone,Promweaver FAL-C tabulated boundary,45,10,1,0.005,0.001,,
ok,86,6000,0.02,0.002,0.4478446281568746,4.775853101252206e+16,4.775853101252206,0.4472642371914313,4.763482445448731e+16,4.763482445448731,7048645720.3795,15739042688.506792,1040.3043275848977,1.0,0.0020000504067269,2.5203363487142846e-05,45,91,66,18.96057498599112,cone,Promweaver FAL-C tabulated boundary,45,10,1,0.005,0.001,,
ok,86,6000,0.05,0.005,0.2438452499239563,4.379214324647255e+16,4.379214324647255,0.2433190632178639,4.3603351528221336e+16,4.360335152822134,11066286050.351954,45382413862.0826,2796.453378839333,1.0,0.0050000769677072,1.5393541449512657e-05,45,91,67,23.563110299000986,cone,Promweaver FAL-C tabulated boundary,45,10,1,0.005,0.001,,
ok,86,6000,0.1,0.01,0.1450940354814756,4.332655786992856e+16,4.332655786992856,0.1445939363241197,4.302840317418417e+16,4.302840317418417,14225598938.97898,98043995342.55965,4670.753346716616,1.0,0.010000098547851,9.854785106011564e-06,45,91,67,23.559605285990983,cone,Promweaver FAL-C tabulated boundary,45,10,1,0.005,0.001,,
ok,86,6000,0.2,0.02,0.0853428790635392,4.325369416651304e+16,4.325369416651304,0.0848625197881321,4.276815067361365e+16,4.2768150673613645,17588160810.106136,206088205637.06836,7151.837701799043,1.0,0.0200000932761756,4.663808782397193e-06,45,91,67,19.167018409993037,cone,Promweaver FAL-C tabulated boundary,45,10,1,0.005,0.001,,
ok,86,8000,0.01,0.001,0.7159691972097296,7.505878206121277e+16,7.5058782061212765,0.714878992242572,7.483037235708173e+16,7.4830372357081725,3596846647.138364,5023744961.593278,172.36231987457126,1.0,0.0009999733143208,-2.668567912109641e-05,45,91,104,19.73134744098934,cone,Promweaver FAL-C tabulated boundary,45,10,1,0.005,0.001,,
ok,86,8000,0.02,0.002,0.5720917436392466,6.207846276783135e+16,6.207846276783135,0.5710308944845573,6.184844782326675e+16,6.1848447823266754,6246818038.161944,10919259205.567394,628.6034457368486,1.0000000000000002,0.0019999467764292,-2.6611785371036603e-05,45,91,105,27.452688798992316,cone,Promweaver FAL-C tabulated boundary,45,10,1,0.005,0.001,,
ok,86,8000,0.05,0.005,0.3679418415798207,5.52715512604454e+16,5.52715512604454,0.366903470508167,5.4960027048013896e+16,5.4960027048013895,11454451757.629854,31131147543.449314,2373.815499579889,1.0,0.0049999374534563,-1.2509308725504318e-05,45,91,107,37.56041081600415,cone,Promweaver FAL-C tabulated boundary,45,10,1,0.005,0.001,,
ok,86,8000,0.1,0.01,0.2699532858338182,5.417442688104314e+16,5.417442688104314,0.2689279767721333,5.376368880142296e+16,5.376368880142296,18022560899.63475,66761776371.66951,5995.683204813056,1.0000000000000002,0.0099999623445457,-3.7655454239102207e-06,45,91,107,20.506375601995387,cone,Promweaver FAL-C tabulated boundary,45,10,1,0.005,0.001,,
ok,86,8000,0.2,0.02,0.2215060602716534,5.389704806173235e+16,5.389704806173235,0.2204939638888974,5.340564493012541e+16,5.340564493012541,30672133609.18959,138470855251.42523,17455.12628191495,1.0000000000000002,0.019999985364201,-7.317899465217325e-07,45,91,107,31.306065469994792,cone,Promweaver FAL-C tabulated boundary,45,10,1,0.005,0.001,,
ok,86,10000,0.01,0.001,0.8315351561702664,9.550072507271258e+16,9.550072507271258,0.7835338967663843,8.479319837740842e+16,8.479319837740842,3140547541.957628,3776806691.399304,103.27710973698424,1.0,0.0009999754020161,-2.4597983878070492e-05,45,91,119,34.87430756499816,cone,Promweaver FAL-C tabulated boundary,45,10,1,0.005,0.001,,
ok,86,10000,0.02,0.002,0.7238347064347812,7.406835490495378e+16,7.406835490495378,0.6887301733336104,6.705823415662403e+16,6.705823415662403,5792938229.553453,8003123058.420808,453.0697809406525,1.0,0.0019999618965746,-1.9051712659302195e-05,45,91,133,46.44240251599695,cone,Promweaver FAL-C tabulated boundary,45,10,1,0.005,0.001,,
ok,86,10000,0.05,0.005,0.6582550449436864,6.278940938886617e+16,6.278940938886617,0.6384423068659397,5.906651147429074e+16,5.9066511474290735,13665567464.572014,20760292791.58977,2974.191602475613,1.0,0.004999978940644,-4.2118711839414505e-06,45,91,143,50.015473181993,cone,Promweaver FAL-C tabulated boundary,45,10,1,0.005,0.001,,
ok,86,10000,0.1,0.01,0.6759907679662687,6.300132840895114e+16,6.300132840895113,0.6645459916360861,6.088611488650891e+16,6.088611488650892,27785132603.634,41102828500.49285,12253.92564407957,0.9999999999999998,0.0099999922205084,-7.779491592585507e-07,45,91,142,49.496451573999366,cone,Promweaver FAL-C tabulated boundary,45,10,1,0.005,0.001,,
ok,86,10000,0.2,0.02,0.6869437395602815,6.472455152223581e+16,6.4724551522235805,0.6804076974652051,6.349874563747676e+16,6.349874563747676,56121859202.544754,81697897470.42288,48662.57094524952,1.0,0.0199999966495314,-1.675234289830185e-07,45,91,138,47.70398612899589,cone,Promweaver FAL-C tabulated boundary,45,10,1,0.005,0.001,,
ok,86,12000,0.01,0.001,0.9247996914952556,1.0710008820921069e+17,10.710008820921066,0.8390056366472077,8.815038901069789e+16,8.815038901069789,2775679631.717675,3001384686.050055,71.93642457961847,1.0,0.0009999800021955,-1.9997804444078088e-05,45,91,102,27.256696828000717,cone,Promweaver FAL-C tabulated boundary,45,10,1,0.005,0.001,,
ok,86,12000,0.02,0.002,0.88113744956583,7.919450046999834e+16,7.919450046999834,0.7957196626654378,6.458443787718792e+16,6.458443787718792,5406707387.188972,6136054471.24403,369.12266126052646,1.0,0.0019999792902641,-1.0354867910388268e-05,45,91,120,25.95160612500331,cone,Promweaver FAL-C tabulated boundary,45,10,1,0.005,0.001,,
ok,86,12000,0.05,0.005,0.9046255963026072,6.736148766862846e+16,6.736148766862846,0.8203677552867004,5.539761785781162e+16,5.539761785781161,13713473548.379116,15159280927.30178,2791.793401107982,1.0,0.0049999926672855,-1.4665428940685563e-06,45,91,137,39.48890653101262,cone,Promweaver FAL-C tabulated boundary,45,10,1,0.005,0.001,,
ok,86,12000,0.1,0.01,0.9401879401521344,6.905156345071997e+16,6.905156345071997,0.8578505016041963,5.74867005448366e+16,5.74867005448366,28004912972.44974,29786505204.3937,11357.818873343796,1.0,0.0099999969100538,-3.089946179132829e-07,45,91,145,50.21885432698764,cone,Promweaver FAL-C tabulated boundary,45,10,1,0.005,0.001,,
ok,86,12000,0.2,0.02,0.9644838805628088,7.446318925399051e+16,7.446318925399051,0.8857547733903657,6.280275400027601e+16,6.280275400027601,56776469812.805016,58867204477.978455,43290.752876685394,1.0,0.0199999986585072,-6.707463594962658e-08,45,91,146,27.1704039239994,cone,Promweaver FAL-C tabulated boundary,45,10,1,0.005,0.001,,
ok,86,14000,0.01,0.001,0.968962232721676,1.1291396802828658e+17,11.291396802828658,0.8826591135814941,9.369577102603277e+16,9.369577102603277,2439213652.8426285,2517346466.632891,52.692889534476166,1.0,0.0009999856083524,-1.4391647581123155e-05,45,91,82,18.37932078899757,cone,Promweaver FAL-C tabulated boundary,45,10,1,0.005,0.001,,
ok,86,14000,0.02,0.002,0.9548866864102736,8.0929804314615e+16,8.0929804314615,0.868629983511508,6.6969097545735016e+16,6.696909754573501,4840754622.315166,5069454513.512092,289.5460518151029,1.0,0.0019999874111028,-6.294448563716124e-06,45,91,98,26.74038400400605,cone,Promweaver FAL-C tabulated boundary,45,10,1,0.005,0.001,,
ok,86,14000,0.05,0.005,0.9844205554432504,6.877839789951244e+16,6.877839789951244,0.8982269377282143,5.726151826669026e+16,5.726151826669026,12298298749.993454,12492931686.555405,2199.0647756155818,1.0,0.0049999953927231,-9.214553764111396e-07,45,91,117,33.60144936299184,cone,Promweaver FAL-C tabulated boundary,45,10,1,0.005,0.001,,
ok,86,14000,0.1,0.01,1.0098330239532731,6.973836380446764e+16,6.973836380446764,0.9237068165475836,5.835000703370561e+16,5.835000703370561,24925651179.58284,24682943207.783417,8908.842319102956,1.0,0.0099999976313252,-2.3686747684797946e-07,45,91,128,44.46412751500611,cone,Promweaver FAL-C tabulated boundary,45,10,1,0.005,0.001,,
ok,86,14000,0.2,0.02,1.028678252792173,7.492626387362469e+16,7.492626387362469,0.942662877350954,6.291986318856668e+16,6.291986318856668,50329108392.34255,48925996302.27693,33806.825812648465,1.0,0.0199999985819455,-7.090272119425478e-08,45,91,134,46.45006117600133,cone,Promweaver FAL-C tabulated boundary,45,10,1,0.005,0.001,,
ok,87,6000,0.01,0.001,0.6150654720724039,5.532985997529825e+16,5.532985997529825,0.6144193576061765,5.521367512173179e+16,5.521367512173179,4364503656.05079,7095998481.828309,344.27869819632656,1.0,0.0010000264497075,2.644970750688598e-05,45,91,65,22.696182497995324,cone,Promweaver FAL-C tabulated boundary,45,10,1,0.005,0.001,,
ok,87,6000,0.02,0.002,0.4468965598132308,4.761663763802944e+16,4.761663763802944,0.4463159740190822,4.749299566803307e+16,4.749299566803307,7038074423.242608,15748777359.539291,1040.2769713319828,1.0,0.0020000505777743,2.528888716447561e-05,45,91,66,19.742301573001896,cone,Promweaver FAL-C tabulated boundary,45,10,1,0.005,0.001,,
ok,87,6000,0.05,0.005,0.2430739072860874,4.363672900365402e+16,4.363672900365402,0.2425474360434824,4.344790903375804e+16,4.344790903375804,11037681880.933706,45408748327.49051,2791.9237781202723,1.0,0.0050000768966922,1.5379338451360077e-05,45,91,67,23.581154729996346,cone,Promweaver FAL-C tabulated boundary,45,10,1,0.005,0.001,,
ok,87,6000,0.1,0.01,0.1446224020856933,4.317167808920119e+16,4.317167808920119,0.1441220214424607,4.28734545668271e+16,4.287345456682711,14184791622.162865,98081565632.95036,4660.655371061689,1.0,0.010000098534862,9.853486206308493e-06,45,91,67,13.1368090879987,cone,Promweaver FAL-C tabulated boundary,45,10,1,0.005,0.001,,
ok,87,6000,0.2,0.02,0.0850786603584465,4.309959543511068e+16,4.309959543511068,0.0845980471408122,4.261402767168318e+16,4.261402767168319,17537663944.5891,206134697827.8786,7136.253914411035,1.0,0.0200000933475461,4.667377305131447e-06,45,91,67,23.50475896699936,cone,Promweaver FAL-C tabulated boundary,45,10,1,0.005,0.001,,
ok,87,8000,0.01,0.001,0.7153119318549315,7.49456214285211e+16,7.494562142852111,0.7142216912563428,7.471733922757309e+16,7.471733922757309,3594855643.16929,5025577629.953953,172.43151566301043,1.0,0.0009999732655003,-2.673449966744332e-05,45,91,104,35.62442445900524,cone,Promweaver FAL-C tabulated boundary,45,10,1,0.005,0.001,,
ok,87,8000,0.02,0.002,0.5711934091392936,6.191865372497125e+16,6.191865372497125,0.5701325146211372,6.168886060746618e+16,6.168886060746618,6240400127.571899,10925196313.058453,628.9315320900489,0.9999999999999998,0.0019999501682747,-2.4915862623965668e-05,45,91,106,20.019318410006235,cone,Promweaver FAL-C tabulated boundary,45,10,1,0.005,0.001,,
ok,87,8000,0.05,0.005,0.366997686174201,5.50791802043139e+16,5.50791802043139,0.3659592544788669,5.476792457671583e+16,5.476792457671583,11432482236.640911,31151374156.659702,2372.9774046432385,0.9999999999999998,0.0049999374221718,-1.2515565630741295e-05,45,91,107,37.25832740899932,cone,Promweaver FAL-C tabulated boundary,45,10,1,0.005,0.001,,
ok,87,8000,0.1,0.01,0.2692603071092762,5.397891195328837e+16,5.397891195328837,0.2682349433793074,5.356858312048722e+16,5.356858312048723,17985487073.378723,66795909380.28427,5992.668869402194,0.9999999999999998,0.0099999623349209,-3.766507905046678e-06,45,91,107,37.34979978699994,cone,Promweaver FAL-C tabulated boundary,45,10,1,0.005,0.001,,
ok,87,8000,0.2,0.02,0.2209980566148155,5.370228507406258e+16,5.3702285074062575,0.2199859151902935,5.32115129792205e+16,5.321151297922049,30613682774.402542,138524669598.1589,17451.726155027318,1.0,0.019999985351918,-7.324040981332435e-07,45,91,107,37.057208049998735,cone,Promweaver FAL-C tabulated boundary,45,10,1,0.005,0.001,,
ok,87,10000,0.01,0.001,0.8310036811872573,9.537188839536878e+16,9.537188839536878,0.7829947980775877,8.4670522576349e+16,8.467052257634899,3139410161.738637,3777853495.49036,103.34173234328463,1.0,0.0009999753483518,-2.465164817330029e-05,45,91,119,39.62720745499246,cone,Promweaver FAL-C tabulated boundary,45,10,1,0.005,0.001,,
ok,87,10000,0.02,0.002,0.7231680317977185,7.388313739255472e+16,7.388313739255472,0.6880522013219933,6.688206403491241e+16,6.6882064034912405,5789735131.610617,8006071724.738652,453.70343054197576,1.0,0.0019999618428422,-1.9078578850214783e-05,45,91,133,40.98196003001067,cone,Promweaver FAL-C tabulated boundary,45,10,1,0.005,0.001,,
ok,87,10000,0.05,0.005,0.6576794631330422,6.257799391056111e+16,6.257799391056111,0.6378587580463918,5.886296322657044e+16,5.886296322657044,13658124797.755764,20767145035.5032,2980.989982799502,1.0,0.004999978931311,-4.213737798443306e-06,45,91,143,27.18154336400039,cone,Promweaver FAL-C tabulated boundary,45,10,1,0.005,0.001,,
ok,87,10000,0.1,0.01,0.6754693539399279,6.278085987565024e+16,6.278085987565024,0.6640202379895521,6.067064219692374e+16,6.067064219692375,27771918647.0747,41114994314.81915,12285.264439948818,1.0,0.0099999922210479,-7.778952010317751e-07,45,91,142,27.89572703700105,cone,Promweaver FAL-C tabulated boundary,45,10,1,0.005,0.001,,
ok,87,10000,0.2,0.02,0.6863834098828651,6.449228352417609e+16,6.449228352417609,0.6798448020129139,6.326940662605377e+16,6.326940662605377,56093808028.3857,81723723535.15714,48789.01982042333,1.0,0.0199999966407018,-1.6796490639320316e-07,45,91,138,34.30728410099982,cone,Promweaver FAL-C tabulated boundary,45,10,1,0.005,0.001,,
ok,87,12000,0.01,0.001,0.9243907711199012,1.0692454343452376e+17,10.692454343452376,0.8385966204545039,8.799792232154603e+16,8.799792232154603,2775016484.1882944,3001995012.159583,72.02010165451273,1.0,0.0009999799626391,-2.0037360863199224e-05,45,91,102,31.647588206004,cone,Promweaver FAL-C tabulated boundary,45,10,1,0.005,0.001,,
ok,87,12000,0.02,0.002,0.8807106981946948,7.896590955744858e+16,7.896590955744857,0.7952927060941393,6.43912857704161e+16,6.43912857704161,5405261323.946539,6137385789.71096,369.9932052184709,1.0000000000000002,0.0019999792828105,-1.035859472156564e-05,45,91,120,42.242832830990665,cone,Promweaver FAL-C tabulated boundary,45,10,1,0.005,0.001,,
ok,87,12000,0.05,0.005,0.9043466920073744,6.713555724462197e+16,6.713555724462196,0.8200885335502854,5.520827385564596e+16,5.520827385564596,13711166464.048409,15161405006.761065,2800.2461515265904,1.0,0.0049999926665011,-1.4666997718779105e-06,45,91,137,39.86003134101338,cone,Promweaver FAL-C tabulated boundary,45,10,1,0.005,0.001,,
ok,87,12000,0.1,0.01,0.9399710741443474,6.881890731089259e+16,6.88189073108926,0.8576331810874926,5.729041188939248e+16,5.729041188939248,28001450096.98183,29789693392.92856,11393.398096131354,1.0,0.009999996908655,-3.091344995959089e-07,45,91,145,40.03584884799784,cone,Promweaver FAL-C tabulated boundary,45,10,1,0.005,0.001,,
ok,87,12000,0.2,0.02,0.9642904581305566,7.421426044884488e+16,7.421426044884488,0.8855606281425396,6.259047171565458e+16,6.259047171565458,56770438333.54736,58872757533.665375,43426.73024148239,1.0,0.0199999986585285,-6.707357447233163e-08,45,91,146,27.50071378100256,cone,Promweaver FAL-C tabulated boundary,45,10,1,0.005,0.001,,
ok,87,14000,0.01,0.001,0.9686718072363252,1.1269304152213818e+17,11.269304152213818,0.882368676286743,9.350696160198074e+16,9.350696160198074,2438827145.040761,2517702205.041841,52.77945969910864,1.0,0.0009999855850146,-1.4414985356194995e-05,45,91,82,28.936900618005893,cone,Promweaver FAL-C tabulated boundary,45,10,1,0.005,0.001,,
ok,87,14000,0.02,0.002,0.9546270529161766,8.067720430709061e+16,8.06772043070906,0.8683703408113377,6.675646460703681e+16,6.675646460703681,4840054114.032572,5070099468.946816,290.36856232144794,1.0,0.0019999874136754,-6.293162278835432e-06,45,91,98,28.38048475299729,cone,Promweaver FAL-C tabulated boundary,45,10,1,0.005,0.001,,
ok,87,14000,0.05,0.005,0.9842572259537652,6.854429378555338e+16,6.854429378555339,0.8980636014653234,5.7064796397875816e+16,5.706479639787582,12297228305.426466,12493917221.192053,2206.1912909759067,1.0,0.0049999953924987,-9.215002462481524e-07,45,91,117,40.6593956759898,cone,Promweaver FAL-C tabulated boundary,45,10,1,0.005,0.001,,
ok,87,14000,0.1,0.01,1.0097124032145297,6.950199555808547e+16,6.950199555808547,0.9235861884614897,5.815094162805707e+16,5.815094162805707,24924108244.19741,24684363750.3598,8938.033602924388,1.0,0.0099999976301817,-2.369818235745113e-07,45,91,128,37.302041587012354,cone,Promweaver FAL-C tabulated boundary,45,10,1,0.005,0.001,,
ok,87,14000,0.2,0.02,1.0285842973459842,7.467703679673056e+16,7.467703679673056,0.9425689121523272,6.2709526308197656e+16,6.270952630819766,50326747387.52077,48928170026.877625,33916.47032676873,1.0,0.019999998581384,-7.093079925496458e-08,45,91,134,33.8240083730052,cone,Promweaver FAL-C tabulated boundary,45,10,1,0.005,0.001,,
ok,88,6000,0.01,0.001,0.6135804852126437,5.513759239595162e+16,5.513759239595162,0.6129341507118278,5.5021491707419976e+16,5.502149170741998,4357770007.087608,7102197856.85878,344.41401246360294,1.0,0.001000026435909,2.6435909008084083e-05,45,91,65,22.92436498399184,cone,Promweaver FAL-C tabulated boundary,45,10,1,0.005,0.001,,
ok,88,6000,0.02,0.002,0.4451427194090373,4.74200119127437e+16,4.742001191274371,0.4445617715796962,4.72963186556156e+16,4.72963186556156,7018483567.08762,15766816486.193954,1038.783197105039,1.0,0.002000050779245,2.538962251530906e-05,45,91,66,16.569788178996532,cone,Promweaver FAL-C tabulated boundary,45,10,1,0.005,0.001,,
ok,88,6000,0.05,0.005,0.2418779913845991,4.345650451882423e+16,4.345650451882423,0.2413510762392372,4.3267376525016e+16,4.3267376525016,10993267170.43768,45449638090.29565,2780.9858252237696,1.0000000000000002,0.0050000767236566,1.53447313386984e-05,45,91,67,23.878170458003297,cone,Promweaver FAL-C tabulated boundary,45,10,1,0.005,0.001,,
ok,88,6000,0.1,0.01,0.1439010710358333,4.299664127657525e+16,4.2996641276575245,0.143400257135982,4.269788262775796e+16,4.269788262775796,14122319032.15964,98139082152.09178,4638.499401923146,1.0,0.0100000984741219,9.84741219331453e-06,45,91,67,23.623690192995127,cone,Promweaver FAL-C tabulated boundary,45,10,1,0.005,0.001,,
ok,88,6000,0.2,0.02,0.0846630737000966,4.29259756952884e+16,4.29259756952884,0.0841820586094247,4.243959160735529e+16,4.243959160735529,17458191803.848526,206207866556.92368,7100.32692613712,1.0000000000000002,0.0200000933842115,4.669210577727677e-06,45,91,67,23.681981034009368,cone,Promweaver FAL-C tabulated boundary,45,10,1,0.005,0.001,,
ok,88,8000,0.01,0.001,0.7140430069710866,7.474160778125432e+16,7.474160778125432,0.7129526974185547,7.451352832011357e+16,7.451352832011357,3591007370.8054023,5029119164.737946,172.5321988646458,1.0,0.0009999730869501,-2.691304987721688e-05,45,91,104,36.135847828991245,cone,Promweaver FAL-C tabulated boundary,45,10,1,0.005,0.001,,
ok,88,8000,0.02,0.002,0.5695574505333719,6.167436553322498e+16,6.167436553322498,0.5684964733528632,6.144480432627238e+16,6.144480432627239,6228674256.428123,10935989425.816788,629.0520000856789,1.0,0.001999949850459,-2.507477049975594e-05,45,91,106,36.72352092900837,cone,Promweaver FAL-C tabulated boundary,45,10,1,0.005,0.001,,
ok,88,8000,0.05,0.005,0.3655041383180415,5.4845768833134e+16,5.4845768833134,0.3644656102211346,5.453453869539045e+16,5.453453869539045,11397669663.915615,31183421660.73641,2368.585153085895,1.0000000000000002,0.0049999369787199,-1.260425601737336e-05,45,91,107,37.12943814598839,cone,Promweaver FAL-C tabulated boundary,45,10,1,0.005,0.001,,
ok,88,8000,0.1,0.01,0.2682754106461984,5.375549694233837e+16,5.375549694233837,0.2672499688681993,5.334533797657577e+16,5.334533797657577,17932730520.048534,66844480740.34715,5982.324454178718,1.0,0.0099999622768104,-3.772318958594755e-06,45,91,107,37.21517570500146,cone,Promweaver FAL-C tabulated boundary,45,10,1,0.005,0.001,,
ok,88,8000,0.2,0.02,0.220333387614839,5.3480637704252616e+16,5.348063770425262,0.2193211870579946,5.299039163304899e+16,5.299039163304899,30537137364.854385,138595143003.18307,17436.53027469108,1.0,0.0199999853114977,-7.344251130858569e-07,45,91,107,28.11679015599657,cone,Promweaver FAL-C tabulated boundary,45,10,1,0.005,0.001,,
ok,88,10000,0.01,0.001,0.8300218598480346,9.512602685813203e+16,9.512602685813205,0.7819988770605624,8.443695361792174e+16,8.443695361792175,3137307175.077004,3779788613.822052,103.47006635175394,1.0,0.0009999751898322,-2.481016775834552e-05,45,91,119,30.131790266008466,cone,Promweaver FAL-C tabulated boundary,45,10,1,0.005,0.001,,
ok,88,10000,0.02,0.002,0.7219928270882685,7.359743940962014e+16,7.359743940962014,0.6868570443262204,6.660849978416114e+16,6.660849978416113,5784082787.484429,8011274586.772711,454.5757836257081,1.0000000000000002,0.0019999616731126,-1.916344369691861e-05,45,91,133,38.3740116830013,cone,Promweaver FAL-C tabulated boundary,45,10,1,0.005,0.001,,
ok,88,10000,0.05,0.005,0.656849786382865,6.231716562283114e+16,6.231716562283114,0.6370175760183596,5.861090082691578e+16,5.861090082691578,13647387849.641148,20777030201.6759,2988.762297788074,1.0,0.0049999789140363,-4.217192726453655e-06,45,91,143,49.21252525701129,cone,Promweaver FAL-C tabulated boundary,45,10,1,0.005,0.001,,
ok,88,10000,0.1,0.01,0.6748238269292377,6.252566965548634e+16,6.252566965548635,0.6633693297985801,6.042105608036338e+16,6.042105608036338,27755548519.16297,41130065969.16357,12320.86721892491,0.9999999999999998,0.0099999922245435,-7.775456454042761e-07,45,91,142,27.10792295399005,cone,Promweaver FAL-C tabulated boundary,45,10,1,0.005,0.001,,
ok,88,10000,0.2,0.02,0.6857243949504175,6.422542995869549e+16,6.422542995869549,0.6791827642694354,6.300588741910587e+16,6.300588741910588,56060793778.18442,81754118988.63245,48934.08422584824,1.0,0.0199999966302899,-1.6848550263293125e-07,45,91,138,26.64923258400813,cone,Promweaver FAL-C tabulated boundary,45,10,1,0.005,0.001,,
ok,88,12000,0.01,0.001,0.9236704819433464,1.0660316227764248e+17,10.660316227764248,0.8378761624217625,8.771939501062224e+16,8.771939501062224,2773847631.877352,3003070560.4463468,72.17638314361037,1.0,0.0009999798565838,-2.0143416185709404e-05,45,91,102,35.55434570799116,cone,Promweaver FAL-C tabulated boundary,45,10,1,0.005,0.001,,
ok,88,12000,0.02,0.002,0.880041541668141,7.863275243325949e+16,7.8632752433259485,0.7946232276344517,6.410909453536401e+16,6.410909453536401,5402992552.921766,6139474441.945386,371.2489722613413,1.0,0.0019999792544981,-1.0372750917312518e-05,45,91,120,41.40191842499189,cone,Promweaver FAL-C tabulated boundary,45,10,1,0.005,0.001,,
ok,88,12000,0.05,0.005,0.9039811097680356,6.686003189866836e+16,6.686003189866836,0.8197225348445921,5.497707345211786e+16,5.4977073452117855,13708142808.720062,15164191663.51564,2810.545761465695,1.0,0.0049999931777752,-1.364444959621458e-06,45,91,138,47.50197878599283,cone,Promweaver FAL-C tabulated boundary,45,10,1,0.005,0.001,,
ok,88,12000,0.1,0.01,0.9397095131796056,6.8547548912755336e+16,6.854754891275533,0.8573710718052615,5.706138850092197e+16,5.706138850092197,27997272557.182613,29793539561.4448,11435.088242744045,1.0,0.0099999969079085,-3.092091464818036e-07,45,91,145,49.90476437400503,cone,Promweaver FAL-C tabulated boundary,45,10,1,0.005,0.001,,
ok,88,12000,0.2,0.02,0.96406312067049,7.392649750884173e+16,7.392649750884173,0.8853324409354721,6.234504572609842e+16,6.2345045726098425,56763347830.12181,58879285612.17427,43584.88181450811,1.0,0.0199999986588443,-6.70577839784192e-08,45,91,146,31.852627895990736,cone,Promweaver FAL-C tabulated boundary,45,10,1,0.005,0.001,,
ok,88,14000,0.01,0.001,0.968178987964072,1.1231092561829149e+17,11.231092561829149,0.8818758369633217,9.318061809642029e+16,9.318061809642028,2438170989.995391,2518306036.699352,52.930538536020464,1.0,0.0009999855269784,-1.4473021539692862e-05,45,91,82,15.466118479002034,cone,Promweaver FAL-C tabulated boundary,45,10,1,0.005,0.001,,
ok,88,14000,0.02,0.002,0.954251731187028,8.032755775569608e+16,8.032755775569608,0.8679950057674198,6.646195357880764e+16,6.646195357880764,4839041155.711398,5071032095.159986,291.5104101370271,1.0,0.0019999874172193,-6.291390306509617e-06,45,91,98,34.30759808399307,cone,Promweaver FAL-C tabulated boundary,45,10,1,0.005,0.001,,
ok,88,14000,0.05,0.005,0.9840551993559514,6.826274791868392e+16,6.826274791868392,0.8978615664873514,5.682816197131971e+16,5.682816197131971,12295904015.475653,12495136475.599264,2214.813498833804,1.0,0.0049999953943081,-9.211383752982804e-07,45,91,117,29.89147971199418,cone,Promweaver FAL-C tabulated boundary,45,10,1,0.005,0.001,,
ok,88,14000,0.1,0.01,1.0095694514216007,6.922658846355717e+16,6.922658846355716,0.9234432279596906,5.791898330492933e+16,5.791898330492933,24922279429.919388,24686047497.599777,8972.275331897341,1.0,0.0099999976294592,-2.3705407897062209e-07,45,91,128,44.39563043200178,cone,Promweaver FAL-C tabulated boundary,45,10,1,0.005,0.001,,
ok,88,14000,0.2,0.02,1.028474304277092,7.438847955301278e+16,7.438847955301278,0.9424589076651344,6.246599152834359e+16,6.246599152834359,50323983107.41055,48930715038.89731,34044.29410323085,1.0,0.0199999985809018,-7.09549091357231e-08,45,91,134,45.99595063200104,cone,Promweaver FAL-C tabulated boundary,45,10,1,0.005,0.001,,
ok,89,6000,0.01,0.001,0.6118881083995922,5.4906570710669e+16,5.4906570710669,0.6112415222008132,5.479059175030895e+16,5.479059175030895,4350081771.747928,7109276536.074005,344.64384090949216,1.0000000000000002,0.0010000264614004,2.646140042717252e-05,45,91,65,18.77267009500065,cone,Promweaver FAL-C tabulated boundary,45,10,1,0.005,0.001,,
ok,89,6000,0.02,0.002,0.4432604678347362,4.7200700879472856e+16,4.720070087947286,0.4426791290934446,4.707697406677259e+16,4.707697406677259,6997408014.507746,15786221696.442003,1037.3515225234949,1.0,0.0020000509046812,2.545234060362736e-05,45,91,66,23.16293234299519,cone,Promweaver FAL-C tabulated boundary,45,10,1,0.005,0.001,,
ok,89,6000,0.05,0.005,0.2406518519554648,4.325881978584562e+16,4.325881978584562,0.2401244781782215,4.306942943012993e+16,4.306942943012992,10947646832.733055,45491637582.57316,2770.555733318126,1.0,0.0050000765266841,1.530533682760765e-05,45,91,67,19.54133631401055,cone,Promweaver FAL-C tabulated boundary,45,10,1,0.005,0.001,,
ok,89,6000,0.1,0.01,0.1431771823231936,4.280512511214515e+16,4.280512511214515,0.1426759302583237,4.250593499202294e+16,4.250593499202294,14059551173.674915,98196870098.6049,4617.927845960164,1.0000000000000002,0.0100000983755841,9.83755841788003e-06,45,91,67,23.520266077001,cone,Promweaver FAL-C tabulated boundary,45,10,1,0.005,0.001,,
ok,89,6000,0.2,0.02,0.0842484152695854,4.2736212310336376e+16,4.273621231033638,0.0837669961829333,4.224919435643948e+16,4.224919435643948,17378840878.140137,206280923178.5523,7067.17076549776,0.9999999999999996,0.0200000933752322,4.668761612730553e-06,45,91,67,24.07330005100812,cone,Promweaver FAL-C tabulated boundary,45,10,1,0.005,0.001,,
ok,89,8000,0.01,0.001,0.7125635902767518,7.446677900647099e+16,7.446677900647099,0.7114732000466973,7.423904993505302e+16,7.423904993505302,3586513831.111284,5033254407.116593,172.7358378107742,1.0,0.0009999728632426,-2.7136757307401335e-05,45,91,104,30.375707859013342,cone,Promweaver FAL-C tabulated boundary,45,10,1,0.005,0.001,,
ok,89,8000,0.02,0.002,0.5677513621791295,6.139217296278851e+16,6.139217296278852,0.566690293255498,6.116291607324463e+16,6.116291607324463,6215701944.115557,10947929601.187746,629.3139466084646,1.0000000000000002,0.0019999494715255,-2.5264237214859403e-05,45,91,106,30.52479648200097,cone,Promweaver FAL-C tabulated boundary,45,10,1,0.005,0.001,,
ok,89,8000,0.05,0.005,0.363945477416967,5.458904860742813e+16,5.458904860742813,0.3629068480421438,5.427792020646301e+16,5.427792020646301,11361263175.839054,31216937373.348976,2364.545714634645,1.0,0.0049999366221655,-1.2675566897143996e-05,45,91,107,20.440499318006918,cone,Promweaver FAL-C tabulated boundary,45,10,1,0.005,0.001,,
ok,89,8000,0.1,0.01,0.2672560846053504,5.351087420847415e+16,5.351087420847415,0.2662305616134512,5.310099508615667e+16,5.310099508615667,17878048819.386147,66894824287.297935,5973.078076488192,1.0000000000000002,0.0099999621880356,-3.781196437034617e-06,45,91,107,37.17916177700681,cone,Promweaver FAL-C tabulated boundary,45,10,1,0.005,0.001,,
ok,89,8000,0.2,0.02,0.2196348977111494,5.323869970107465e+16,5.323869970107465,0.218622634767069,5.27490928620882e+16,5.27490928620882,30456613050.633644,138669279645.57043,17423.51491911632,0.9999999999999998,0.0199999852643429,-7.367828513960005e-07,45,91,107,30.153246770001715,cone,Promweaver FAL-C tabulated boundary,45,10,1,0.005,0.001,,
ok,89,10000,0.01,0.001,0.8288336154419993,9.475139519101971e+16,9.475139519101972,0.7807935383748467,8.408592796515472e+16,8.408592796515473,3134759109.4950743,3782133170.145825,103.71050109343088,1.0,0.0009999749808103,-2.501918964278177e-05,45,91,119,41.15724936299375,cone,Promweaver FAL-C tabulated boundary,45,10,1,0.005,0.001,,
ok,89,10000,0.02,0.002,0.7206742653196655,7.32588785410089e+16,7.325887854100889,0.6855160380386945,6.628533838249949e+16,6.628533838249949,5777732108.623153,8017120059.171747,455.6743016524373,1.0,0.0019999614536443,-1.9273177823435003e-05,45,91,133,33.87066942999081,cone,Promweaver FAL-C tabulated boundary,45,10,1,0.005,0.001,,
ok,89,10000,0.05,0.005,0.6559573178132339,6.202966801293115e+16,6.202966801293115,0.6361127034578341,5.833328464307856e+16,5.833328464307856,13635826858.606695,20787673966.44721,2997.5297317267327,1.0,0.0049999788847177,-4.223056447767714e-06,45,91,143,29.15408492999268,cone,Promweaver FAL-C tabulated boundary,45,10,1,0.005,0.001,,
ok,89,10000,0.1,0.01,0.6741239415231444,6.224653959997609e+16,6.2246539599976085,0.6626635993159259,6.014810380639341e+16,6.014810380639341,27737786323.182247,41146419248.23247,12360.282114554871,1.0,0.009999992224598,-7.775401969847827e-07,45,91,142,26.952967762001208,cone,Promweaver FAL-C tabulated boundary,45,10,1,0.005,0.001,,
ok,89,10000,0.2,0.02,0.6850055364001164,6.393455568794123e+16,6.393455568794123,0.6784606020464713,6.271865769982531e+16,6.271865769982531,56024753561.53943,81787300371.27026,49093.52974862751,1.0000000000000002,0.0199999966177434,-1.6911282894882526e-07,45,91,138,47.57559176099312,cone,Promweaver FAL-C tabulated boundary,45,10,1,0.005,0.001,,
ok,89,12000,0.01,0.001,0.922721798612684,1.0612431019885602e+17,10.612431019885602,0.8369272558771087,8.73069350367366e+16,8.730693503673661,2772310560.417674,3004492323.2396307,72.42172720842058,1.0,0.0009999810467145,-1.8953285445223383e-05,45,91,103,29.76806150098855,cone,Promweaver FAL-C tabulated boundary,45,10,1,0.005,0.001,,
ok,89,12000,0.02,0.002,0.8792835432904066,7.823350209465942e+16,7.823350209465943,0.7938648643169459,6.377170723226658e+16,6.377170723226659,5400420673.113975,6141842087.598747,372.7884175670528,1.0,0.0019999792131506,-1.0393424651738288e-05,45,91,120,34.63958712799649,cone,Promweaver FAL-C tabulated boundary,45,10,1,0.005,0.001,,
ok,89,12000,0.05,0.005,0.9035824640705928,6.65536823693962e+16,6.65536823693962,0.8193234350897325,5.4720147093262e+16,5.4720147093262,13704842890.868946,15167229816.667011,2822.123614752364,1.0,0.004999993175702,-1.3648595920123794e-06,45,91,138,47.552883309006575,cone,Promweaver FAL-C tabulated boundary,45,10,1,0.005,0.001,,
ok,89,12000,0.1,0.01,0.9394222191373252,6.824954074996801e+16,6.824954074996801,0.8570831753291316,5.680989904019394e+16,5.680989904019395,27992682774.031666,29797765268.674877,11481.253650603305,1.0,0.0099999969062562,-3.093743747295541e-07,45,91,145,50.27760911401128,cone,Promweaver FAL-C tabulated boundary,45,10,1,0.005,0.001,,
ok,89,12000,0.2,0.02,0.9638136382436404,7.36121737638964e+16,7.36121737638964,0.885082025749447,6.207697564403013e+16,6.207697564403013,56755564829.36903,58886451257.10694,43758.98678705461,1.0,0.0199999986589369,-6.705315070548723e-08,45,91,146,46.03241500799777,cone,Promweaver FAL-C tabulated boundary,45,10,1,0.005,0.001,,
ok,89,14000,0.01,0.001,0.9675365157721542,1.1169427855573074e+17,11.169427855573074,0.8812333386055281,9.265695754665216e+16,9.265695754665217,2437315118.7291803,2519093676.5668755,53.18540094264343,1.0,0.0009999854550236,-1.4544976366338488e-05,45,91,82,28.697734970002784,cone,Promweaver FAL-C tabulated boundary,45,10,1,0.005,0.001,,
ok,89,14000,0.02,0.002,0.9538193673265748,7.990142296459267e+16,7.990142296459267,0.8675626265588625,6.6103417148413896e+16,6.61034171484139,4837873784.016316,5072106889.144236,292.9237287857064,1.0,0.0019999874213173,-6.289341321396094e-06,45,91,98,28.4542414680036,cone,Promweaver FAL-C tabulated boundary,45,10,1,0.005,0.001,,
ok,89,14000,0.05,0.005,0.9838321199509144,6.794835289886459e+16,6.794835289886459,0.8976384778264288,5.656396703360531e+16,5.656396703360532,12294441421.028584,12496483060.18102,2224.532065995512,1.0,0.0049999953953083,-9.209383380892607e-07,45,91,117,40.65700933399785,cone,Promweaver FAL-C tabulated boundary,45,10,1,0.005,0.001,,
ok,89,14000,0.1,0.01,1.0094118423441418,6.892318583504584e+16,6.892318583504584,0.9232856092788304,5.766345835731169e+16,5.766345835731169,24920262811.51145,24687904149.845814,9010.3133085155,1.0,0.0099999976282558,-2.3717441101356318e-07,45,91,128,26.776597595002382,cone,Promweaver FAL-C tabulated boundary,45,10,1,0.005,0.001,,
ok,89,14000,0.2,0.02,1.0283532564060336,7.407246840394515e+16,7.4072468403945155,0.9423378472267184,6.219929042904337e+16,6.219929042904337,50320940671.78428,48933516141.76795,34185.4014677114,1.0,0.0199999985801974,-7.099012593048125e-08,45,91,134,45.91004574899853,cone,Promweaver FAL-C tabulated boundary,45,10,1,0.005,0.001,,
ok,90,6000,0.01,0.001,0.6104498490182508,5.473017164144466e+16,5.4730171641444665,0.6098030481428431,5.461425460341072e+16,5.461425460341072,4343535809.924851,7115303274.970572,344.7148577515688,1.0000000000000002,0.0010000264623087,2.6462308776956794e-05,45,91,65,22.50542708700232,cone,Promweaver FAL-C tabulated boundary,45,10,1,0.005,0.001,,
ok,90,6000,0.02,0.002,0.4415851801528135,4.702318899427204e+16,4.702318899427204,0.4410034913954709,4.689938572372521e+16,4.689938572372521,6978605980.385953,15803533030.63966,1035.679256789898,1.0,0.0020000509675277,2.548376385694967e-05,45,91,66,13.26866723499552,cone,Promweaver FAL-C tabulated boundary,45,10,1,0.005,0.001,,
ok,90,6000,0.05,0.005,0.2394758711420393,4.309397050338813e+16,4.309397050338813,0.2389480541091667,4.290421722961426e+16,4.290421722961425,10903813537.151155,45531992367.96522,2758.9277168974995,1.0,0.0050000763823527,1.527647055868386e-05,45,91,67,23.54298262100201,cone,Promweaver FAL-C tabulated boundary,45,10,1,0.005,0.001,,
ok,90,6000,0.1,0.01,0.1424542265106618,4.264401203047234e+16,4.2644012030472345,0.1419525334242894,4.23441749018386e+16,4.23441749018386,13996790480.714643,98254652203.43654,4594.083305788198,1.0000000000000002,0.0100000983450205,9.8345020582008e-06,45,91,67,23.69072043399501,cone,Promweaver FAL-C tabulated boundary,45,10,1,0.005,0.001,,
ok,90,6000,0.2,0.02,0.0838308952819831,4.25762924542134e+16,4.25762924542134,0.0833490663183681,4.2088273426192296e+16,4.208827342619229,17298885585.413006,206354537038.2186,7028.593267462762,1.0,0.0200000934391418,4.67195709064061e-06,45,91,67,15.471329372012406,cone,Promweaver FAL-C tabulated boundary,45,10,1,0.005,0.001,,
ok,90,8000,0.01,0.001,0.711333663639837,7.42843886447118e+16,7.428438864471181,0.7102432061022143,7.405681082270029e+16,7.4056810822700285,3582772428.3167763,5036697419.863441,172.79886807038673,1.0,0.0009999726691587,-2.7330841265073985e-05,45,91,104,36.04958131800231,cone,Promweaver FAL-C tabulated boundary,45,10,1,0.005,0.001,,
ok,90,8000,0.02,0.002,0.5661729762639224,6.116999709751754e+16,6.116999709751753,0.5651118267423488,6.094091628080936e+16,6.094091628080936,6204341948.580738,10958385879.739649,629.2931312968924,1.0,0.0019999491560779,-2.5421961028686612e-05,45,91,106,30.744073588008177,cone,Promweaver FAL-C tabulated boundary,45,10,1,0.005,0.001,,
ok,90,8000,0.05,0.005,0.3624997129915173,5.437684196137559e+16,5.43768419613756,0.3614609890560716,5.406566045476179e+16,5.406566045476179,11327423467.892056,31248089479.610504,2359.6538120417504,1.0,0.0049999362144929,-1.2757101403026992e-05,45,91,107,37.290612191995024,cone,Promweaver FAL-C tabulated boundary,45,10,1,0.005,0.001,,
ok,90,8000,0.1,0.01,0.2662941946542262,5.3305550467152536e+16,5.330555046715253,0.2652685946122843,5.289574133055914e+16,5.289574133055915,17826372702.79584,66942400775.7389,5961.472322376709,1.0,0.0099999621135692,-3.7886430727038234e-06,45,91,107,37.34111167100491,cone,Promweaver FAL-C tabulated boundary,45,10,1,0.005,0.001,,
ok,90,8000,0.2,0.02,0.2189953793716352,5.303424499565218e+16,5.303424499565217,0.2179830590847446,5.254506979053188e+16,5.254506979053188,30382811606.142017,138737226754.82742,17406.022112127674,1.0000000000000002,0.0199999852257112,-7.387144394452315e-07,45,91,107,20.267229007993592,cone,Promweaver FAL-C tabulated boundary,45,10,1,0.005,0.001,,
ok,90,10000,0.01,0.001,0.8278885700366995,9.45382533049223e+16,9.453825330492233,0.7798348731197962,8.388206343687728e+16,8.388206343687727,3132730325.858978,3783999972.0253496,103.80982249484308,1.0,0.0009999748223966,-2.517760331168309e-05,45,91,119,23.62898965399654,cone,Promweaver FAL-C tabulated boundary,45,10,1,0.005,0.001,,
ok,90,10000,0.02,0.002,0.7195308566969669,7.299740266295963e+16,7.299740266295963,0.6843531154917587,6.603422098263139e+16,6.603422098263139,5772217585.236057,8022196034.418366,456.4339912906911,1.0,0.001999961284193,-1.935790348416705e-05,45,91,133,45.28726723,cone,Promweaver FAL-C tabulated boundary,45,10,1,0.005,0.001,,
ok,90,10000,0.05,0.005,0.6551719187654178,6.17911117011017e+16,6.179111170110169,0.635316364371132,5.810259679907232e+16,5.810259679907232,13625643066.952698,20797049868.419827,3004.6093018372726,1.0,0.0049999788697331,-4.2260533756471866e-06,45,91,143,29.018931914004497,cone,Promweaver FAL-C tabulated boundary,45,10,1,0.005,0.001,,
ok,90,10000,0.1,0.01,0.6735170740100974,6.201188314821801e+16,6.201188314821801,0.6620516544679136,5.991857148483977e+16,5.991857148483977,27722373374.72307,41160609648.1935,12393.26958819568,1.0,0.009999992228172,-7.77182796764253e-07,45,91,142,48.949738452007296,cone,Promweaver FAL-C tabulated boundary,45,10,1,0.005,0.001,,
ok,90,10000,0.2,0.02,0.6843869468283388,6.368809034630917e+16,6.3688090346309165,0.6778391642761691,6.247526506731784e+16,6.247526506731784,55993716939.900856,81815875068.03438,49228.9267851699,1.0,0.0199999966079522,-1.696023878630659e-07,45,91,138,39.290516913999454,cone,Promweaver FAL-C tabulated boundary,45,10,1,0.005,0.001,,
ok,90,12000,0.01,0.001,0.9220322447541296,1.0584717887326557e+17,10.584717887326557,0.8362375400945518,8.706555817872914e+16,8.706555817872914,2771189747.4286165,3005523682.273808,72.55264332976128,1.0,0.0009999809477739,-1.905222605591908e-05,45,91,103,35.8134508249932,cone,Promweaver FAL-C tabulated boundary,45,10,1,0.005,0.001,,
ok,90,12000,0.02,0.002,0.8786195614912423,7.793076717314406e+16,7.793076717314406,0.7932005619330142,6.3514552381053336e+16,6.351455238105333,5398170004.70082,6143921944.486125,373.9247085160704,1.0,0.0019999806013107,-9.69934461783964e-06,45,91,121,35.07500820700079,cone,Promweaver FAL-C tabulated boundary,45,10,1,0.005,0.001,,
ok,90,12000,0.05,0.005,0.9032402763439806,6.630020960439642e+16,6.6300209604396425,0.81898085746066,5.450744348823459e+16,5.450744348823459,13702009276.044657,15169838674.05236,2831.741548345939,1.0000000000000002,0.0049999931771528,-1.3645694364392e-06,45,91,138,40.24841170900618,cone,Promweaver FAL-C tabulated boundary,45,10,1,0.005,0.001,,
ok,90,12000,0.1,0.01,0.939177374939141,6.799995132192503e+16,6.799995132192503,0.8568378175688106,5.659924148583309e+16,5.6599241485833085,27988770140.72016,29801367545.224182,11520.173746616909,1.0,0.0099999969058411,-3.094158824989978e-07,45,91,145,41.2289939809998,cone,Promweaver FAL-C tabulated boundary,45,10,1,0.005,0.001,,
ok,90,12000,0.2,0.02,0.963600716556282,7.334673551308939e+16,7.334673551308939,0.8848683077979286,6.185058935845212e+16,6.185058935845212,56748920901.38459,58892568183.42145,43907.066905477855,1.0,0.0199999986593216,-6.703391747936438e-08,45,91,146,27.92270854799426,cone,Promweaver FAL-C tabulated boundary,45,10,1,0.005,0.001,,
ok,90,14000,0.01,0.001,0.9670679771039886,1.1136296274319251e+17,11.136296274319252,0.8807647808375174,9.237334102051725e+16,9.237334102051724,2436690601.24744,2519668377.9608006,53.31629960222624,1.0,0.0009999853965199,-1.4603480083400304e-05,45,91,82,24.14134254000965,cone,Promweaver FAL-C tabulated boundary,45,10,1,0.005,0.001,,
ok,90,14000,0.02,0.002,0.9534631043431844,7.958228491651206e+16,7.958228491651206,0.8672063509209865,6.583449666776288e+16,6.583449666776288,4836911509.782125,5072992848.647402,293.98141782441536,1.0,0.0019999874242437,-6.287878131800567e-06,45,91,98,34.17104222299531,cone,Promweaver FAL-C tabulated boundary,45,10,1,0.005,0.001,,
ok,90,14000,0.05,0.005,0.9836424975712036,6.768968397207816e+16,6.768968397207816,0.8974488475769603,5.63465496226392e+16,5.63465496226392,12293197938.44921,12497627917.463312,2232.581195329996,1.0,0.0049999953972258,-9.205548290661112e-07,45,91,117,34.13359994298662,cone,Promweaver FAL-C tabulated boundary,45,10,1,0.005,0.001,,
ok,90,14000,0.1,0.01,1.0092782272832062,6.867003930945512e+16,6.867003930945512,0.9231519860751788,5.745024746336973e+16,5.745024746336973,24918552961.650253,24689478369.83116,9042.28813535968,1.0,0.0099999976276952,-2.372304703374128e-07,45,91,128,44.32258045799972,cone,Promweaver FAL-C tabulated boundary,45,10,1,0.005,0.001,,
ok,90,14000,0.2,0.02,1.0282504162574226,7.38066387129754e+16,7.380663871297539,0.9422349963998892,6.197493796007283e+16,6.197493796007283,50318355598.663055,48935896162.152245,34305.002291188,1.0,0.0199999985798107,-7.10094641073744e-08,45,91,134,38.70271644600143,cone,Promweaver FAL-C tabulated boundary,45,10,1,0.005,0.001,,
ok,91,6000,0.01,0.001,0.608552141760742,5.449582256560811e+16,5.449582256560811,0.6079050565216301,5.437999126108255e+16,5.437999126108255,4334881924.157667,7123271165.582335,344.8191147819808,1.0,0.0010000265019663,2.650196630335153e-05,45,91,65,22.97670374000154,cone,Promweaver FAL-C tabulated boundary,45,10,1,0.005,0.001,,
ok,91,6000,0.02,0.002,0.4395649342647497,4.68205361778426e+16,4.68205361778426,0.4389828207793014,4.669660991964606e+16,4.669660991964607,6955877308.789464,15824459065.244596,1033.3975875703354,1.0,0.0020000509879245,2.5493962283905037e-05,45,91,66,23.10850401601056,cone,Promweaver FAL-C tabulated boundary,45,10,1,0.005,0.001,,
ok,91,6000,0.05,0.005,0.2382539602234213,4.292666606380488e+16,4.292666606380488,0.237725679076554,4.273651428554814e+16,4.273651428554815,10858185734.120865,45573998954.47136,2746.5491324535337,1.0,0.0050000762052705,1.5241054106621127e-05,45,91,67,12.84845873899758,cone,Promweaver FAL-C tabulated boundary,45,10,1,0.005,0.001,,
ok,91,6000,0.1,0.01,0.1417439330055831,4.248360506131511e+16,4.248360506131511,0.1412418032616723,4.218314074747481e+16,4.2183140747474805,13935056945.67134,98311487837.17224,4570.841193887416,1.0,0.0100000982435109,9.824351093756787e-06,45,91,67,23.692216588999145,cone,Promweaver FAL-C tabulated boundary,45,10,1,0.005,0.001,,
ok,91,6000,0.2,0.02,0.0834232542812276,4.2417277653020856e+16,4.241727765302086,0.0829410221162327,4.192830475637558e+16,4.192830475637559,17220766978.273033,206426458984.9278,6991.368417036048,1.0,0.0200000934206934,4.671034669820328e-06,45,91,67,23.715977061001468,cone,Promweaver FAL-C tabulated boundary,45,10,1,0.005,0.001,,
ok,91,8000,0.01,0.001,0.7097086481689222,7.400285543037208e+16,7.400285543037208,0.7086181013726114,7.377560281882566e+16,7.377560281882566,3577821283.427167,5041253608.305457,172.97717853858302,1.0,0.0009999724020975,-2.7597902452257756e-05,45,91,104,19.810170961995027,cone,Promweaver FAL-C tabulated boundary,45,10,1,0.005,0.001,,
ok,91,8000,0.02,0.002,0.5641957022289853,6.0896413231889e+16,6.0896413231889,0.5631344511837002,6.066753661730213e+16,6.066753661730213,6190080315.357266,10971512705.435236,629.2175889680872,1.0,0.0019999487291321,-2.5635433949667413e-05,45,91,106,36.67203399998834,cone,Promweaver FAL-C tabulated boundary,45,10,1,0.005,0.001,,
ok,91,8000,0.05,0.005,0.3609380123647888,5.4155461056578616e+16,5.415546105657862,0.3598991856074254,5.3844176675676936e+16,5.384417667567694,11290794271.84522,31281809853.91465,2354.001476526009,1.0000000000000002,0.0049999358122505,-1.283754989239022e-05,45,91,107,30.86413932099822,cone,Promweaver FAL-C tabulated boundary,45,10,1,0.005,0.001,,
ok,91,8000,0.1,0.01,0.2653288646537479,5.3100367569499576e+16,5.310036756949958,0.2643031868804823,5.269062250262346e+16,5.269062250262346,17774437750.57548,66990215232.59817,5949.688331923164,0.9999999999999998,0.0099999619987838,-3.8001216128707993e-06,45,91,107,37.13317534000089,cone,Promweaver FAL-C tabulated boundary,45,10,1,0.005,0.001,,
ok,91,8000,0.2,0.02,0.2183636723763888,5.28310902192705e+16,5.28310902192705,0.2173512952371209,5.234235503806794e+16,5.234235503806794,30309840424.55233,138804408694.4457,17389.124902569765,1.0,0.0199999850954089,-7.452295502918814e-07,45,91,107,37.01580132599338,cone,Promweaver FAL-C tabulated boundary,45,10,1,0.005,0.001,,
ok,91,10000,0.01,0.001,0.8266498350773682,9.4182771878671e+16,9.4182771878671,0.7785782541351478,8.354738097900485e+16,8.354738097900485,3130067936.952417,3786449599.49634,104.02460125678569,1.0000000000000002,0.0009999745857935,-2.541420649100623e-05,45,91,119,22.643231718000607,cone,Promweaver FAL-C tabulated boundary,45,10,1,0.005,0.001,,
ok,91,10000,0.02,0.002,0.7180776069882252,7.26667173145369e+16,7.266671731453689,0.6828749565867245,6.571660909024894e+16,6.571660909024894,5765205987.454235,8028667001.098631,457.3978474066698,1.0000000000000002,0.0019999636140878,-1.819295605723185e-05,45,91,134,48.227523462002864,cone,Promweaver FAL-C tabulated boundary,45,10,1,0.005,0.001,,
ok,91,10000,0.05,0.005,0.6543153944331378,6.154040466209369e+16,6.154040466209369,0.6344478834600302,5.785993971902348e+16,5.785993971902348,13614526564.057877,20807284499.01861,3011.929066459465,1.0,0.0049999788549112,-4.229017749532437e-06,45,91,143,51.39068003599823,cone,Promweaver FAL-C tabulated boundary,45,10,1,0.005,0.001,,
ok,91,10000,0.1,0.01,0.672897708649295,6.177660012181494e+16,6.177660012181494,0.661427097708954,5.96883908776128e+16,5.96883908776128,27706633495.31481,41175104535.47276,12426.348133921028,1.0000000000000002,0.0099999927549442,-7.245055784477205e-07,45,91,143,27.28242129999853,cone,Promweaver FAL-C tabulated boundary,45,10,1,0.005,0.001,,
ok,91,10000,0.2,0.02,0.6837694563790251,6.344333294114809e+16,6.344333294114809,0.6772188257549766,6.22335593688688e+16,6.22335593688688,55962713827.81269,81844418913.01973,49364.13636841608,0.9999999999999998,0.0199999965981245,-1.700937718798756e-07,45,91,138,47.31957853901258,cone,Promweaver FAL-C tabulated boundary,45,10,1,0.005,0.001,,
ok,91,12000,0.01,0.001,0.9211436065481085,1.0540528160363122e+17,10.540528160363122,0.8353486930551222,8.668486628267648e+16,8.668486628267647,2769744158.5370693,3006853805.25671,72.78081882650116,1.0,0.0009999808037793,-1.919622069830075e-05,45,91,103,29.473032398993382,cone,Promweaver FAL-C tabulated boundary,45,10,1,0.005,0.001,,
ok,91,12000,0.02,0.002,0.87784936822299,7.75518271869734e+16,7.755182718697341,0.7924299973036185,6.319370921350182e+16,6.319370921350182,5395552956.817789,6146331195.453135,375.3875668156432,1.0,0.001999980563566,-9.718216957728398e-06,45,91,121,43.73843727100757,cone,Promweaver FAL-C tabulated boundary,45,10,1,0.005,0.001,,
ok,91,12000,0.05,0.005,0.9028740971004696,6.603374068251738e+16,6.603374068251738,0.8186142608245143,5.428378540228628e+16,5.428378540228628,13698975913.62252,15172631441.765833,2841.909895492169,1.0,0.0049999931798512,-1.364029743149142e-06,45,91,138,26.597741564997705,cone,Promweaver FAL-C tabulated boundary,45,10,1,0.005,0.001,,
ok,91,12000,0.1,0.01,0.9389262637486162,6.774815314420795e+16,6.774815314420795,0.8565861794036161,5.6386691345089336e+16,5.638669134508934,27984757244.98981,29805063853.74935,11559.675086551992,1.0,0.0099999972153923,-2.7846076156717853e-07,45,91,146,50.22307294499478,cone,Promweaver FAL-C tabulated boundary,45,10,1,0.005,0.001,,
ok,91,12000,0.2,0.02,0.9633866532932306,7.308241438432005e+16,7.308241438432005,0.88465344381362,6.162514877976187e+16,6.162514877976188,56742239995.25481,58898719222.74171,44055.49305948877,1.0,0.0199999986719446,-6.640276887376338e-08,45,91,147,50.34783191999304,cone,Promweaver FAL-C tabulated boundary,45,10,1,0.005,0.001,,
ok,91,14000,0.01,0.001,0.9664751048706806,1.1086414469614448e+17,11.086414469614448,0.8801718844143837,9.194852160386816e+16,9.194852160386816,2435899935.2542696,2520395944.9945745,53.521438431104464,1.0000000000000002,0.0009999853162269,-1.4683773090669316e-05,45,91,82,28.67257824300032,cone,Promweaver FAL-C tabulated boundary,45,10,1,0.005,0.001,,
ok,91,14000,0.02,0.002,0.9530520070391272,7.920091347591947e+16,7.920091347591947,0.8667952390058951,6.55133827422152e+16,6.55133827422152,4835800710.51364,5074015557.175263,295.26134845546045,1.0000000000000002,0.0019999874282539,-6.28587302716789e-06,45,91,98,28.23001682899485,cone,Promweaver FAL-C tabulated boundary,45,10,1,0.005,0.001,,
ok,91,14000,0.05,0.005,0.98344199539423,6.741990884765355e+16,6.741990884765356,0.8972483370708634,5.611978333166206e+16,5.611978333166206,12291883690.925035,12498839533.4873,2241.035433801056,1.0,0.0049999957365151,-8.526969635588853e-07,45,91,118,37.877781078001135,cone,Promweaver FAL-C tabulated boundary,45,10,1,0.005,0.001,,
ok,91,14000,0.1,0.01,1.0091423520297895,6.841457947412253e+16,6.841457947412253,0.923016102540073,5.723508744449108e+16,5.723508744449108,24916813965.78021,24691079425.675182,9074.78527205056,1.0,0.0099999976275008,-2.372499172814679e-07,45,91,128,24.419611110002734,cone,Promweaver FAL-C tabulated boundary,45,10,1,0.005,0.001,,
ok,91,14000,0.2,0.02,1.0281471177874637,7.354155733457746e+16,7.354155733457746,0.9421316872030032,6.175121674572575e+16,6.175121674572575,50315758751.90685,48938287022.76052,34425.101541734126,1.0000000000000002,0.0199999985795261,-7.102369092154559e-08,45,91,134,46.11713074900035,cone,Promweaver FAL-C tabulated boundary,45,10,1,0.005,0.001,,
ok,92,6000,0.01,0.001,0.6077091351111594,5.437117724711633e+16,5.437117724711633,0.6070619231539409,5.425542799979452e+16,5.425542799979452,4331031335.908603,7126816244.281714,344.9958853634553,1.0,0.001000026495076,2.649507608947464e-05,45,91,65,18.88732976799656,cone,Promweaver FAL-C tabulated boundary,45,10,1,0.005,0.001,,
ok,92,6000,0.02,0.002,0.4385734142925104,4.66854021831513e+16,4.66854021831513,0.4379910912960113,4.656150988101639e+16,4.656150988101639,6944700011.782664,15834749178.733473,1033.06078556307,1.0,0.002000050935036,2.5467518045612852e-05,45,91,66,23.582976004996453,cone,Promweaver FAL-C tabulated boundary,45,10,1,0.005,0.001,,
ok,92,6000,0.05,0.005,0.2375150965577397,4.278446427924028e+16,4.278446427924028,0.2369865329993568,4.259425198377064e+16,4.259425198377064,10830554668.869663,45599436944.57655,2741.670753893038,0.9999999999999998,0.0050000760839723,1.5216794471348268e-05,45,91,67,25.299035281001125,cone,Promweaver FAL-C tabulated boundary,45,10,1,0.005,0.001,,
ok,92,6000,0.1,0.01,0.1412989514538501,4.234170836080353e+16,4.234170836080353,0.1407965464351294,4.204114182729525e+16,4.2041141827295245,13896346022.004929,98347127696.44035,4560.7142517200855,1.0000000000000002,0.0100000982011693,9.820116934726453e-06,45,91,67,22.99844592399313,cone,Promweaver FAL-C tabulated boundary,45,10,1,0.005,0.001,,
ok,92,6000,0.2,0.02,0.0831740907747496,4.227601826539785e+16,4.227601826539785,0.0826916106684713,4.178696748800228e+16,4.178696748800228,17172991553.27811,206470445222.96805,6975.86127997161,1.0,0.0200000934578765,4.67289382969499e-06,45,91,67,19.15446238000004,cone,Promweaver FAL-C tabulated boundary,45,10,1,0.005,0.001,,
ok,92,8000,0.01,0.001,0.7089728417723159,7.387648650779952e+16,7.387648650779952,0.7078822544306091,7.364937825122685e+16,7.364937825122685,3575576624.8691583,5043319594.486586,173.05571508142813,1.0,0.0009999723272914,-2.767270851052397e-05,45,91,104,22.51746135999565,cone,Promweaver FAL-C tabulated boundary,45,10,1,0.005,0.001,,
ok,92,8000,0.02,0.002,0.5632602873933554,6.073377033586499e+16,6.0733770335865,0.562198988097885,6.050511589598403e+16,6.050511589598403,6183321686.046387,10977734138.974075,629.5256635920329,1.0,0.0019999485979191,-2.5701040438442027e-05,45,91,106,39.53379898799176,cone,Promweaver FAL-C tabulated boundary,45,10,1,0.005,0.001,,
ok,92,8000,0.05,0.005,0.3600236612748126,5.3978746095649e+16,5.3978746095649,0.3589847739838264,5.36676725191444e+16,5.36676725191444,11269312115.703512,31301587445.11361,2352.729634291721,1.0000000000000002,0.0049999357431171,-1.2851376573336236e-05,45,91,107,31.39040662100888,cone,Promweaver FAL-C tabulated boundary,45,10,1,0.005,0.001,,
ok,92,8000,0.1,0.01,0.2646686279211371,5.292135252374828e+16,5.292135252374828,0.2636428967190919,5.251195081182859e+16,5.25119508118286,17738878715.216324,67022974557.08255,5945.951928041684,1.0,0.0099999645027258,-3.5497274168683197e-06,45,91,108,20.90851574401313,cone,Promweaver FAL-C tabulated boundary,45,10,1,0.005,0.001,,
ok,92,8000,0.2,0.02,0.217888453660492,5.265265699964842e+16,5.265265699964842,0.2168760335752941,5.21644919606413e+16,5.216449196064129,30254909136.1127,138855036271.24313,17384.868665612605,1.0,0.0199999915136941,-4.243152912364322e-07,45,91,108,37.27219689599588,cone,Promweaver FAL-C tabulated boundary,45,10,1,0.005,0.001,,
ok,92,10000,0.01,0.001,0.8260253571460658,9.40642598696357e+16,9.40642598696357,0.7779446998253468,8.343251523184328e+16,8.343251523184328,3128729723.6708107,3787692104.853336,104.06662102426364,1.0,0.0009999761514826,-2.384851738898401e-05,45,91,120,34.59503618598683,cone,Promweaver FAL-C tabulated boundary,45,10,1,0.005,0.001,,
ok,92,10000,0.02,0.002,0.7173564338388864,7.247663165460675e+16,7.247663165460676,0.6821414128129226,6.553553339498444e+16,6.553553339498444,5761718757.870201,8031877161.868804,458.042851701473,1.0,0.001999963545427,-1.8227286469009105e-05,45,91,134,29.942551397005445,cone,Promweaver FAL-C tabulated boundary,45,10,1,0.005,0.001,,
ok,92,10000,0.05,0.005,0.6537541578847673,6.134378979953094e+16,6.134378979953095,0.6338787977183553,5.76705543590733e+16,5.767055435907331,13607236561.453836,20813996205.363007,3018.3476998152755,1.0,0.0049999788481495,-4.230370091035106e-06,45,91,143,27.29391706999741,cone,Promweaver FAL-C tabulated boundary,45,10,1,0.005,0.001,,
ok,92,10000,0.1,0.01,0.6724041557840149,6.157455882811389e+16,6.157455882811389,0.6609294022703546,5.949091873171153e+16,5.949091873171152,27694081778.83303,41186660642.4258,12455.82883855775,0.9999999999999998,0.0099999927559456,-7.244054359839546e-07,45,91,143,40.75494356099807,cone,Promweaver FAL-C tabulated boundary,45,10,1,0.005,0.001,,
ok,92,10000,0.2,0.02,0.683241522562318,6.323054576351506e+16,6.323054576351506,0.6766884530126965,6.20234554896288e+16,6.20234554896288,55936190037.65124,81868838749.54971,49483.32041336942,0.9999999999999998,0.0199999965895925,-1.7052037108722384e-07,45,91,138,47.4689370720007,cone,Promweaver FAL-C tabulated boundary,45,10,1,0.005,0.001,,
ok,92,12000,0.01,0.001,0.920709504221213,1.05216429763384e+17,10.5216429763384,0.8349144886331401,8.652115409173842e+16,8.652115409173842,2769037582.233784,3007504071.0869923,72.87425689187836,1.0,0.0009999807562628,-1.92437371909944e-05,45,91,103,29.9983679500001,cone,Promweaver FAL-C tabulated boundary,45,10,1,0.005,0.001,,
ok,92,12000,0.02,0.002,0.8774103883840285,7.732399109878587e+16,7.732399109878587,0.7919908056658174,6.3001225537022776e+16,6.300122553702278,5394060453.7922325,6147705253.099122,376.2853904164567,1.0,0.0019999805530625,-9.723468733088478e-06,45,91,121,41.76225874500233,cone,Promweaver FAL-C tabulated boundary,45,10,1,0.005,0.001,,
ok,92,12000,0.05,0.005,0.9026038078961748,6.582290555169056e+16,6.582290555169056,0.818343663428374,5.410708961147534e+16,5.410708961147535,13696736164.01756,15174693530.201769,2850.0805300881807,1.0,0.0049999931795413,-1.364091730023109e-06,45,91,138,47.67041862699261,cone,Promweaver FAL-C tabulated boundary,45,10,1,0.005,0.001,,
ok,92,12000,0.1,0.01,0.938719961626832,6.753429631456266e+16,6.753429631456266,0.8563794443476584,5.620626692788052e+16,5.620626692788052,27981458964.035305,29808100506.931305,11593.547108406889,1.0,0.0099999972145945,-2.785405501734561e-07,45,91,146,40.43624042600277,cone,Promweaver FAL-C tabulated boundary,45,10,1,0.005,0.001,,
ok,92,12000,0.2,0.02,0.9632034066935258,7.285428241331526e+16,7.285428241331527,0.884469511623196,6.143060593027633e+16,6.1430605930276325,56736519735.480965,58903985742.99636,44184.53610499487,1.0000000000000002,0.0199999986715652,-6.642173980969668e-08,45,91,147,28.378201333005563,cone,Promweaver FAL-C tabulated boundary,45,10,1,0.005,0.001,,
ok,92,14000,0.01,0.001,0.9661732486708188,1.1063418360640525e+17,11.063418360640524,0.8798700158878578,9.17521721264604e+16,9.17521721264604,2435497230.960801,2520766575.054066,53.61495487796334,1.0,0.0009999852886656,-1.4711334377255636e-05,45,91,82,28.699299807994976,cone,Promweaver FAL-C tabulated boundary,45,10,1,0.005,0.001,,
ok,92,14000,0.02,0.002,0.9527820597859312,7.895926200691891e+16,7.895926200691891,0.8665252821208702,6.530980922587559e+16,6.530980922587559,4835073216.691518,5074689607.16772,296.075880353582,1.0,0.0019999883229973,-5.8385013117570606e-06,45,91,99,28.38370808699983,cone,Promweaver FAL-C tabulated boundary,45,10,1,0.005,0.001,,
ok,92,14000,0.05,0.005,0.9832857743306492,6.720280754338763e+16,6.720280754338763,0.8970921095207481,5.593736164972162e+16,5.593736164972162,12290858869.629375,12499783064.588846,2247.9003076711647,1.0,0.0049999957364687,-8.527062580337972e-07,45,91,118,40.95364462699217,cone,Promweaver FAL-C tabulated boundary,45,10,1,0.005,0.001,,
ok,92,14000,0.1,0.01,1.0090280130869236,6.819754756375013e+16,6.819754756375013,0.9229017566272198,5.705231293040666e+16,5.705231293040667,24915350425.018623,24692426872.069675,9102.595459480182,1.0,0.0099999976265193,-2.373480672418493e-07,45,91,128,36.55727405099606,cone,Promweaver FAL-C tabulated boundary,45,10,1,0.005,0.001,,
ok,92,14000,0.2,0.02,1.0280582988578717,7.331331083112094e+16,7.331331083112095,0.942042859049204,6.1558590879171256e+16,6.1558590879171255,50313525706.58454,48940342938.21731,34529.2122307558,1.0,0.0199999985790622,-7.104688989900687e-08,45,91,134,25.314741620997665,cone,Promweaver FAL-C tabulated boundary,45,10,1,0.005,0.001,,
ok,93,6000,0.01,0.001,0.607258930437291,5.429636062809953e+16,5.429636062809953,0.6066116507048329,5.418067289933287e+16,5.418067289933287,4328973371.086988,7128710923.970549,345.143030413016,1.0000000000000002,0.0010000264910218,2.6491021869841026e-05,45,91,65,22.807531069993274,cone,Promweaver FAL-C tabulated boundary,45,10,1,0.005,0.001,,
ok,93,6000,0.02,0.002,0.4378515595253868,4.657027801320928e+16,4.657027801320928,0.4372690835543142,4.644645511317921e+16,4.644645511317921,6936553459.436519,15842249064.855356,1033.1863142833954,1.0,0.0020000508925159,2.544625795643761e-05,45,91,66,17.040645754008438,cone,Promweaver FAL-C tabulated boundary,45,10,1,0.005,0.001,,
ok,93,6000,0.05,0.005,0.2368420333413374,4.26486312663487e+16,4.264863126634871,0.2363132113462653,4.245839176251267e+16,4.245839176251267,10805357514.67774,45622634471.74947,2737.6201194087835,1.0,0.0050000759975469,1.5199509389302032e-05,45,91,67,23.461985503003238,cone,Promweaver FAL-C tabulated boundary,45,10,1,0.005,0.001,,
ok,93,6000,0.1,0.01,0.1408664929530239,4.22038939411503e+16,4.22038939411503,0.1403638191222966,4.1903227108012456e+16,4.1903227108012455,13858697714.701263,98381789907.43285,4550.847905534075,1.0,0.0100000982200268,9.82200268426908e-06,45,91,67,23.666909353996743,cone,Promweaver FAL-C tabulated boundary,45,10,1,0.005,0.001,,
ok,93,6000,0.2,0.02,0.0829301279380982,4.213861374404427e+16,4.213861374404427,0.0824474039572568,4.164947625021319e+16,4.164947625021319,17126193652.333284,206513532272.8169,6960.51632829701,1.0,0.0200000935668211,4.67834105673942e-06,45,91,67,24.06077301800542,cone,Promweaver FAL-C tabulated boundary,45,10,1,0.005,0.001,,
ok,93,8000,0.01,0.001,0.7086070782099174,7.384501245514805e+16,7.384501245514805,0.7075164706807315,7.361787966696208e+16,7.361787966696208,3574460271.147212,5044347397.964201,173.0213836414497,1.0,0.0009999723273134,-2.767268655911627e-05,45,91,104,36.21981372899609,cone,Promweaver FAL-C tabulated boundary,45,10,1,0.005,0.001,,
ok,93,8000,0.02,0.002,0.56264663178998,6.061188886811281e+16,6.061188886811281,0.561585300763182,6.03834378231844e+16,6.03834378231844,6178883797.859935,10981819580.44021,629.886408432675,0.9999999999999998,0.0019999485465173,-2.572674132257126e-05,45,91,106,36.76376837299904,cone,Promweaver FAL-C tabulated boundary,45,10,1,0.005,0.001,,
ok,93,8000,0.05,0.005,0.3592270695096028,5.381384786833298e+16,5.381384786833298,0.3581881292807808,5.350302205990547e+16,5.350302205990547,11250574515.21356,31318838334.1273,2352.0976837052526,1.0,0.0049999356922476,-1.2861550474987936e-05,45,91,107,31.242892333000785,cone,Promweaver FAL-C tabulated boundary,45,10,1,0.005,0.001,,
ok,93,8000,0.1,0.01,0.2640437678735007,5.274818729895801e+16,5.2748187298958005,0.2630179859530779,5.2339141214467096e+16,5.23391412144671,17705188790.547016,67053992348.07655,5942.833795069659,1.0,0.0099999645253849,-3.5474615061453765e-06,45,91,108,37.70280794099381,cone,Promweaver FAL-C tabulated boundary,45,10,1,0.005,0.001,,
ok,93,8000,0.2,0.02,0.217426020524575,5.247918249198824e+16,5.247918249198824,0.2164135585982929,5.199157328498714e+16,5.199157328498714,30201400750.713085,138904261218.8154,17380.693905520024,1.0,0.0199999868237846,-6.588107684390997e-07,45,91,108,37.48920404500677,cone,Promweaver FAL-C tabulated boundary,45,10,1,0.005,0.001,,
ok,93,10000,0.01,0.001,0.8257424656167052,9.406255238119485e+16,9.406255238119485,0.7776577131864839,8.342658904075573e+16,8.342658904075574,3128120997.191066,3788252545.3681626,104.02801885932976,1.0,0.0009999761513178,-2.3848682180775332e-05,45,91,120,23.15865457500331,cone,Promweaver FAL-C tabulated boundary,45,10,1,0.005,0.001,,
ok,93,10000,0.02,0.002,0.7168813328082935,7.235110175266266e+16,7.235110175266265,0.6816581515097649,6.541598278291771e+16,6.541598278291771,5759419946.018374,8033993469.262985,458.4714995493976,0.9999999999999998,0.0019999635214142,-1.8239292888305374e-05,45,91,134,25.075743959008832,cone,Promweaver FAL-C tabulated boundary,45,10,1,0.005,0.001,,
ok,93,10000,0.05,0.005,0.6532564370709064,6.116124089860187e+16,6.116124089860187,0.6333741062854272,5.749492363050357e+16,5.749492363050357,13600767641.44494,20819951966.22712,3024.478864698842,1.0,0.0049999788425761,-4.23148477490115e-06,45,91,143,49.62303046599845,cone,Promweaver FAL-C tabulated boundary,45,10,1,0.005,0.001,,
ok,93,10000,0.1,0.01,0.671931330810743,6.137946050594434e+16,6.137946050594435,0.6604526034260985,5.930025980813423e+16,5.930025980813423,27682050589.83711,41197737507.5461,12484.565985784257,1.0,0.0099999927564716,-7.243528304945456e-07,45,91,143,40.48578119601007,cone,Promweaver FAL-C tabulated boundary,45,10,1,0.005,0.001,,
ok,93,10000,0.2,0.02,0.6827266198962559,6.302367751573528e+16,6.302367751573528,0.6761711681338654,6.181919781314171e+16,6.181919781314171,55910305691.649925,81892669865.64227,49599.807655674726,1.0,0.0199999965814048,-1.7092975593963053e-07,45,91,138,47.4189741149894,cone,Promweaver FAL-C tabulated boundary,45,10,1,0.005,0.001,,
ok,93,12000,0.01,0.001,0.9204846120754808,1.0520028312608734e+17,10.520028312608735,0.8346895435676935,8.650352180287317e+16,8.650352180287317,2768671472.097271,3007841126.0504985,72.86617005790532,1.0,0.0009999807535802,-1.924641975284934e-05,45,91,103,30.074180581999823,cone,Promweaver FAL-C tabulated boundary,45,10,1,0.005,0.001,,
ok,93,12000,0.02,0.002,0.8770987427393125,7.717014623993443e+16,7.717014623993443,0.7916790095971431,6.287103456911682e+16,6.287103456911682,5393000490.080673,6148681131.656299,376.8873807182134,1.0,0.0019999805516866,-9.72415667953308e-06,45,91,121,41.73840622100397,cone,Promweaver FAL-C tabulated boundary,45,10,1,0.005,0.001,,
ok,93,12000,0.05,0.005,0.9023591179762928,6.562927469938727e+16,6.562927469938727,0.8180986944320777,5.394487383788259e+16,5.394487383788259,13694708013.73795,15176560795.93994,2857.642849788943,1.0,0.0049999931778515,-1.36442968746292e-06,45,91,138,39.75057759600168,cone,Promweaver FAL-C tabulated boundary,45,10,1,0.005,0.001,,
ok,93,12000,0.1,0.01,0.9385226071849342,6.732910992595009e+16,6.732910992595008,0.8561816756619796,5.603317786867752e+16,5.603317786867752,27978303104.919388,29811006033.02389,11626.255649178564,1.0,0.0099999972133808,-2.7866191663200585e-07,45,91,146,50.457163308994495,cone,Promweaver FAL-C tabulated boundary,45,10,1,0.005,0.001,,
ok,93,12000,0.2,0.02,0.9630251475861572,7.263301573914547e+16,7.263301573914547,0.884290585455844,6.124192356698777e+16,6.124192356698777,56730954184.272,58909109825.91611,44310.44380996859,1.0000000000000002,0.019999998671109,-6.64445493417376e-08,45,91,147,28.11541790599585,cone,Promweaver FAL-C tabulated boundary,45,10,1,0.005,0.001,,
ok,93,14000,0.01,0.001,0.9660061311846404,1.1058424023963917e+17,11.058424023963916,0.8797028915736314,9.170763879217518e+16,9.17076387921752,2435274254.301595,2520971840.3289533,53.62934791442704,0.9999999999999998,0.0009999852834955,-1.4716504492893329e-05,45,91,82,17.164984458009712,cone,Promweaver FAL-C tabulated boundary,45,10,1,0.005,0.001,,
ok,93,14000,0.02,0.002,0.9525856702198536,7.878361653606507e+16,7.8783616536065075,0.8663288855685284,6.5161851387690936e+16,6.516185138769093,4834542264.320265,5075178448.993957,296.67080458028295,1.0,0.0019999883240873,-5.837956332981412e-06,45,91,99,34.47343904100126,cone,Promweaver FAL-C tabulated boundary,45,10,1,0.005,0.001,,
ok,93,14000,0.05,0.005,0.9831417537736742,6.7003312065893176e+16,6.7003312065893175,0.896948082982718,5.576973762066176e+16,5.576973762066176,12289913944.4582,12500653031.24886,2254.2465455088045,1.0,0.0049999957352114,-8.529577081098359e-07,45,91,118,33.70934632100398,cone,Promweaver FAL-C tabulated boundary,45,10,1,0.005,0.001,,
ok,93,14000,0.1,0.01,1.008918400280268,6.798999773088042e+16,6.798999773088042,0.9227921371378583,5.6877527904510056e+16,5.687752790451006,24913947227.96863,24693718759.6616,9129.354128454215,1.0000000000000002,0.0099999976251973,-2.3748026496683838e-07,45,91,128,44.35702737700194,cone,Promweaver FAL-C tabulated boundary,45,10,1,0.005,0.001,,
ok,93,14000,0.2,0.02,1.0279720270126536,7.309244996449978e+16,7.309244996449977,0.9419565782435106,6.137220007341262e+16,6.137220007341263,50311356519.03375,48942340060.790825,34630.5616519177,1.0,0.019999998578518,-7.10740959142253e-08,45,91,134,45.85931874500238,cone,Promweaver FAL-C tabulated boundary,45,10,1,0.005,0.001,,
ok,94,6000,0.01,0.001,0.605823430320662,5.411962587974572e+16,5.411962587974572,0.6051759340048904,5.400400297624964e+16,5.400400297624964,4322404182.998619,7134759018.33439,345.22001247233567,1.0,0.001000026489369,2.64893690697654e-05,45,91,65,20.74890051399416,cone,Promweaver FAL-C tabulated boundary,45,10,1,0.005,0.001,,
ok,94,6000,0.02,0.002,0.4362711561810291,4.640079523366465e+16,4.640079523366465,0.43568834402113,4.62769049234841e+16,4.62769049234841,6918689745.924642,15858691659.766195,1031.6260219099315,1.0,0.0020000505192175,2.525960879373214e-05,45,91,66,23.57630672199593,cone,Promweaver FAL-C tabulated boundary,45,10,1,0.005,0.001,,
ok,94,6000,0.05,0.005,0.2357201588938308,4.24845804676898e+16,4.24845804676898,0.2351909036287388,4.229401598350886e+16,4.229401598350886,10763301306.067808,45661352667.40438,2726.8400377239386,1.0,0.00500007581153,1.516230600847462e-05,45,91,67,20.996640932004084,cone,Promweaver FAL-C tabulated boundary,45,10,1,0.005,0.001,,
ok,94,6000,0.1,0.01,0.1401699420352437,4.2041813379472376e+16,4.2041813379472375,0.1396668325682679,4.174055514361929e+16,4.174055514361929,13798002462.990606,98437669750.34705,4528.464798848411,1.0,0.0100000981306383,9.813063834261669e-06,45,91,67,19.319201842998154,cone,Promweaver FAL-C tabulated boundary,45,10,1,0.005,0.001,,
ok,94,6000,0.2,0.02,0.0825259550387348,4.197760704766646e+16,4.197760704766647,0.0820428246153402,4.148754801879383e+16,4.148754801879384,17048620487.70828,206584952330.5273,6924.059777963548,1.0000000000000002,0.0200000935743224,4.678716120608272e-06,45,91,67,16.905574251999496,cone,Promweaver FAL-C tabulated boundary,45,10,1,0.005,0.001,,
ok,94,8000,0.01,0.001,0.7073022227007499,7.366018646257904e+16,7.366018646257904,0.7062115428346829,7.343318946834595e+16,7.343318946834596,3570479770.908426,5048025661.89453,173.06942062850615,1.0,0.000999973947062,-2.605293793873052e-05,45,91,105,36.26235598899075,cone,Promweaver FAL-C tabulated boundary,45,10,1,0.005,0.001,,
ok,94,8000,0.02,0.002,0.5611167580727515,6.039571304720986e+16,6.039571304720987,0.5600553476795254,6.016743967509407e+16,6.016743967509407,6167805048.88629,10992017187.422165,629.8761485162173,1.0000000000000002,0.0019999482630052,-2.5868497360468853e-05,45,91,106,37.032643924991135,cone,Promweaver FAL-C tabulated boundary,45,10,1,0.005,0.001,,
ok,94,8000,0.05,0.005,0.3578513383286814,5.360540475584571e+16,5.360540475584571,0.3568123062340728,5.329456687427168e+16,5.329456687427168,11218165450.74843,31348675411.253326,2347.6594692933827,1.0,0.0049999355406006,-1.2891879863641265e-05,45,91,107,20.671312366001075,cone,Promweaver FAL-C tabulated boundary,45,10,1,0.005,0.001,,
ok,94,8000,0.1,0.01,0.2631060931722918,5.254214828303988e+16,5.254214828303988,0.2620802348169687,5.213322030442496e+16,5.213322030442496,17654574458.507065,67100591421.67484,5932.075666795276,1.0,0.0099999644686461,-3.5531353864345907e-06,45,91,108,20.292844997995417,cone,Promweaver FAL-C tabulated boundary,45,10,1,0.005,0.001,,
ok,94,8000,0.2,0.02,0.2167917540789418,5.227353423541292e+16,5.227353423541292,0.215779234540788,5.178639047214484e+16,5.178639047214484,30127957335.456444,138971878628.21454,17364.309233795077,1.0,0.0199999867767667,-6.611616630916583e-07,45,91,108,37.934941700004856,cone,Promweaver FAL-C tabulated boundary,45,10,1,0.005,0.001,,
ok,94,10000,0.01,0.001,0.8247625425339253,9.38183086224102e+16,9.38183086224102,0.7766635941822284,8.31946957909675e+16,8.31946957909675,3126010524.7931824,3790194587.631384,104.15815361207164,1.0,0.0009999759975928,-2.4002407178133622e-05,45,91,120,34.67359112401027,cone,Promweaver FAL-C tabulated boundary,45,10,1,0.005,0.001,,
ok,94,10000,0.02,0.002,0.7157370009328957,7.208707403392464e+16,7.208707403392464,0.6804941324168104,6.516272378834271e+16,6.516272378834271,5753877778.876366,8039095046.611713,459.2655470891605,1.0,0.0019999633746191,-1.8312690446085217e-05,45,91,134,25.267553772006067,cone,Promweaver FAL-C tabulated boundary,45,10,1,0.005,0.001,,
ok,94,10000,0.05,0.005,0.6524905339867751,6.0925643854762376e+16,6.092564385476238,0.6325974587874592,5.726728346188833e+16,5.726728346188833,13590805887.757565,20829123458.261578,3031.728398620238,1.0,0.0049999788299501,-4.2340099764767705e-06,45,91,143,49.20904141300707,cone,Promweaver FAL-C tabulated boundary,45,10,1,0.005,0.001,,
ok,94,10000,0.1,0.01,0.6713201131944291,6.1144403967200376e+16,6.114440396720037,0.6598362411452667,5.907037502602961e+16,5.907037502602961,27666488365.329304,41212065334.49487,12518.473135816368,1.0000000000000002,0.0099999927587983,-7.241201607083302e-07,45,91,143,49.23156246000144,cone,Promweaver FAL-C tabulated boundary,45,10,1,0.005,0.001,,
ok,94,10000,0.2,0.02,0.682094799512477,6.277591419199865e+16,6.277591419199865,0.6755364198968445,6.157452993502577e+16,6.157452993502577,55878523249.92841,81921931218.16386,49738.97076262363,1.0,0.0199999965708577,-1.7145711465188507e-07,45,91,138,38.97985378700832,cone,Promweaver FAL-C tabulated boundary,45,10,1,0.005,0.001,,
ok,94,12000,0.01,0.001,0.9197655058583208,1.0488509778923838e+17,10.488509778923838,0.833970268099881,8.623045684116323e+16,8.623045684116324,2767500000.885286,3008919103.0301447,73.02330279836862,1.0,0.0009999806506787,-1.934932121819277e-05,45,91,103,29.126520369987706,cone,Promweaver FAL-C tabulated boundary,45,10,1,0.005,0.001,,
ok,94,12000,0.02,0.002,0.8764431160280634,7.685508559214605e+16,7.685508559214605,0.7910230662824893,6.2604195295309656e+16,6.2604195295309655,5390769425.422598,6150735086.896373,378.1193498669504,1.0,0.0019999805266963,-9.736651808379612e-06,45,91,121,23.969931635991088,cone,Promweaver FAL-C tabulated boundary,45,10,1,0.005,0.001,,
ok,94,12000,0.05,0.005,0.9020132527236802,6.53750901010401e+16,6.537509010104009,0.8177524345872846,5.3731647276369736e+16,5.373164727636974,13691840414.903706,15179200941.4057,2867.552360653771,1.0000000000000002,0.0049999931792519,-1.364149602653408e-06,45,91,138,47.50035824599036,cone,Promweaver FAL-C tabulated boundary,45,10,1,0.005,0.001,,
ok,94,12000,0.1,0.01,0.938272870069237,6.7078480425405896e+16,6.70784804254059,0.8559314142297337,5.582167061939937e+16,5.582167061939937,27974308725.547787,29814683572.257088,11666.36369383026,1.0,0.009999997213112,-2.786887979069896e-07,45,91,146,50.72545418099617,cone,Promweaver FAL-C tabulated boundary,45,10,1,0.005,0.001,,
ok,94,12000,0.2,0.02,0.962806593720178,7.236608605937075e+16,7.236608605937075,0.884071213569494,6.101427735415372e+16,6.101427735415372,56724129241.74643,58915393404.78618,44463.18729459183,1.0,0.0199999986708261,-6.645869254223724e-08,45,91,147,50.52854667999782,cone,Promweaver FAL-C tabulated boundary,45,10,1,0.005,0.001,,
ok,94,14000,0.01,0.001,0.9655175577459378,1.1021360628899283e+17,11.021360628899284,0.8792142981652795,9.139119287582656e+16,9.139119287582655,2434622060.464761,2521572022.106508,53.78087857645623,1.0,0.0009999852248549,-1.477514509156362e-05,45,91,82,23.743336612009443,cone,Promweaver FAL-C tabulated boundary,45,10,1,0.005,0.001,,
ok,94,14000,0.02,0.002,0.952220162735065,7.845383760660805e+16,7.845383760660805,0.8659633650755734,6.488412982768613e+16,6.488412982768613,4833553820.464446,5076088503.084217,297.79604475789967,1.0000000000000002,0.0019999883271751,-5.836412402633259e-06,45,91,99,31.231393299996853,cone,Promweaver FAL-C tabulated boundary,45,10,1,0.005,0.001,,
ok,94,14000,0.05,0.005,0.9829475710648802,6.674224158624404e+16,6.674224158624404,0.8967538922079115,5.555032723812622e+16,5.555032723812622,12288639702.840351,12501826205.773523,2262.595054604045,1.0,0.0049999957367186,-8.526562759667009e-07,45,91,118,42.19666502899781,cone,Promweaver FAL-C tabulated boundary,45,10,1,0.005,0.001,,
ok,94,14000,0.1,0.01,1.0087812384601729,6.77350492470782e+16,6.77350492470782,0.9226549669543408,5.666280971535416e+16,5.666280971535416,24912191160.73369,24695335530.58564,9162.424406972856,1.0,0.0099999976245483,-2.3754516756402386e-07,45,91,128,27.04625768399273,cone,Promweaver FAL-C tabulated boundary,45,10,1,0.005,0.001,,
ok,94,14000,0.2,0.02,1.0278663103108503,7.282481709373029e+16,7.282481709373028,0.9418508505605566,6.114633167765918e+16,6.114633167765918,50308698176.4,48944787538.74664,34754.15679996278,1.0,0.0199999985781058,-7.109470668426042e-08,45,91,134,46.1583014120115,cone,Promweaver FAL-C tabulated boundary,45,10,1,0.005,0.001,,
ok,95,6000,0.01,0.001,0.6032006322466631,5.381981140246132e+16,5.381981140246132,0.602552738310145,5.370425846355528e+16,5.370425846355528,4310373166.726572,7145836619.355461,345.21333970313344,1.0,0.0010000265702068,2.657020684872745e-05,45,91,65,18.691196689993376,cone,Promweaver FAL-C tabulated boundary,45,10,1,0.005,0.001,,
ok,95,6000,0.02,0.002,0.4334151778614563,4.614540997585545e+16,4.614540997585545,0.4328317534338534,4.602126001272675e+16,4.602126001272676,6886315907.054417,15888497354.96727,1027.650351282237,1.0000000000000002,0.002000050499916,2.5249958001630907e-05,45,91,66,19.532444519994897,cone,Promweaver FAL-C tabulated boundary,45,10,1,0.005,0.001,,
ok,95,6000,0.05,0.005,0.2341293653788621,4.23039029866417e+16,4.230390298664171,0.233599490300508,4.211263762799137e+16,4.2112637627991365,10703544246.082169,45716368080.36433,2708.162872442648,1.0000000000000002,0.0050000756630586,1.5132611738515042e-05,45,91,67,13.16670195700135,cone,Promweaver FAL-C tabulated boundary,45,10,1,0.005,0.001,,
ok,95,6000,0.1,0.01,0.1392697806767194,4.187575189015096e+16,4.187575189015096,0.1387661032770584,4.157340733670682e+16,4.157340733670682,13719463144.183634,98509978816.0792,4494.812880216789,1.0000000000000002,0.010000098092276,9.809227601194346e-06,45,91,67,15.144275757003925,cone,Promweaver FAL-C tabulated boundary,45,10,1,0.005,0.001,,
ok,95,6000,0.2,0.02,0.082007956743303,4.181369942013739e+16,4.181369942013739,0.0815243009358945,4.132194706394278e+16,4.132194706394278,16949122271.1881,206676558522.7461,6870.3020719887445,1.0,0.0200000936000242,4.6800012112185865e-06,45,91,67,23.42411045799963,cone,Promweaver FAL-C tabulated boundary,45,10,1,0.005,0.001,,
ok,95,8000,0.01,0.001,0.7051052878361144,7.330712965869936e+16,7.330712965869936,0.7040144859289358,7.308049200279082e+16,7.308049200279082,3563753733.9355674,5054215016.415932,173.2483693642007,1.0,0.0009999735672811,-2.643271886614007e-05,45,91,105,26.100595517011243,cone,Promweaver FAL-C tabulated boundary,45,10,1,0.005,0.001,,
ok,95,8000,0.02,0.002,0.5583526810283002,6.004583110096561e+16,6.0045831100965605,0.5572911262811283,5.98177267314643e+16,5.981772673146431,6147735850.130799,11010488637.412312,629.4301434421428,1.0000000000000002,0.0019999475626944,-2.6218652782270677e-05,45,91,106,36.78033166700334,cone,Promweaver FAL-C tabulated boundary,45,10,1,0.005,0.001,,
ok,95,8000,0.05,0.005,0.3557563705717815,5.335343605920615e+16,5.335343605920615,0.354717197414417,5.30421978786503e+16,5.304219787865031,11168703429.11825,31394247167.42977,2337.9925549532404,1.0,0.0049999395136624,-1.209726750057982e-05,45,91,108,20.66489093400014,cone,Promweaver FAL-C tabulated boundary,45,10,1,0.005,0.001,,
ok,95,8000,0.1,0.01,0.2619259458060989,5.232726055780706e+16,5.232726055780706,0.2608999906873706,5.191813515665819e+16,5.191813515665819,17590771780.565723,67159332865.740585,5913.461712640348,1.0000000000000002,0.0099999644285747,-3.557142527928213e-06,45,91,108,37.47198758400919,cone,Promweaver FAL-C tabulated boundary,45,10,1,0.005,0.001,,
ok,95,8000,0.2,0.02,0.216064121829651,5.206269222041936e+16,5.206269222041936,0.2150515359352175,5.157585140832263e+16,5.157585140832263,30043614117.6245,139049527812.4493,17337.15086087524,1.0,0.0199999863166733,-6.841663310538925e-07,45,91,108,37.5130262439925,cone,Promweaver FAL-C tabulated boundary,45,10,1,0.005,0.001,,
ok,95,10000,0.01,0.001,0.8231193156804109,9.338063318869549e+16,9.338063318869548,0.7749965119735323,8.278101057716026e+16,8.278101057716025,3122466436.8359814,3793455429.064829,104.4091940291907,1.0,0.0009999756788512,-2.4321148746429128e-05,45,91,120,41.96002818898705,cone,Promweaver FAL-C tabulated boundary,45,10,1,0.005,0.001,,
ok,95,10000,0.02,0.002,0.7138418996228661,7.1670338619334296e+16,7.1670338619334295,0.6785663238689152,6.476196089097623e+16,6.476196089097623,5744683763.2397785,8047557542.187963,460.4609406816456,1.0,0.00199996303864,-1.848067995445686e-05,45,91,134,39.337236580002354,cone,Promweaver FAL-C tabulated boundary,45,10,1,0.005,0.001,,
ok,95,10000,0.05,0.005,0.651400332314809,6.064222275065821e+16,6.064222275065821,0.6314919188688402,5.699211241057261e+16,5.69921124105726,13576614805.537603,20842198156.841427,3039.5401292565957,0.9999999999999998,0.0049999802199212,-3.956015747798302e-06,45,91,144,38.56473676199676,cone,Promweaver FAL-C tabulated boundary,45,10,1,0.005,0.001,,
ok,95,10000,0.1,0.01,0.6706164267928579,6.089507228329417e+16,6.089507228329417,0.6591266210221153,5.88262928436271e+16,5.882629284362711,27648558396.656185,41228573133.6497,12553.442384582291,0.9999999999999998,0.0099999927671474,-7.232852580751902e-07,45,91,143,28.786069998008315,cone,Promweaver FAL-C tabulated boundary,45,10,1,0.005,0.001,,
ok,95,10000,0.2,0.02,0.6814271355193079,6.252008705098418e+16,6.252008705098419,0.6748656562510762,6.132186877100754e+16,6.132186877100754,55844913326.96991,81952875687.0111,49882.43765485429,1.0,0.0199999966492293,-1.6753853287337916e-07,45,91,139,31.05890682298923,cone,Promweaver FAL-C tabulated boundary,45,10,1,0.005,0.001,,
ok,95,12000,0.01,0.001,0.9186108198348444,1.043458156808075e+17,10.43458156808075,0.8328153100644295,8.576484880021547e+16,8.576484880021548,2765617085.14841,3010651546.2616,73.30085841737892,1.0,0.0009999804495775,-1.9550422461272685e-05,45,91,103,29.428770484999404,cone,Promweaver FAL-C tabulated boundary,45,10,1,0.005,0.001,,
ok,95,12000,0.02,0.002,0.8754711497073555,7.640314998231197e+16,7.640314998231196,0.790050630210635,6.222106409871509e+16,6.222106409871508,5387459078.638227,6153782543.764119,379.8889879634668,1.0,0.0019999804710004,-9.764499791630604e-06,45,91,121,41.886980495997705,cone,Promweaver FAL-C tabulated boundary,45,10,1,0.005,0.001,,
ok,95,12000,0.05,0.005,0.9015860173908502,6.508240539149818e+16,6.508240539149818,0.8173247116324217,5.348580298020661e+16,5.348580298020661,13688296798.783922,15182463497.379034,2878.9573483722925,1.0,0.0049999931834722,-1.363305540853787e-06,45,91,138,40.41786269500153,cone,Promweaver FAL-C tabulated boundary,45,10,1,0.005,0.001,,
ok,95,12000,0.1,0.01,0.937994990700736,6.681140686365006e+16,6.681140686365007,0.8556529513001135,5.559617125903143e+16,5.559617125903143,27969863074.926346,29818776594.99147,11709.276561511231,1.0,0.0099999972142094,-2.785790544426736e-07,45,91,146,40.34696223399078,cone,Promweaver FAL-C tabulated boundary,45,10,1,0.005,0.001,,
ok,95,12000,0.2,0.02,0.9625746064401336,7.208861259863475e+16,7.208861259863475,0.8838383577794424,6.077760155337999e+16,6.077760155337999,56716883212.38085,58922064672.09386,44622.92622049673,1.0,0.019999998671025,-6.644874615824302e-08,45,91,147,51.93253910599742,cone,Promweaver FAL-C tabulated boundary,45,10,1,0.005,0.001,,
ok,95,14000,0.01,0.001,0.964759393528998,1.0961159111203458e+17,10.961159111203456,0.8784561029280369,9.087796198156531e+16,9.087796198156532,2433609325.8630576,2522503892.8733788,54.03127799572104,1.0,0.0009999851130397,-1.4886960266738069e-05,45,91,82,23.66875410699868,cone,Promweaver FAL-C tabulated boundary,45,10,1,0.005,0.001,,
ok,95,14000,0.02,0.002,0.9517219413779,7.801306681323499e+16,7.801306681323499,0.8654651259749745,6.451286549988184e+16,6.451286549988184,4832205907.775007,5077329519.98454,299.3115754702556,1.0,0.0019999883318264,-5.834086756664053e-06,45,91,99,28.426701945994864,cone,Promweaver FAL-C tabulated boundary,45,10,1,0.005,0.001,,
ok,95,14000,0.05,0.005,0.9827249326832144,6.645087005545386e+16,6.645087005545387,0.896531244575763,5.530540555983914e+16,5.530540555983913,12287178446.358112,12503171577.024532,2271.9755820602127,1.0,0.0049999957416038,-8.516792228061008e-07,45,91,118,40.917855173000135,cone,Promweaver FAL-C tabulated boundary,45,10,1,0.005,0.001,,
ok,95,14000,0.1,0.01,1.008633413573406,6.746545098538974e+16,6.746545098538975,0.9225071330525434,5.643573575041011e+16,5.643573575041011,24910298320.61691,24697078230.200825,9197.640471661703,1.0,0.0099999976249044,-2.3750955958912187e-07,45,91,128,44.53986288499436,cone,Promweaver FAL-C tabulated boundary,45,10,1,0.005,0.001,,
ok,95,14000,0.2,0.02,1.0277550670712172,7.254683220903856e+16,7.254683220903856,0.9417395957643204,6.091171984334196e+16,6.091171984334196,50305900605.15208,48947363255.048965,34883.44781758982,1.0,0.0199999985889261,-7.05536936165818e-08,45,91,134,30.48367344100552,cone,Promweaver FAL-C tabulated boundary,45,10,1,0.005,0.001,,
ok,96,6000,0.01,0.001,0.6015883874324054,5.361780469219544e+16,5.361780469219544,0.6009402478685723,5.350233338055922e+16,5.350233338055922,4302958987.93637,7152662979.918061,345.3229045492324,1.0,0.0010000265956464,2.659564648306752e-05,45,91,65,18.67281970800832,cone,Promweaver FAL-C tabulated boundary,45,10,1,0.005,0.001,,
ok,96,6000,0.02,0.002,0.4317445824122439,4.596495316538331e+16,4.596495316538332,0.4311607976525718,4.584073389947621e+16,4.584073389947621,6867309855.42228,15905954898.271656,1025.9978832284903,0.9999999999999998,0.0020000468174443,2.3408722195882022e-05,45,91,67,12.978249717998551,cone,Promweaver FAL-C tabulated boundary,45,10,1,0.005,0.001,,
ok,96,6000,0.05,0.005,0.2330666462281814,4.214459604596582e+16,4.214459604596582,0.2325363534995949,4.1953032404685816e+16,4.195303240468582,10663543472.069525,45753193966.79993,2698.1195704591696,1.0000000000000002,0.0050000754847801,1.5096956026972029e-05,45,91,67,13.0487297350046,cone,Promweaver FAL-C tabulated boundary,45,10,1,0.005,0.001,,
ok,96,6000,0.1,0.01,0.1386483659051948,4.172098765771332e+16,4.172098765771332,0.1381442931497868,4.141817581026392e+16,4.141817581026392,13665177064.678677,98559957598.22131,4475.854352755153,1.0000000000000002,0.0100000979784784,9.79784784416182e-06,45,91,67,23.38317790000292,cone,Promweaver FAL-C tabulated boundary,45,10,1,0.005,0.001,,
ok,96,6000,0.2,0.02,0.0816524905271208,4.166009531522867e+16,4.166009531522867,0.0811684712410751,4.116765412779523e+16,4.116765412779524,16880792452.969072,206739468006.33255,6840.146468317159,1.0000000000000002,0.0200000935697078,4.67848539371235e-06,45,91,67,23.28130030600005,cone,Promweaver FAL-C tabulated boundary,45,10,1,0.005,0.001,,
ok,96,8000,0.01,0.001,0.7037157731614361,7.306790644185846e+16,7.306790644185846,0.7026248936977021,7.284154659340771e+16,7.284154659340771,3559491286.240859,5058137705.582297,173.400044339663,1.0,0.0009999733685644,-2.6631435503035598e-05,45,91,105,36.44014170501032,cone,Promweaver FAL-C tabulated boundary,45,10,1,0.005,0.001,,
ok,96,8000,0.02,0.002,0.5566292410199061,5.9808020028268936e+16,5.980802002826894,0.5555675954751204,5.958009679978266e+16,5.958009679978265,6135199159.955106,11022056887.8373,629.3582150775522,0.9999999999999998,0.0019999506800271,-2.4659986408133786e-05,45,91,107,37.262004085001536,cone,Promweaver FAL-C tabulated boundary,45,10,1,0.005,0.001,,
ok,96,8000,0.05,0.005,0.3544008570314778,5.314681046787077e+16,5.314681046787077,0.3533615919464087,5.283556607718658e+16,5.2835566077186575,11136617120.825392,31423787216.847054,2333.615880313994,1.0,0.0049999393772614,-1.2124547704543683e-05,45,91,108,20.93364110100083,cone,Promweaver FAL-C tabulated boundary,45,10,1,0.005,0.001,,
ok,96,8000,0.1,0.01,0.2610598165454844,5.213021361233243e+16,5.213021361233243,0.2600337900086849,5.172125083111911e+16,5.172125083111911,17543874655.54571,67202508941.04588,5904.206344105331,1.0000000000000002,0.0099999642945405,-3.570545947621794e-06,45,91,108,37.61700049499632,cone,Promweaver FAL-C tabulated boundary,45,10,1,0.005,0.001,,
ok,96,8000,0.2,0.02,0.2154804561218159,5.18671203550748e+16,5.18671203550748,0.2144678167896353,5.138077209659082e+16,5.138077209659082,29975891431.158936,139111880356.3925,17324.155668200903,1.0000000000000002,0.0199999865202366,-6.73988167186612e-07,45,91,108,37.53008081299777,cone,Promweaver FAL-C tabulated boundary,45,10,1,0.005,0.001,,
ok,96,10000,0.01,0.001,0.8220568755330261,9.308213530718986e+16,9.308213530718984,0.7739186124910351,8.249985556348094e+16,8.249985556348095,3120171813.346064,3795566835.108493,104.59012476099994,1.0,0.0009999754980971,-2.45019028037672e-05,45,91,120,34.64841645800334,cone,Promweaver FAL-C tabulated boundary,45,10,1,0.005,0.001,,
ok,96,10000,0.02,0.002,0.7126099080965104,7.137855452302223e+16,7.137855452302223,0.6773129982752729,6.448264692344603e+16,6.448264692344603,5738696540.24037,8053068691.634253,461.3800069367445,1.0,0.0019999628646374,-1.8567681276402195e-05,45,91,134,46.408296980996965,cone,Promweaver FAL-C tabulated boundary,45,10,1,0.005,0.001,,
ok,96,10000,0.05,0.005,0.6506296198088186,6.040912216456678e+16,6.040912216456678,0.6307103412141228,5.676684626571558e+16,5.676684626571558,13566569040.921955,20851447010.525536,3046.755008965491,1.0,0.004999980209479,-3.958104194574929e-06,45,91,144,42.36189200000081,cone,Promweaver FAL-C tabulated boundary,45,10,1,0.005,0.001,,
ok,96,10000,0.1,0.01,0.6700258771625586,6.06701403463033e+16,6.06701403463033,0.6585310827949395,5.860631361608409e+16,5.860631361608409,27633500059.79247,41242437048.57411,12586.262718297436,1.0,0.0099999927704769,-7.229523013227434e-07,45,91,143,38.59707972400065,cone,Promweaver FAL-C tabulated boundary,45,10,1,0.005,0.001,,
ok,96,10000,0.2,0.02,0.6808235600392578,6.228502192995926e+16,6.228502192995927,0.6742592736621932,6.108974693962674e+16,6.108974693962675,55814507510.662994,81980869621.2637,50016.1861090942,0.9999999999999998,0.0199999966404331,-1.6797834321430338e-07,45,91,139,47.936799168994185,cone,Promweaver FAL-C tabulated boundary,45,10,1,0.005,0.001,,
ok,96,12000,0.01,0.001,0.9178449392617816,1.0397545422036674e+17,10.397545422036671,0.8320492488867557,8.544570878735739e+16,8.544570878735739,2764367034.853899,3011801794.186789,73.49547218318449,1.0,0.0009999803331514,-1.9666848506292783e-05,45,91,103,29.991377147001916,cone,Promweaver FAL-C tabulated boundary,45,10,1,0.005,0.001,,
ok,96,12000,0.02,0.002,0.8747911153899732,7.606932580726562e+16,7.6069325807265615,0.7893702669467113,6.193874019809688e+16,6.193874019809688,5385141077.481195,6155916518.51717,381.2278354858967,1.0,0.0019999804422157,-9.778892123141205e-06,45,91,121,30.26151113800006,cone,Promweaver FAL-C tabulated boundary,45,10,1,0.005,0.001,,
ok,96,12000,0.05,0.005,0.9012428355002644,6.483320033943778e+16,6.4833200339437775,0.8169811378983224,5.32767678061743e+16,5.327676780617431,13685449238.435776,15185085194.978794,2888.821157635706,1.0,0.0049999931850787,-1.3629842490758823e-06,45,91,138,25.729934340997715,cone,Promweaver FAL-C tabulated boundary,45,10,1,0.005,0.001,,
ok,96,12000,0.1,0.01,0.937752136760328,6.657116464174968e+16,6.657116464174968,0.8554095872161208,5.539342988227468e+16,5.539342988227468,27965976775.86134,29822354628.24536,11748.267605604262,1.0,0.0099999972141703,-2.785829674584183e-07,45,91,146,42.01237529699574,cone,Promweaver FAL-C tabulated boundary,45,10,1,0.005,0.001,,
ok,96,12000,0.2,0.02,0.9623642388581062,7.183510058740679e+16,7.183510058740679,0.8836272024401358,6.056139993464529e+16,6.056139993464528,56710311045.611305,58928115526.09327,44770.02680572262,1.0,0.0199999986708194,-6.645902612956167e-08,45,91,147,50.56775460699282,cone,Promweaver FAL-C tabulated boundary,45,10,1,0.005,0.001,,
ok,96,14000,0.01,0.001,0.9642167332807652,1.0922218890589427e+17,10.922218890589429,0.8779134203651947,9.054509395995037e+16,9.054509395995035,2432886506.493355,2523173911.54934,54.191706033077125,1.0,0.0009999860649623,-1.3935037602129384e-05,45,91,83,29.08853291599371,cone,Promweaver FAL-C tabulated boundary,45,10,1,0.005,0.001,,
ok,96,14000,0.02,0.002,0.9513524091197418,7.767378720879176e+16,7.767378720879176,0.8650955805474626,6.422732331968598e+16,6.422732331968598,4831205731.496039,5078250378.286435,300.4945382320474,1.0,0.0019999883354218,-5.832289062725898e-06,45,91,99,18.89929545499035,cone,Promweaver FAL-C tabulated boundary,45,10,1,0.005,0.001,,
ok,96,14000,0.05,0.005,0.9825350421649058,6.619722121305093e+16,6.6197221213050925,0.8963413461656247,5.509225159272108e+16,5.509225159272108,12285931871.639383,12504319280.63218,2280.2184017477384,1.0,0.0049999957434076,-8.513184731814836e-07,45,91,118,40.96630543500942,cone,Promweaver FAL-C tabulated boundary,45,10,1,0.005,0.001,,
ok,96,14000,0.1,0.01,1.0085007168386206,6.72215531232552e+16,6.72215531232552,0.92237442822407,5.623032947429465e+16,5.623032947429465,24908598960.99728,24698642792.32151,9229.752562577356,1.0000000000000002,0.0099999976244024,-2.375597572823462e-07,45,91,128,36.90705117800098,cone,Promweaver FAL-C tabulated boundary,45,10,1,0.005,0.001,,
ok,96,14000,0.2,0.02,1.0276534295180726,7.229267762774144e+16,7.229267762774144,0.9416379476514428,6.069722876788248e+16,6.069722876788248,50303344316.82574,48949716774.083984,35002.52767627608,1.0,0.019999998588582,-7.057089617540367e-08,45,91,134,45.988747076989966,cone,Promweaver FAL-C tabulated boundary,45,10,1,0.005,0.001,,
ok,97,6000,0.01,0.001,0.6009405752415737,5.351625962621482e+16,5.351625962621482,0.6002923367284478,5.340086522240622e+16,5.340086522240623,4299975798.204124,7155409328.910044,345.4985829406511,1.0000000000000002,0.0010000265766803,2.657668031892484e-05,45,91,65,22.851613673992688,cone,Promweaver FAL-C tabulated boundary,45,10,1,0.005,0.001,,
ok,97,6000,0.02,0.002,0.4309189043062149,4.584065438949194e+16,4.584065438949193,0.4303349403939807,4.571649576344921e+16,4.571649576344921,6857906996.186091,15914611607.089767,1025.9645939766306,1.0,0.002000046789993,2.3394996537902044e-05,45,91,67,19.42978552800196,cone,Promweaver FAL-C tabulated boundary,45,10,1,0.005,0.001,,
ok,97,6000,0.05,0.005,0.2323951346428895,4.200527212472298e+16,4.200527212472298,0.2318645765070358,4.181369497174195e+16,4.181369497174195,10638234525.537985,45776494167.51021,2694.234035297176,0.9999999999999998,0.0050000753757428,1.5075148568702288e-05,45,91,67,14.386178890999872,cone,Promweaver FAL-C tabulated boundary,45,10,1,0.005,0.001,,
ok,97,6000,0.1,0.01,0.1382369946562817,4.158114376508386e+16,4.158114376508387,0.1377326586756557,4.1278292672148376e+16,4.127829267214838,13629209915.000978,98593071622.31947,4467.298060789319,1.0,0.0100000979630932,9.796309323115149e-06,45,91,67,23.55016558599891,cone,Promweaver FAL-C tabulated boundary,45,10,1,0.005,0.001,,
ok,97,6000,0.2,0.02,0.0814229040183287,4.152081890759665e+16,4.152081890759665,0.0809386486767105,4.102840495448239e+16,4.102840495448239,16836637930.759949,206780120824.11032,6827.23472873606,1.0,0.0200000936310461,4.68155230675532e-06,45,91,67,23.431434266996803,cone,Promweaver FAL-C tabulated boundary,45,10,1,0.005,0.001,,
ok,97,8000,0.01,0.001,0.7031389429790534,7.297497946224133e+16,7.297497946224133,0.7020480312310535,7.274871548757315e+16,7.274871548757315,3557720041.455489,5059768168.126444,173.44810490728838,1.0,0.0009999733343588,-2.666564114699524e-05,45,91,105,19.907453188992804,cone,Promweaver FAL-C tabulated boundary,45,10,1,0.005,0.001,,
ok,97,8000,0.02,0.002,0.5558725170967171,5.966688014014138e+16,5.966688014014138,0.5548108315910152,5.94391769714859e+16,5.94391769714859,6129681825.407641,11027135965.31546,629.7128187779207,1.0,0.0019999506061366,-2.469693165013838e-05,45,91,107,37.54107299698808,cone,Promweaver FAL-C tabulated boundary,45,10,1,0.005,0.001,,
ok,97,8000,0.05,0.005,0.3535745464124146,5.297555668865272e+16,5.297555668865272,0.3525352250121263,5.266457441489873e+16,5.266457441489873,11117028034.492077,31441822233.22436,2332.930884446094,1.0,0.0049999393482659,-1.2130346807581736e-05,45,91,108,37.39843454500078,cone,Promweaver FAL-C tabulated boundary,45,10,1,0.005,0.001,,
ok,97,8000,0.1,0.01,0.2604420583208426,5.195418554816653e+16,5.195418554816653,0.2594159806348098,5.154561852491114e+16,5.154561852491114,17510389001.466362,67233338249.44297,5901.617352819702,0.9999999999999998,0.0099999642674151,-3.573258484414198e-06,45,91,108,38.33939631799876,cone,Promweaver FAL-C tabulated boundary,45,10,1,0.005,0.001,,
ok,97,8000,0.2,0.02,0.2150219952242455,5.1691520634529736e+16,5.169152063452974,0.214009313788488,5.12057677721304e+16,5.12057677721304,29922653368.00349,139160895315.8363,17321.316409167313,1.0000000000000002,0.0199999864961317,-6.75193412291719e-07,45,91,108,32.27626430999953,cone,Promweaver FAL-C tabulated boundary,45,10,1,0.005,0.001,,
ok,97,10000,0.01,0.001,0.8215900199524372,9.298029715643502e+16,9.298029715643503,0.7734449540212547,8.240232022721931e+16,8.240232022721932,3119162831.026175,3796495521.217197,104.63697217579691,1.0,0.0009999754587169,-2.4541283084921275e-05,45,91,120,22.68289336599992,cone,Promweaver FAL-C tabulated boundary,45,10,1,0.005,0.001,,
ok,97,10000,0.02,0.002,0.7120099522639315,7.121721671500915e+16,7.121721671500915,0.6767026322350815,6.432926659176738e+16,6.432926659176737,5735778038.281419,8055755428.760147,461.9550050107179,1.0,0.0019999628247494,-1.8587625288555773e-05,45,91,134,26.381860065986984,cone,Promweaver FAL-C tabulated boundary,45,10,1,0.005,0.001,,
ok,97,10000,0.05,0.005,0.650103998149128,6.022028310556017e+16,6.022028310556017,0.6301772968548489,5.6585169985554056e+16,5.658516998555406,13559712771.0644,20857759388.75848,3053.220625208096,1.0,0.0049999802027874,-3.959442502858567e-06,45,91,144,49.7602787650103,cone,Promweaver FAL-C tabulated boundary,45,10,1,0.005,0.001,,
ok,97,10000,0.1,0.01,0.6695364330040537,6.047176219043223e+16,6.047176219043223,0.6580374979573451,5.84124578611133e+16,5.84124578611133,27621012112.2414,41253934439.85171,12616.141525726767,1.0,0.0099999927707334,-7.229266549974022e-07,45,91,143,40.65844607001054,cone,Promweaver FAL-C tabulated boundary,45,10,1,0.005,0.001,,
ok,97,10000,0.2,0.02,0.6802933679178298,6.20757507805208e+16,6.20757507805208,0.673726611778919,6.088312149840039e+16,6.088312149840039,55787781323.47909,82005475805.57553,50136.75236889677,0.9999999999999998,0.0199999966326686,-1.683665686036395e-07,45,91,139,47.7097200989956,cone,Promweaver FAL-C tabulated boundary,45,10,1,0.005,0.001,,
ok,97,12000,0.01,0.001,0.9174831611036316,1.038345754818193e+17,10.38345754818193,0.8316873853552772,8.532298012846262e+16,8.532298012846262,2763776289.987242,3012345519.957797,73.5637367962571,1.0,0.0009999803042597,-1.9695740202836653e-05,45,91,103,31.63797949001309,cone,Promweaver FAL-C tabulated boundary,45,10,1,0.005,0.001,,
ok,97,12000,0.02,0.002,0.8744050136154419,7.586998289610576e+16,7.586998289610576,0.7889839782982399,6.177049425823176e+16,6.177049425823176,5383824305.614541,6157128815.345877,382.0425818919443,1.0,0.0019999804373176,-9.78134119164996e-06,45,91,121,25.068225761002395,cone,Promweaver FAL-C tabulated boundary,45,10,1,0.005,0.001,,
ok,97,12000,0.05,0.005,0.9009822756546172,6.463111907590046e+16,6.463111907590046,0.8167202804547663,5.310750034106054e+16,5.310750034106055,13683286573.345633,15187076308.913973,2896.937792898525,1.0,0.0049999931839741,-1.3632051692330505e-06,45,91,138,39.48506780799653,cone,Promweaver FAL-C tabulated boundary,45,10,1,0.005,0.001,,
ok,97,12000,0.1,0.01,0.9375464113826232,6.636196345385684e+16,6.636196345385684,0.8552034295874338,5.5216966410445656e+16,5.521696641044565,27962683898.252377,29825386304.89247,11782.52797383347,1.0,0.0099999972130505,-2.786949447261544e-07,45,91,146,51.811141416998,cone,Promweaver FAL-C tabulated boundary,45,10,1,0.005,0.001,,
ok,97,12000,0.2,0.02,0.9621792641360588,7.161087490581205e+16,7.161087490581205,0.8834415349019018,6.03702008492963e+16,6.037020084929631,56704531069.88896,58933437025.17221,44901.0551551722,1.0000000000000002,0.0199999986703701,-6.64814909720479e-08,45,91,147,50.48333770700265,cone,Promweaver FAL-C tabulated boundary,45,10,1,0.005,0.001,,
ok,97,14000,0.01,0.001,0.9639592688252948,1.0904021693695512e+17,10.904021693695512,0.8776559453546264,9.038949040773602e+16,9.038949040773602,2432542292.1730533,2523490743.688175,54.26678494808733,1.0000000000000002,0.0009999860484363,-1.3951563676692022e-05,45,91,83,29.06158092500118,cone,Promweaver FAL-C tabulated boundary,45,10,1,0.005,0.001,,
ok,97,14000,0.02,0.002,0.951116164036322,7.745350335958858e+16,7.745350335958857,0.864859327040755,6.404200029946743e+16,6.404200029946743,4830566119.742959,5078839265.272423,301.26938130707293,1.0,0.0019999883375115,-5.8312442288016575e-06,45,91,99,34.59407906499109,cone,Promweaver FAL-C tabulated boundary,45,10,1,0.005,0.001,,
ok,97,14000,0.05,0.005,0.9823815094252256,6.598801815216412e+16,6.598801815216412,0.8961878070438025,5.4916492092427816e+16,5.491649209242782,12284923802.372437,12505247385.570332,2287.072063326505,1.0,0.0049999957427472,-8.514505588433361e-07,45,91,118,40.86733829400328,cone,Promweaver FAL-C tabulated boundary,45,10,1,0.005,0.001,,
ok,97,14000,0.1,0.01,1.0083861893641397,6.700925735312232e+16,6.700925735312232,0.9222598937631716,5.605155591745543e+16,5.605155591745543,24907132108.143818,24699993287.144848,9257.90337569862,1.0,0.0099999976232227,-2.3767772992788758e-07,45,91,128,29.77128797800105,cone,Promweaver FAL-C tabulated boundary,45,10,1,0.005,0.001,,
ok,97,14000,0.2,0.02,1.0275638643824256,7.206849669770986e+16,7.206849669770985,0.9415483732094404,6.050804079998728e+16,6.050804079998728,50301091457.84021,48951790931.33212,35108.26391263423,1.0,0.0199999985880698,-7.059650884710944e-08,45,91,134,46.10188139500679,cone,Promweaver FAL-C tabulated boundary,45,10,1,0.005,0.001,,
ok,98,6000,0.01,0.001,0.5993936963386027,5.332611174368874e+16,5.332611174368874,0.5987452209250882,5.3210788655009736e+16,5.321078865500974,4292843348.468243,7161976134.702589,345.5812436328455,1.0,0.0010000265865738,2.6586573828547497e-05,45,91,65,18.74113700800808,cone,Promweaver FAL-C tabulated boundary,45,10,1,0.005,0.001,,
ok,98,6000,0.02,0.002,0.4292613720044469,4.566531369609658e+16,4.566531369609658,0.4286770469000538,4.554107597164457e+16,4.554107597164457,6839000059.183076,15932018358.065136,1024.2330124079303,1.0,0.0020000467480088,2.3374004443120835e-05,45,91,67,19.968582018002053,cone,Promweaver FAL-C tabulated boundary,45,10,1,0.005,0.001,,
ok,98,6000,0.05,0.005,0.2312943783412416,4.184245303684477e+16,4.1842453036844764,0.2307633826053677,4.165055334135706e+16,4.1650553341357055,10596691719.726088,45814739621.95567,2683.6350943390803,1.0,0.0050000751841387,1.5036827746665867e-05,45,91,67,23.512631172998223,cone,Promweaver FAL-C tabulated boundary,45,10,1,0.005,0.001,,
ok,98,6000,0.1,0.01,0.1375702316138535,4.142101073795246e+16,4.142101073795247,0.1370654664364192,4.111760895462602e+16,4.111760895462602,13570861778.317797,98646790218.46748,4446.252907041222,1.0,0.0100000978460341,9.784603416558568e-06,45,91,67,19.62981066899374,cone,Promweaver FAL-C tabulated boundary,45,10,1,0.005,0.001,,
ok,98,6000,0.2,0.02,0.0810383265610078,4.136178860510922e+16,4.136178860510921,0.0805536735238103,4.0868536239013256e+16,4.086853623901326,16762636224.941492,206848252379.96655,6793.370951444106,1.0000000000000002,0.0200000936083909,4.68041954655024e-06,45,91,67,23.32183694500418,cone,Promweaver FAL-C tabulated boundary,45,10,1,0.005,0.001,,
ok,98,8000,0.01,0.001,0.7017952216177004,7.275661539487472e+16,7.275661539487472,0.7007042344839556,7.253058127320794e+16,7.253058127320793,3553589132.1895146,5063569860.162593,173.56491436385588,1.0,0.0009999731485416,-2.6851458383809687e-05,45,91,105,20.93248535999737,cone,Promweaver FAL-C tabulated boundary,45,10,1,0.005,0.001,,
ok,98,8000,0.02,0.002,0.5542385854225684,5.943769455886036e+16,5.943769455886036,0.5531768133111056,5.921017941322374e+16,5.921017941322375,6117750963.244433,11038118103.199318,629.6825125209871,1.0000000000000002,0.0019999503236185,-2.4838190733995555e-05,45,91,107,20.794821189992945,cone,Promweaver FAL-C tabulated boundary,45,10,1,0.005,0.001,,
ok,98,8000,0.05,0.005,0.352198595865661,5.276716715213196e+16,5.276716715213196,0.3511591802250049,5.245617167017034e+16,5.245617167017033,11084358659.53354,31471899063.9061,2328.3987662053632,1.0000000000000002,0.004999939207558,-1.2158488395773435e-05,45,91,108,20.54696251699352,cone,Promweaver FAL-C tabulated boundary,45,10,1,0.005,0.001,,
ok,98,8000,0.1,0.01,0.2595277552504422,5.175055603770961e+16,5.175055603770961,0.2585016015387339,5.134212927503543e+16,5.134212927503543,17460772572.85811,67279018215.25256,5891.310203873268,1.0,0.0099999641675866,-3.5832413359387907e-06,45,91,108,20.58874212199589,cone,Promweaver FAL-C tabulated boundary,45,10,1,0.005,0.001,,
ok,98,8000,0.2,0.02,0.2144037516310505,5.148866848452986e+16,5.148866848452986,0.2133910132343094,5.1003402732376056e+16,5.100340273237606,29850801624.353146,139227048954.44598,17306.14490223636,1.0,0.0199999866467793,-6.676610302819296e-07,45,91,108,38.02654122700915,cone,Promweaver FAL-C tabulated boundary,45,10,1,0.005,0.001,,
ok,98,10000,0.01,0.001,0.8205547733327884,9.271016918724632e+16,9.271016918724632,0.7723946054488691,8.214680657362037e+16,8.214680657362036,3116923407.3784447,3798556182.567388,104.79121775564757,1.0,0.0009999752894551,-2.471054482843134e-05,45,91,120,33.37026693300868,cone,Promweaver FAL-C tabulated boundary,45,10,1,0.005,0.001,,
ok,98,10000,0.02,0.002,0.7107995333534128,7.093827637913155e+16,7.093827637913155,0.6754711714129651,6.406192737742811e+16,6.406192737742812,5729883752.739692,8061181083.936877,462.81879819635145,1.0,0.0019999626614367,-1.866928163712228e-05,45,91,134,46.199920014012605,cone,Promweaver FAL-C tabulated boundary,45,10,1,0.005,0.001,,
ok,98,10000,0.05,0.005,0.6493221514291933,5.998397102906938e+16,5.998397102906939,0.6293843899445418,5.635684990610021e+16,5.635684990610021,13549506587.73532,20867155937.791622,3060.63646039893,1.0,0.0049999801925293,-3.961494132037612e-06,45,91,144,41.5389645749965,cone,Promweaver FAL-C tabulated boundary,45,10,1,0.005,0.001,,
ok,98,10000,0.1,0.01,0.668921396674284,6.023928962035599e+16,6.023928962035599,0.6574172505021627,5.818510969078521e+16,5.81851096907852,27605309868.54798,41268391182.8728,12650.433591451923,0.9999999999999998,0.0099999927735648,-7.226435189827684e-07,45,91,143,50.76373234098719,cone,Promweaver FAL-C tabulated boundary,45,10,1,0.005,0.001,,
ok,98,10000,0.2,0.02,0.6796590779883472,6.183144984306062e+16,6.183144984306062,0.6730893623164309,6.06418776540739e+16,6.06418776540739,55755786636.64171,82034932574.82487,50277.1284089436,1.0,0.0199999966231909,-1.688404503014107e-07,45,91,139,39.600219949992606,cone,Promweaver FAL-C tabulated boundary,45,10,1,0.005,0.001,,
ok,98,12000,0.01,0.001,0.9166918058403368,1.0352395787107955e+17,10.352395787107955,0.8308958426428136,8.505255036391317e+16,8.505255036391317,2762486812.7721643,3013539332.600204,73.71562629245263,1.0,0.0009999814952256,-1.8504774302501373e-05,45,91,104,31.562945953992312,cone,Promweaver FAL-C tabulated boundary,45,10,1,0.005,0.001,,
ok,98,12000,0.02,0.002,0.8737264988860421,7.554504904495995e+16,7.554504904495995,0.7883051349937984,6.149555192799718e+16,6.149555192799719,5381508975.660139,6159260343.507145,383.3558813083168,1.0,0.0019999804108234,-9.794588296235113e-06,45,91,121,41.92529690900119,cone,Promweaver FAL-C tabulated boundary,45,10,1,0.005,0.001,,
ok,98,12000,0.05,0.005,0.9006296830957335,6.437702400497366e+16,6.437702400497367,0.8163672850539373,5.289438460345223e+16,5.289438460345223,13680359134.842403,15189771547.190094,2907.127642989631,1.0000000000000002,0.0049999931853189,-1.3629362085113004e-06,45,91,138,49.24445064400789,cone,Promweaver FAL-C tabulated boundary,45,10,1,0.005,0.001,,
ok,98,12000,0.1,0.01,0.937293162474163,6.611363094185413e+16,6.611363094185413,0.8549496484886231,5.500740882363111e+16,5.500740882363111,27958629170.1245,29829118881.3566,11823.355243641296,1.0,0.0099999971183793,-2.881620612266156e-07,45,91,146,50.9367273109965,cone,Promweaver FAL-C tabulated boundary,45,10,1,0.005,0.001,,
ok,98,12000,0.2,0.02,0.9619582163675487,7.134734442100486e+16,7.134734442100487,0.8832196590264382,6.01454599801517e+16,6.01454599801517,56697622537.44079,58939797563.69952,45055.9222278737,1.0000000000000002,0.0199999986701198,-6.649400648151005e-08,45,91,147,51.65457564999815,cone,Promweaver FAL-C tabulated boundary,45,10,1,0.005,0.001,,
ok,98,14000,0.01,0.001,0.9634521164293586,1.0864690690633762e+17,10.86469069063376,0.8771487721556029,9.005412611393048e+16,9.005412611393048,2431863948.758476,2524115010.2728357,54.43286360990909,1.0,0.0009999859917782,-1.4008221731025283e-05,45,91,83,24.092603363998933,cone,Promweaver FAL-C tabulated boundary,45,10,1,0.005,0.001,,
ok,98,14000,0.02,0.002,0.9507425873452144,7.71185441486681e+16,7.71185441486681,0.8644857370234129,6.376004147875818e+16,6.376004147875818,4829554392.995153,5079770757.383296,302.4511924127347,1.0,0.0019999883410095,-5.829495214456845e-06,45,91,99,23.536360787999,cone,Promweaver FAL-C tabulated boundary,45,10,1,0.005,0.001,,
ok,98,14000,0.05,0.005,0.9821846861737512,6.572823315474793e+16,6.572823315474793,0.8959909756088207,5.46981845368079e+16,5.469818453680791,12283631282.127815,12506437389.062296,2295.628381186292,1.0,0.0049999957443009,-8.511398188679185e-07,45,91,118,29.312267624991364,cone,Promweaver FAL-C tabulated boundary,45,10,1,0.005,0.001,,
ok,98,14000,0.1,0.01,1.0082474131625336,6.675687679848239e+16,6.675687679848239,0.9221211090947332,5.583900940454075e+16,5.583900940454075,24905354467.77778,24701629920.03921,9291.577301288,1.0,0.0099999976225829,-2.3774170566231986e-07,45,91,128,44.25322828600474,cone,Promweaver FAL-C tabulated boundary,45,10,1,0.005,0.001,,
ok,98,14000,0.2,0.02,1.0274570550877609,7.1804247651842216e+16,7.180424765184221,0.9414415528155432,6.028503328096593e+16,6.028503328096593,50298404602.23402,48954264660.665306,35233.702576996904,1.0,0.0199999985876756,-7.061621860177114e-08,45,91,134,47.44344771800388,cone,Promweaver FAL-C tabulated boundary,45,10,1,0.005,0.001,,
ok,99,6000,0.01,0.001,0.5975852345434598,5.310993264360549e+16,5.310993264360548,0.596936481069554,5.299468029609573e+16,5.299468029609573,4284488220.230462,7169668814.698382,345.6385349323877,1.0000000000000002,0.0010000266126567,2.6612656746491037e-05,45,91,65,12.647044368990464,cone,Promweaver FAL-C tabulated boundary,45,10,1,0.005,0.001,,
ok,99,6000,0.02,0.002,0.4272966440462543,4.546752213244196e+16,4.546752213244196,0.4267118881198115,4.534316257590108e+16,4.534316257590108,6816535344.236926,15952700399.629265,1021.9416392185012,1.0,0.0020000466807931,2.3340396562753288e-05,45,91,67,13.05516678400454,cone,Promweaver FAL-C tabulated boundary,45,10,1,0.005,0.001,,
ok,99,6000,0.05,0.005,0.2300827503986157,4.167471973267661e+16,4.167471973267661,0.2295512692970964,4.148240854095917e+16,4.148240854095917,10550884343.940418,45856911592.29074,2671.191579770158,1.0000000000000002,0.0050000750120038,1.5002400777230914e-05,45,91,67,23.735640276994676,cone,Promweaver FAL-C tabulated boundary,45,10,1,0.005,0.001,,
ok,99,6000,0.1,0.01,0.1368536203002629,4.125921197235821e+16,4.1259211972358205,0.1363483902664934,4.095513649418425e+16,4.095513649418425,13508080571.43986,98704590655.34789,4422.484870694003,1.0000000000000002,0.0100000977655622,9.776556221530172e-06,45,91,67,22.90768936899258,cone,Promweaver FAL-C tabulated boundary,45,10,1,0.005,0.001,,
ok,99,6000,0.2,0.02,0.080626095939807,4.120136915858571e+16,4.120136915858571,0.0801410133922308,4.070708892976773e+16,4.070708892976773,16683259247.399843,206921333011.7714,6755.385677709999,1.0,0.0200000936016433,4.6800821678141804e-06,45,91,67,14.402125791006256,cone,Promweaver FAL-C tabulated boundary,45,10,1,0.005,0.001,,
ok,99,8000,0.01,0.001,0.7002237887280561,7.250159866457427e+16,7.250159866457428,0.6991327130955508,7.227583341883922e+16,7.227583341883921,3548750243.6758943,5068022967.517478,173.7013876101358,1.0,0.0009999729139904,-2.708600956610567e-05,45,91,105,23.75221357100236,cone,Promweaver FAL-C tabulated boundary,45,10,1,0.005,0.001,,
ok,99,8000,0.02,0.002,0.5523227787876106,5.917840465598151e+16,5.917840465598151,0.551260904559145,5.895107520911176e+16,5.895107520911176,6103731399.913204,11051022399.096678,629.5461531763473,1.0,0.0019999499373227,-2.5031338614063883e-05,45,91,107,37.23308525999892,cone,Promweaver FAL-C tabulated boundary,45,10,1,0.005,0.001,,
ok,99,8000,0.05,0.005,0.3506518917448095,5.254655532845342e+16,5.254655532845343,0.3496123694650553,5.223546418812257e+16,5.223546418812257,11047560310.931528,31505777014.23468,2322.675350663404,1.0,0.0049999390261586,-1.2194768268108945e-05,45,91,108,37.92617452700506,cone,Promweaver FAL-C tabulated boundary,45,10,1,0.005,0.001,,
ok,99,8000,0.1,0.01,0.2585537005749585,5.1543809452110136e+16,5.154380945211013,0.2575274654403475,5.113545256349799e+16,5.113545256349799,17407839412.78727,67327751929.58603,5879.132261323074,1.0000000000000002,0.0099999640802246,-3.591977533641543e-06,45,91,108,37.79279533401132,cone,Promweaver FAL-C tabulated boundary,45,10,1,0.005,0.001,,
ok,99,8000,0.2,0.02,0.213760985269657,5.128374953942735e+16,5.128374953942736,0.2127481874294691,5.079893679509277e+16,5.079893679509277,29776027299.88589,139295892851.18506,17288.357612812924,1.0,0.0199999867374061,-6.631296916095874e-07,45,91,108,20.578208288003225,cone,Promweaver FAL-C tabulated boundary,45,10,1,0.005,0.001,,
ok,99,10000,0.01,0.001,0.819338098520567,9.238381835347347e+16,9.238381835347347,0.7711601489583493,8.183870830180829e+16,8.18387083018083,3114288380.406584,3800980799.049721,104.98366801885716,1.0,0.0009999750799299,-2.4920070062833463e-05,45,91,120,22.624231534995488,cone,Promweaver FAL-C tabulated boundary,45,10,1,0.005,0.001,,
ok,99,10000,0.02,0.002,0.7094239821533057,7.062647270094019e+16,7.062647270094019,0.6740716420501482,6.376287623689484e+16,6.376287623689484,5723175630.436082,8067355734.245971,463.7742484395856,1.0,0.0019999624550573,-1.8772471334360663e-05,45,91,134,46.66407600398816,cone,Promweaver FAL-C tabulated boundary,45,10,1,0.005,0.001,,
ok,99,10000,0.05,0.005,0.6484604909364995,5.973517663371898e+16,5.973517663371898,0.6285105136186464,5.611619355024212e+16,5.611619355024212,13538247851.331676,20877521515.273643,3068.2784451771013,1.0,0.0049999801770319,-3.96459360237078e-06,45,91,144,49.8101187949942,cone,Promweaver FAL-C tabulated boundary,45,10,1,0.005,0.001,,
ok,99,10000,0.1,0.01,0.668279041155685,6.000213231058074e+16,6.000213231058074,0.6567694429239396,5.79531276977198e+16,5.79531276977198,27588898398.84039,41283500902.75114,12685.33776302676,1.0,0.0099999927775125,-7.222487413693911e-07,45,91,143,48.90909061000275,cone,Promweaver FAL-C tabulated boundary,45,10,1,0.005,0.001,,
ok,99,10000,0.2,0.02,0.6790114562312125,6.158425519938091e+16,6.158425519938091,0.6724387132878311,6.039777041092328e+16,6.039777041092328,55723096139.48595,82065030903.56032,50419.76124120778,1.0,0.0199999967549197,-1.6225401473779488e-07,45,91,139,25.903117057998315,cone,Promweaver FAL-C tabulated boundary,45,10,1,0.005,0.001,,
ok,99,12000,0.01,0.001,0.9158094658911056,1.0310741145351517e+17,10.310741145351516,0.8300132942032575,8.469343055522237e+16,8.469343055522236,2761043854.4102054,3014867128.200777,73.93613183096225,1.0,0.0009999813682349,-1.8631765055484095e-05,45,91,104,29.964113068999723,cone,Promweaver FAL-C tabulated boundary,45,10,1,0.005,0.001,,
ok,99,12000,0.02,0.002,0.8729712141400371,7.518689980346622e+16,7.518689980346623,0.7875494842257802,6.119247712142246e+16,6.119247712142246,5378929786.059116,6161634769.776337,384.8128559494101,1.0,0.0019999803785894,-9.810705296981262e-06,45,91,121,26.72101640800247,cone,Promweaver FAL-C tabulated boundary,45,10,1,0.005,0.001,,
ok,99,12000,0.05,0.005,0.9002577749335438,6.4113849485032456e+16,6.411384948503246,0.8159949518219604,5.267360416242306e+16,5.2673604162423056,13677270201.237965,15192615473.104477,2917.742760109006,1.0,0.0049999931871153,-1.3625769353098336e-06,45,91,138,31.932482440010062,cone,Promweaver FAL-C tabulated boundary,45,10,1,0.005,0.001,,
ok,99,12000,0.1,0.01,0.9370315586702372,6.586045886469805e+16,6.586045886469805,0.8546874947482486,5.479374897117139e+16,5.479374897117139,27954439879.73031,29832975870.52573,11865.248473212849,1.0,0.0099999971180159,-2.881984094080247e-07,45,91,146,44.98304458000348,cone,Promweaver FAL-C tabulated boundary,45,10,1,0.005,0.001,,
ok,99,12000,0.2,0.02,0.9617320013177272,7.108019692344596e+16,7.108019692344596,0.8829925963081641,5.991762795589489e+16,5.991762795589489,56690550965.07647,58946308209.98087,45213.97953054697,1.0000000000000002,0.0199999986699319,-6.650340295816237e-08,45,91,147,48.71970480500022,cone,Promweaver FAL-C tabulated boundary,45,10,1,0.005,0.001,,
ok,99,14000,0.01,0.001,0.962860204232647,1.081697648665496e+17,10.81697648665496,0.8765568356562546,8.964778688117326e+16,8.964778688117326,2431071801.403645,2524843991.5959477,54.637357406400426,1.0000000000000002,0.0009999859220729,-1.4077927002961732e-05,45,91,83,19.86072142899502,cone,Promweaver FAL-C tabulated boundary,45,10,1,0.005,0.001,,
ok,99,14000,0.02,0.002,0.9503317234975612,7.675210447802253e+16,7.675210447802253,0.8640748585103266,6.345159978396928e+16,6.345159978396928,4828441257.854879,5080795619.538498,303.7551235775038,1.0,0.0019999883456579,-5.827171044086796e-06,45,91,99,34.43386868700327,cone,Promweaver FAL-C tabulated boundary,45,10,1,0.005,0.001,,
ok,99,14000,0.05,0.005,0.9819799740936812,6.546037333815371e+16,6.546037333815371,0.8957862550150841,5.447308909879074e+16,5.447308909879075,12282286697.697016,12507675331.192936,2304.517356556217,1.0,0.0049999957467452,-8.50650959741128e-07,45,91,118,34.338199480000185,cone,Promweaver FAL-C tabulated boundary,45,10,1,0.005,0.001,,
ok,99,14000,0.1,0.01,1.0081051219790176,6.650004701902085e+16,6.650004701902085,0.921978809228585,5.562271564520256e+16,5.562271564520256,24903531558.56369,24703308232.057594,9326.096926081684,1.0,0.0099999976221639,-2.377836014894052e-07,45,91,128,36.05360970100446,cone,Promweaver FAL-C tabulated boundary,45,10,1,0.005,0.001,,
ok,99,14000,0.2,0.02,1.0273479201365363,7.153650264041757e+16,7.153650264041757,0.9413324065211622,6.005907402719227e+16,6.005907402719227,50295659194.07036,48956792736.18034,35361.71381597343,1.0000000000000002,0.0199999986792539,-6.60373009747639e-08,45,91,135,37.69637146599416,cone,Promweaver FAL-C tabulated boundary,45,10,1,0.005,0.001,,
ok,100,6000,0.01,0.001,0.596484481785297,5.2966349858722776e+16,5.296634985872277,0.5958355584895171,5.285116697306422e+16,5.285116697306423,4279393832.9832993,7174359038.100937,345.751814626123,1.0,0.0010000266062375,2.660623750570107e-05,45,91,65,19.028888104003272,cone,Promweaver FAL-C tabulated boundary,45,10,1,0.005,0.001,,
ok,100,6000,0.02,0.002,0.426024946251112,4.531620404625726e+16,4.531620404625726,0.4254399099014976,4.519182906138349e+16,4.519182906138349,6801963568.568241,15966115666.285318,1020.9749329600093,1.0,0.0020000466214581,2.3310729089414187e-05,45,91,67,23.590569316991605,cone,Promweaver FAL-C tabulated boundary,45,10,1,0.005,0.001,,
ok,100,6000,0.05,0.005,0.2291840377820053,4.152393672236954e+16,4.152393672236953,0.2286521941457215,4.133143974563531e+16,4.133143974563531,10516852637.637705,45888242215.372345,2663.6248422516046,1.0000000000000002,0.0050000748635274,1.4972705489162129e-05,45,91,67,17.680372885006364,cone,Promweaver FAL-C tabulated boundary,45,10,1,0.005,0.001,,
ok,100,6000,0.1,0.01,0.1363071505336867,4.111014317191103e+16,4.111014317191104,0.135801563499055,4.080573935811389e+16,4.080573935811389,13460155738.700245,98748713372.6981,4407.082499139909,1.0,0.0100000977058186,9.770581864756989e-06,45,91,67,23.801942553996923,cone,Promweaver FAL-C tabulated boundary,45,10,1,0.005,0.001,,
ok,100,6000,0.2,0.02,0.0803136329267131,4.105320022638662e+16,4.105320022638662,0.0798282225732946,4.055845414147224e+16,4.055845414147224,16623055645.19028,206976761471.60416,6730.924202237616,1.0000000000000002,0.0200000936263658,4.681318292037994e-06,45,91,67,13.025876845989842,cone,Promweaver FAL-C tabulated boundary,45,10,1,0.005,0.001,,
ok,100,8000,0.01,0.001,0.6992714523793926,7.235361776692147e+16,7.235361776692147,0.6981803229315502,7.212799560278685e+16,7.212799560278685,3545813700.236228,5070725664.791521,173.7687096350135,1.0,0.0009999728040689,-2.7195931079620345e-05,45,91,105,33.21008454399998,cone,Promweaver FAL-C tabulated boundary,45,10,1,0.005,0.001,,
ok,100,8000,0.02,0.002,0.5511094562213321,5.899303346075414e+16,5.899303346075414,0.5500475169951727,5.876590377548704e+16,5.876590377548704,6094835696.271865,11059210883.55288,629.6848964253087,1.0,0.0019999497451316,-2.512743419347437e-05,45,91,107,33.30945225099276,cone,Promweaver FAL-C tabulated boundary,45,10,1,0.005,0.001,,
ok,100,8000,0.05,0.005,0.3495284387493068,5.23561400685437e+16,5.23561400685437,0.3484888385390052,5.204515816486396e+16,5.204515816486396,11020782118.358002,31530430421.607166,2319.8356170128154,1.0,0.0049999389411032,-1.2211779351449513e-05,45,91,108,36.67286977299955,cone,Promweaver FAL-C tabulated boundary,45,10,1,0.005,0.001,,
ok,100,8000,0.1,0.01,0.2577804876570712,5.135498251527223e+16,5.135498251527223,0.2567541875706117,5.094687788978121e+16,5.094687788978121,17365766009.718307,67366487539.66289,5872.260379304095,1.0,0.0099999640222141,-3.597778586508781e-06,45,91,108,21.12062528199749,cone,Promweaver FAL-C tabulated boundary,45,10,1,0.005,0.001,,
ok,100,8000,0.2,0.02,0.21321948279033,5.1095678046073816e+16,5.109567804607382,0.2122066346940231,5.061139545200315e+16,5.061139545200315,29712975700.87514,139353943232.72736,17278.58321411659,1.0,0.0199999867501192,-6.624940391414257e-07,45,91,108,20.165868340001907,cone,Promweaver FAL-C tabulated boundary,45,10,1,0.005,0.001,,
ok,100,10000,0.01,0.001,0.8185990871260798,9.221171504274365e+16,9.221171504274364,0.770410318536623,8.167474163673088e+16,8.167474163673088,3112686297.9391847,3802455129.613127,105.0714216180364,1.0,0.0009999749790169,-2.5020983028967853e-05,45,91,120,34.32359836800606,cone,Promweaver FAL-C tabulated boundary,45,10,1,0.005,0.001,,
ok,100,10000,0.02,0.002,0.7085173934637993,7.040904133435452e+16,7.040904133435452,0.6731492109975207,6.355505235615483e+16,6.355505235615484,5718748961.9498205,8071430588.304975,464.4870753813959,1.0,0.0019999623521652,-1.882391735671604e-05,45,91,134,34.98948143000598,cone,Promweaver FAL-C tabulated boundary,45,10,1,0.005,0.001,,
ok,100,10000,0.05,0.005,0.6477960724591286,5.952275401544513e+16,5.9522754015445125,0.6278366565081888,5.591131838732351e+16,5.591131838732351,13529558710.038948,20885521362.73189,3075.277041799724,1.0,0.0049999801678218,-3.966435634973619e-06,45,91,144,35.60510723700281,cone,Promweaver FAL-C tabulated boundary,45,10,1,0.005,0.001,,
ok,100,10000,0.1,0.01,0.6677198360888784,5.978751961811735e+16,5.978751961811735,0.6562054836579397,5.774331207545635e+16,5.774331207545635,27574601538.41151,41296663732.39379,12717.681798121555,1.0,0.0099999927793409,-7.220659015150232e-07,45,91,143,41.07056168500276,cone,Promweaver FAL-C tabulated boundary,45,10,1,0.005,0.001,,
ok,100,10000,0.2,0.02,0.6784243543383585,6.135865511307158e+16,6.135865511307158,0.6718488622798973,6.017500625663517e+16,6.017500625663517,55693439453.78197,82092335125.70119,50551.2904817774,1.0,0.0199999967456155,-1.6271922160387972e-07,45,91,139,39.93177361799462,cone,Promweaver FAL-C tabulated boundary,45,10,1,0.005,0.001,,
ok,100,12000,0.01,0.001,0.9152639458281816,1.0288431227623502e+17,10.288431227623503,0.8294676451362529,8.449973550970374e+16,8.449973550970375,2760151133.7343283,3015688694.2998614,74.04855135348618,1.0,0.0009999813065158,-1.869348410983053e-05,45,91,104,22.852581530009047,cone,Promweaver FAL-C tabulated boundary,45,10,1,0.005,0.001,,
ok,100,12000,0.02,0.002,0.8724423180409238,7.493047721823406e+16,7.493047721823406,0.7870203316418188,6.097572270865023e+16,6.097572270865023,5377122516.31853,6163298598.803531,385.87031110571576,1.0,0.0019999803631037,-9.81844811855613e-06,45,91,121,32.568748014004086,cone,Promweaver FAL-C tabulated boundary,45,10,1,0.005,0.001,,
ok,100,12000,0.05,0.005,0.8999487933485001,6.388724320058055e+16,6.388724320058056,0.8156856169648711,5.248366553279842e+16,5.248366553279841,13674703028.697329,15194979014.102505,2926.9928322930773,1.0,0.0049999931870177,-1.362596441754904e-06,45,91,138,30.519165927995346,cone,Promweaver FAL-C tabulated boundary,45,10,1,0.005,0.001,,
ok,100,12000,0.1,0.01,0.936799664797759,6.563277602543307e+16,6.563277602543307,0.8544551132698135,5.4601657503007976e+16,5.460165750300797,27950725452.927425,29836395659.85708,11903.245613779753,1.0,0.00999999711712,-2.8828799243652e-07,45,91,146,31.54500832100166,cone,Promweaver FAL-C tabulated boundary,45,10,1,0.005,0.001,,
ok,100,12000,0.2,0.02,0.9615267352477892,7.083744238465594e+16,7.083744238465593,0.88278656088387,5.971061852297092e+16,5.971061852297092,56684132968.64598,58952217229.860245,45358.65246178234,1.0,0.0199999986890272,-6.55486390860327e-08,45,91,147,32.13965541499783,cone,Promweaver FAL-C tabulated boundary,45,10,1,0.005,0.001,,
ok,100,14000,0.01,0.001,0.962486611674243,1.0790190645926846e+17,10.790190645926849,0.8761832277453673,8.94189559511484e+16,8.94189559511484,2430571614.9875984,2525304337.230858,54.75045408779216,1.0,0.0009999858873408,-1.4112659186236998e-05,45,91,83,20.361978562999862,cone,Promweaver FAL-C tabulated boundary,45,10,1,0.005,0.001,,
ok,100,14000,0.02,0.002,0.9500289746024114,7.648129454772725e+16,7.648129454772725,0.8637720988027682,6.3223694682194376e+16,6.322369468219438,4827620744.078257,5081551061.2175,304.72708636110906,1.0,0.0019999883481717,-5.825914107691552e-06,45,91,99,18.148709343993687,cone,Promweaver FAL-C tabulated boundary,45,10,1,0.005,0.001,,
ok,100,14000,0.05,0.005,0.9818037276634614,6.522785760378079e+16,6.52278576037808,0.8956100012533201,5.427772426833288e+16,5.427772426833288,12281128862.926746,12508741326.694595,2312.2961827749814,1.0,0.0049999957470563,-8.505887360774065e-07,45,91,118,25.712780158995884,cone,Promweaver FAL-C tabulated boundary,45,10,1,0.005,0.001,,
ok,100,14000,0.1,0.01,1.0079773525300475,6.626901394639353e+16,6.6269013946393525,0.9218510319819478,5.542815875065354e+16,5.542815875065354,24901894476.5089,24704815454.439068,9357.380042214008,1.0,0.009999997621221,-2.3787789932283587e-07,45,91,128,32.513172042003134,cone,Promweaver FAL-C tabulated boundary,45,10,1,0.005,0.001,,
ok,100,14000,0.2,0.02,1.027248777610363,7.129347798983059e+16,7.129347798983059,0.9412332536902476,5.985398360630533e+16,5.9853983606305325,50293164700.010994,48959089361.98051,35478.735038052575,1.0,0.0199999986787927,-6.606036429684936e-08,45,91,135,31.610907437992864,cone,Promweaver FAL-C tabulated boundary,45,10,1,0.005,0.001,,
