height_Mm,temperature_K,pressure_dyn_cm2,i_extension,f_extension_1e16_cm3,i_pw_H,f_pw_H_1e16_cm3,C_i_applied,C_f_applied,i_pw_total_e,f_pw_total_e_1e16_cm3,iterations,duration_s
1,6000,0.01,0.7688228124,5.404240685,0.7740447729,8.286063389,0.9932536713,0.6522084651,0.7746709494,8.299475111,62,22.2428352
1,6000,0.02,0.6599657856,5.002589572,0.6522541495,7.50425997,1.011823054,0.6666332979,0.6528032073,7.516899236,63,22.77300971
1,6000,0.05,0.4872695378,4.578580824,0.4194230583,6.973991512,1.161761444,0.6565222823,0.4199073569,6.990106239,65,23.43476043
1,6000,0.1,0.3465681718,4.348885698,0.2559789743,6.819961686,1.353893119,0.6376701069,0.2564369666,6.844387791,66,13.29203979
1,6000,0.2,0.2237584489,4.348631917,0.1492662918,6.777806471,1.499055455,0.6415987143,0.1497068927,6.817878684,66,13.52739427
1,8000,0.01,0.852847773,7.174664054,0.8449863991,10.42597428,1.009303551,0.6881528634,0.8460705666,10.45274572,88,24.33856563
1,8000,0.02,0.7526341202,6.288684396,0.7485773314,9.563855949,1.005419332,0.6575469591,0.7496311486,9.59080213,90,25.30980478
1,8000,0.05,0.5941233352,5.460125684,0.564570295,8.865928044,1.052346077,0.6158549514,0.5655997034,8.898288874,92,29.31591278
1,8000,0.1,0.4780211711,5.235043884,0.4109562871,8.620371235,1.163192257,0.6072875218,0.4119733883,8.663094221,93,25.46013207
1,8000,0.2,0.3752835409,5.124528616,0.3140900785,8.556046379,1.194827747,0.5989365168,0.3150955755,8.61091503,94,27.43931926
1,10000,0.01,0.8877542096,8.65694727,0.8856614915,11.68703991,1.002362887,0.7407305302,0.9323284475,12.9511065,103,32.48399984
1,10000,0.02,0.813389386,7.410684186,0.8179677802,10.58389944,0.9944027207,0.7001846744,0.8511699579,11.46056119,118,40.48037134
1,10000,0.05,0.7200569139,5.806111772,0.7399771187,9.61044177,0.973079972,0.6041461892,0.7585635813,10.09928776,130,44.55461282
1,10000,0.1,0.7029490426,5.560271281,0.7365808766,9.711775139,0.9543406093,0.5725288324,0.7474840083,10.00141737,131,44.90666356
1,10000,0.2,0.7419980523,5.780278276,0.7499213373,10.17501366,0.9894345119,0.5680855546,0.7561685866,10.34524649,129,36.67398822
1,12000,0.01,0.9233649666,9.783233096,0.9141395002,12.58939445,1.010091968,0.777101165,0.9999165991,15.06286024,88,30.86322407
1,12000,0.02,0.8645282259,7.701047841,0.8725157002,10.62688948,0.9908454663,0.7246756314,0.9578979838,12.8084973,107,37.19147176
1,12000,0.05,0.8277698921,5.486772938,0.8619517869,9.011359647,0.9603436116,0.6088729285,0.9461633464,10.85816942,127,43.48240078
1,12000,0.1,0.8547044545,5.339858553,0.8852799442,9.097217534,0.9654623491,0.5869771205,0.9675608239,10.8668552,137,42.73170372
1,12000,0.2,0.8937050094,5.654339253,0.9083457039,9.841624611,0.9838820237,0.5745331158,0.9869917105,11.61960789,141,47.94634785
1,14000,0.01,0.9396326463,10.59920712,0.935654374,13.84743109,1.004251861,0.7654276848,1.021955432,16.51970247,68,24.44058088
1,14000,0.02,0.8985348848,7.848174556,0.9126791172,11.18307093,0.9845025134,0.7017906446,0.9989343102,13.39672715,88,17.63589712
1,14000,0.05,0.8940169967,5.374985678,0.9204161472,9.283617789,0.971318245,0.5789753305,1.006608857,11.10376569,109,37.59858464
1,14000,0.1,0.9225336441,5.23349882,0.9385011744,9.241697334,0.9829861372,0.5662919517,1.024626488,11.01572938,122,26.5247975
1,14000,0.2,0.9418414594,5.438443554,0.9537300112,9.846791961,0.9875346778,0.5523061293,1.039744244,11.70299218,131,45.79757881
2,6000,0.01,0.7632435376,5.324923016,0.7684276027,8.164449407,0.9932536713,0.6522084651,0.7690543752,8.177773599,62,18.41515948
2,6000,0.02,0.65244767,4.928929896,0.6448238824,7.393764926,1.011823054,0.6666332979,0.6453737951,7.406381266,64,22.96665694
2,6000,0.05,0.4783319761,4.512949459,0.4117299456,6.874023289,1.161761444,0.6565222823,0.4122154541,6.890244426,65,13.0305128
2,6000,0.1,0.3396659721,4.289671508,0.2508809354,6.727101462,1.353893119,0.6376701069,0.25134019,6.751752836,66,12.35354818
2,6000,0.2,0.2192265827,4.289549308,0.146243144,6.685719926,1.499055455,0.6415987143,0.1466849935,6.726180552,66,18.29297954
2,8000,0.01,0.8484683893,7.075408411,0.8406473837,10.2817394,1.009303551,0.6881528634,0.8417317246,10.30828109,89,22.50744029
2,8000,0.02,0.7464619031,6.195919147,0.7424383833,9.422778193,1.005419332,0.6575469591,0.743492394,9.449551484,91,16.48497525
2,8000,0.05,0.5858629571,5.378794924,0.5567208068,8.733866493,1.052346077,0.6158549514,0.5577504727,8.766203282,93,24.98384161
2,8000,0.1,0.4709392946,5.160268632,0.4048679758,8.497241333,1.163192257,0.6072875218,0.4058853416,8.539999294,94,32.66720145
2,8000,0.2,0.3706734784,5.051969675,0.3102317294,8.434900083,1.194827747,0.5989365168,0.3112374473,8.48967772,94,32.60380654
2,10000,0.01,0.8843619879,8.535835284,0.8822772664,11.52353648,1.002362887,0.7407305302,0.9289851884,12.77594938,104,35.60968139
2,10000,0.02,0.8089652833,7.290663159,0.8135187751,10.41248606,0.9944027207,0.7001846744,0.8467790674,11.28130911,119,41.22420215
2,10000,0.05,0.7163408609,5.714972242,0.736158262,9.459585021,0.973079972,0.6041461892,0.7547857162,9.944364841,130,33.47195456
2,10000,0.1,0.7006673952,5.480453902,0.7341900663,9.572363158,0.9543406093,0.5725288324,0.7451096339,9.859219047,132,45.43381525
2,10000,0.2,0.7399946098,5.697751975,0.7478965014,10.02974275,0.9894345119,0.5680855546,0.7541514424,10.19820935,129,35.99016498
2,12000,0.01,0.9208423673,9.629965627,0.9116421044,12.3921647,1.010091968,0.777101165,0.9974197464,14.83386598,88,16.33167695
2,12000,0.02,0.8617692022,7.561503882,0.8697311856,10.4343289,0.9908454663,0.7246756314,0.9551147097,12.58361736,108,22.74650995
2,12000,0.05,0.8263581903,5.398260156,0.8604817904,8.865988128,0.9603436116,0.6088729285,0.9446949531,10.68629029,128,23.72638278
2,12000,0.1,0.8538978417,5.262999802,0.8844444763,8.966277591,0.9654623491,0.5869771205,0.9667270555,10.71220262,138,39.39591541
2,12000,0.2,0.8930925147,5.575830542,0.9077231754,9.704976769,0.9838820237,0.5745331158,0.9863714454,11.45957827,141,39.93140152
2,14000,0.01,0.9377713882,10.42631887,0.9338009962,13.62155965,1.004251861,0.7654276848,1.020102123,16.25569244,69,24.49608299
2,14000,0.02,0.8969336393,7.698465678,0.9110526658,10.9697468,0.9845025134,0.7017906446,0.9973079127,13.14522931,88,26.17856563
2,14000,0.05,0.8933052652,5.288794726,0.9196833992,9.134749699,0.971318245,0.5789753305,1.005876139,10.92720194,110,29.8031418
2,14000,0.1,0.9221061118,5.157575891,0.9380662421,9.107627039,0.9829861372,0.5662919517,1.024191582,10.85676973,123,23.04914988
2,14000,0.2,0.9415375319,5.362420636,0.9534222474,9.709145621,0.9875346778,0.5523061293,1.039436512,11.54001539,131,45.53158864
3,6000,0.01,0.7595132252,5.272823174,0.7646719535,8.084567214,0.9932536713,0.6522084651,0.765299128,8.097834378,62,18.37749817
3,6000,0.02,0.6471276545,4.875868754,0.6395660308,7.314169229,1.011823054,0.6666332979,0.6401165582,7.326766471,64,23.22871404
3,6000,0.05,0.4718924504,4.463569112,0.4061870472,6.798808255,1.161761444,0.6565222823,0.4066734504,6.815100956,65,23.5846886
3,6000,0.1,0.3346089484,4.244091791,0.2471457634,6.655622938,1.353893119,0.6376701069,0.2476059688,6.680432627,66,23.78832051
3,6000,0.2,0.2159224887,4.243928467,0.1440390267,6.614614981,1.499055455,0.6415987143,0.144481811,6.655344912,66,14.90784838
3,8000,0.01,0.8455797969,7.019316795,0.8377854177,10.200229,1.009303551,0.6881528634,0.8388698739,10.2266531,90,26.14910808
3,8000,0.02,0.7422067449,6.131350097,0.7382061608,9.324581328,1.005419332,0.6575469591,0.7392603066,9.351231026,91,18.81458421
3,8000,0.05,0.5799586871,5.318741862,0.5511102285,8.636354796,1.052346077,0.6158549514,0.5521400821,8.668662275,93,32.99582197
3,8000,0.1,0.4657575025,5.103318635,0.4004131731,8.403463684,1.163192257,0.6072875218,0.4014307361,8.446229108,94,33.68476717
3,8000,0.2,0.3672410936,4.996221876,0.3073590268,8.341822107,1.194827747,0.5989365168,0.3083649114,8.396511508,95,34.04140505
3,10000,0.01,0.8822128401,8.471163114,0.8801331847,11.43622784,1.002362887,0.7407305302,0.9268671417,12.68297042,104,37.05233509
3,10000,0.02,0.8059654151,7.211611532,0.8105020213,10.29958495,0.9944027207,0.7001846744,0.843801956,11.16329946,119,38.60022095
3,10000,0.05,0.713645418,5.648058317,0.7333882503,9.348827184,0.973079972,0.6041461892,0.7520456739,9.830546706,131,29.13596505
3,10000,0.1,0.6989687545,5.420023493,0.732410156,9.466813174,0.9543406093,0.5725288324,0.7433420219,9.751523237,132,40.82662546
3,10000,0.2,0.7384499127,5.634540284,0.7463353095,9.918471326,0.9894345119,0.5680855546,0.7525962087,10.08557857,129,45.11498641
3,12000,0.01,0.9191932578,9.558555423,0.9100094714,12.30027164,1.010091968,0.777101165,0.9957874699,14.72842108,89,26.34311677
3,12000,0.02,0.8599255596,7.472969116,0.8678705094,10.31215732,0.9908454663,0.7246756314,0.9532548636,12.44106981,108,38.07185195
3,12000,0.05,0.8253360588,5.333940185,0.859417451,8.76035037,0.9603436116,0.6088729285,0.9436317757,10.56132127,128,45.08371044
3,12000,0.1,0.8532883048,5.205056768,0.8838131343,8.867563292,0.9654623491,0.5869771205,0.9660969986,10.59558305,138,39.90232907
3,12000,0.2,0.8926187463,5.515935676,0.9072416456,9.600727136,0.9838820237,0.5745331158,0.9858916675,11.33748077,141,26.80159701
3,14000,0.01,0.9366226545,10.33795272,0.9326571261,13.50611289,1.004251861,0.7654276848,1.018958296,16.12126692,69,24.9137609
3,14000,0.02,0.8958568495,7.605197132,0.9099589258,10.83684599,0.9845025134,0.7017906446,0.9962142091,12.98867309,88,22.96725465
3,14000,0.05,0.8927863336,5.226553264,0.9191491442,9.027246911,0.971318245,0.5789753305,1.005341905,10.79968077,110,38.85054648
3,14000,0.1,0.9217811812,5.100580505,0.9377356875,9.006980393,0.9829861372,0.5662919517,1.023861047,10.7374306,123,43.15679713
3,14000,0.2,0.9413023385,5.304608715,0.9531840852,9.604471928,0.9875346778,0.5523061293,1.039198375,11.4160758,131,25.0817727
4,6000,0.01,0.7560921251,5.223598931,0.7612276168,8.009094041,0.9932536713,0.6522084651,0.7618551628,8.022304666,62,22.44194923
4,6000,0.02,0.6424929921,4.827600516,0.6349855239,7.241763247,1.011823054,0.6666332979,0.6355365936,7.254338173,64,12.74596956
4,6000,0.05,0.4662683994,4.417430525,0.4013460783,6.728530994,1.161761444,0.6565222823,0.4018332794,6.744876675,65,17.91807114
4,6000,0.1,0.3302205937,4.201608949,0.2439044775,6.589000964,1.353893119,0.6376701069,0.2443655264,6.613934682,66,23.836561
4,6000,0.2,0.213067084,4.201518296,0.1421342241,6.548514208,1.499055455,0.6415987143,0.1425778338,6.589454636,66,23.76147527
4,8000,0.01,0.8428409001,6.95632281,0.8350717675,10.10868832,1.009303551,0.6881528634,0.8361563337,10.13496309,90,26.58450989
4,8000,0.02,0.7383723303,6.073123593,0.7343924142,9.236030233,1.005419332,0.6575469591,0.7354466828,9.262567125,92,26.88109838
4,8000,0.05,0.5747387096,5.262811277,0.5461499045,8.545537005,1.052346077,0.6158549514,0.5471799265,8.577800643,94,27.05054439
4,8000,0.1,0.4612004701,5.05027026,0.3964954781,8.316110703,1.163192257,0.6072875218,0.3975132172,8.358857691,95,33.68399399
4,8000,0.2,0.3641980777,4.944533065,0.3048122029,8.255521121,1.194827747,0.5989365168,0.3058182369,8.310105818,95,29.31233653
4,10000,0.01,0.8799957659,8.396460947,0.8779213369,11.33537853,1.002362887,0.7407305302,0.924682284,12.575055,105,37.06177758
4,10000,0.02,0.8031665602,7.137262591,0.8076874123,10.19340019,0.9944027207,0.7001846744,0.8410245767,11.0522276,120,38.42574892
4,10000,0.05,0.7112913815,5.586923922,0.7309690899,9.24763579,0.973079972,0.6041461892,0.7496528318,9.726421001,131,45.78216665
4,10000,0.1,0.6974282175,5.363971041,0.7307959137,9.368909891,0.9543406093,0.5725288324,0.7417389798,9.651594043,132,46.10785085
4,10000,0.2,0.7370183991,5.576091102,0.7448885098,9.815583334,0.9894345119,0.5680855546,0.7511549526,9.981426986,130,30.5330227
4,12000,0.01,0.9175400495,9.460666665,0.9083727806,12.17430509,1.010091968,0.777101165,0.9941511363,14.58212387,89,19.68323858
4,12000,0.02,0.8581796563,7.384161704,0.8661084755,10.18960951,0.9908454663,0.7246756314,0.9514936172,12.29772345,108,31.93258032
4,12000,0.05,0.8244139683,5.27472121,0.8584572838,8.663090381,0.9603436116,0.6088729285,0.9426726578,10.44617475,128,40.23865209
4,12000,0.1,0.8527288905,5.151508892,0.883233708,8.77633678,0.9654623491,0.5869771205,0.9655187524,10.4877768,138,48.20164237
4,12000,0.2,0.8921775235,5.460636245,0.9067931948,9.50447606,0.9838820237,0.5745331158,0.985444849,11.22474088,142,45.16385761
4,14000,0.01,0.9353849496,10.22798663,0.9314246614,13.36244668,1.004251861,0.7654276848,1.017725877,15.9533596,70,25.20831373
4,14000,0.02,0.8947884948,7.510012442,0.9088737536,10.70121481,0.9845025134,0.7017906446,0.9951290731,12.82876315,89,17.57001289
4,14000,0.05,0.892304316,5.168190972,0.9186528932,8.926444185,0.971318245,0.5789753305,1.004845675,10.68007578,110,21.16510935
4,14000,0.1,0.9214784151,5.047633099,0.937427681,8.913481966,0.9829861372,0.5662919517,1.023553059,10.62655671,123,36.08366627
4,14000,0.2,0.9410825754,5.251177499,0.9529615481,9.5077299,0.9875346778,0.5523061293,1.03897586,11.30152358,131,45.8971335
5,6000,0.01,0.7529626888,5.181862033,0.7580769249,7.945100854,0.9932536713,0.6522084651,0.7587048128,7.958267588,62,22.624608
5,6000,0.02,0.6379885438,4.783843585,0.6305337097,7.176124565,1.011823054,0.6666332979,0.6310853124,7.188685674,64,12.40378488
5,6000,0.05,0.4609914173,4.376949868,0.3968038531,6.666871766,1.161761444,0.6565222823,0.3972918167,6.683278822,66,23.78590932
5,6000,0.1,0.3261222105,4.164437034,0.2408773676,6.530707632,1.353893119,0.6376701069,0.2413392204,6.555775302,66,19.82218059
5,6000,0.2,0.2104048856,4.16432971,0.1403583069,6.490551832,1.499055455,0.6415987143,0.1408027012,6.531716913,66,19.27312202
5,8000,0.01,0.8404517264,6.910740264,0.8327046167,10.04244933,1.009303551,0.6881528634,0.8337892793,10.06862852,90,26.73418716
5,8000,0.02,0.7347801204,6.020716361,0.7308195667,9.156329108,1.005419332,0.6575469591,0.7318739514,9.182768623,92,26.9782304
5,8000,0.05,0.5697822234,5.213349847,0.5414399652,8.465223566,1.052346077,0.6158549514,0.5424701493,8.497467343,94,33.55562299
5,8000,0.1,0.4569756536,5.003900047,0.3928633902,8.239754428,1.163192257,0.6072875218,0.3938812948,8.282507962,95,33.8245502
5,8000,0.2,0.3614139351,4.899234553,0.3024820406,8.179889546,1.194827747,0.5989365168,0.3034882126,8.234398995,96,20.22367923
5,10000,0.01,0.8781743376,8.346552247,0.8761042022,11.26800085,1.002362887,0.7407305302,0.922887354,12.50353271,105,36.97943329
5,10000,0.02,0.8006528979,7.073798315,0.8051596011,10.10276085,0.9944027207,0.7001846744,0.8385303229,10.95755514,120,23.82009806
5,10000,0.05,0.7090613818,5.532325637,0.7286773978,9.157263152,0.973079972,0.6041461892,0.7473862063,9.633525555,131,28.37689516
5,10000,0.1,0.6960173597,5.314794558,0.7293175549,9.28301643,0.9543406093,0.5725288324,0.7402709179,9.563947002,132,46.36673262
5,10000,0.2,0.7357317506,5.52480212,0.743588122,9.725299431,0.9894345119,0.5680855546,0.749859564,9.890038088,130,45.44129026
5,12000,0.01,0.9161827237,9.401224865,0.907029016,12.09781337,1.010091968,0.777101165,0.9928076655,14.49421713,89,26.3268459
5,12000,0.02,0.8566107262,7.314435414,0.8645250499,10.09339227,0.9908454663,0.7246756314,0.9499109016,12.18562285,109,31.44843122
5,12000,0.05,0.8235672007,5.222893782,0.8575755498,8.577970111,0.9603436116,0.6088729285,0.9417918888,10.34545603,129,45.17805845
5,12000,0.1,0.8522219131,5.104601438,0.8827085944,8.696423182,0.9654623491,0.5869771205,0.9649947091,10.39335638,139,40.28015773
5,12000,0.2,0.8917816974,5.412150459,0.9063908842,9.42008443,0.9838820237,0.5745331158,0.9850440035,11.12589611,142,49.42970734
5,14000,0.01,0.9344141561,10.15836963,0.9304579781,13.27149491,1.004251861,0.7654276848,1.01675923,15.84756582,70,20.633083
5,14000,0.02,0.8938982779,7.435569742,0.9079695234,10.59513945,0.9845025134,0.7017906446,0.994224873,12.70379222,89,25.72908249
5,14000,0.05,0.8918770536,5.118182152,0.9182130144,8.840069485,0.971318245,0.5789753305,1.004405814,10.5776021,110,38.67221261
5,14000,0.1,0.9212088786,5.001633713,0.9371534793,8.832252866,0.9829861372,0.5662919517,1.023278874,10.53023508,123,35.70046427
5,14000,0.2,0.9408866727,5.204497111,0.9527631727,9.423210852,0.9875346778,0.5523061293,1.038777505,11.20144518,131,46.06149113
6,6000,0.01,0.7496952651,5.133721885,0.7547873084,7.871289871,0.9932536713,0.6522084651,0.7554155556,7.88439866,62,22.57593151
6,6000,0.02,0.6337023664,4.73860689,0.6262976159,7.108266127,1.011823054,0.6666332979,0.6268497314,7.1208043,64,13.43197353
6,6000,0.05,0.455967463,4.333445967,0.3924794246,6.600607601,1.161761444,0.6565222823,0.392968128,6.617055585,66,13.24784039
6,6000,0.1,0.3222520161,4.124021839,0.2380188005,6.46732816,1.353893119,0.6376701069,0.2384814273,6.492493122,66,13.38998084
6,6000,0.2,0.2078908851,4.12400158,0.1386812505,6.427696141,1.499055455,0.6415987143,0.1391263996,6.469026529,66,24.21531058
6,8000,0.01,0.8377494875,6.849681408,0.8300272864,9.95372071,1.009303551,0.6881528634,0.8311120589,9.979754981,91,26.71262286
6,8000,0.02,0.7312129852,5.964323215,0.7272716588,9.07056619,1.005419332,0.6575469591,0.7283261598,9.096888829,92,29.69944126
6,8000,0.05,0.5650913695,5.160952017,0.536982445,8.380142119,1.052346077,0.6158549514,0.5380127845,8.412331905,94,33.59699498
6,8000,0.1,0.4528873094,4.953624195,0.389348628,8.156966867,1.163192257,0.6072875218,0.3903666947,8.199680224,95,18.26983012
6,8000,0.2,0.3586424345,4.850181909,0.3001624589,8.097989975,1.194827747,0.5989365168,0.3011687696,8.152378886,96,28.23305065
6,10000,0.01,0.8760299221,8.270426788,0.8739648418,11.16523007,1.002362887,0.7407305302,0.9207742579,12.39327512,106,26.82104318
6,10000,0.02,0.7980290315,7.000561854,0.8025209655,9.998164928,0.9944027207,0.7001846744,0.8359268822,10.84786086,120,42.02978926
6,10000,0.05,0.7068829154,5.474952787,0.7264386647,9.062297975,0.973079972,0.6041461892,0.7451720998,9.535722565,132,46.21564908
6,10000,0.1,0.6945693965,5.261816126,0.7278003154,9.190482345,0.9543406093,0.5725288324,0.7387642869,9.469468672,133,38.80631971
6,10000,0.2,0.7343527813,5.469418028,0.7421944277,9.627806911,0.9894345119,0.5680855546,0.7484712453,9.791342301,130,45.30086287
6,12000,0.01,0.9145413124,9.307095,0.9054040043,11.97668389,1.010091968,0.777101165,0.9911830102,14.35355453,90,26.15286942
6,12000,0.02,0.8549462731,7.228359651,0.8628452187,9.974613934,0.9908454663,0.7246756314,0.9482318236,12.04645756,109,38.30091144
6,12000,0.05,0.8226962199,5.166891921,0.8566686028,8.48599384,0.9603436116,0.6088729285,0.9408859348,10.2364876,129,31.41201844
6,12000,0.1,0.8516846214,5.053867422,0.8821520821,8.609990484,0.9654623491,0.5869771205,0.9644393315,10.2911894,139,26.83024134
6,12000,0.2,0.8913529733,5.359732819,0.9059551368,9.328849236,0.9838820237,0.5745331158,0.9846098435,11.01902168,142,35.05505389
6,14000,0.01,0.9332598476,10.04334457,0.9293085568,13.12121938,1.004251861,0.7654276848,1.015609852,15.67141223,70,25.35184294
6,14000,0.02,0.8929062725,7.342994351,0.9069619024,10.46322633,0.9845025134,0.7017906446,0.9932172856,12.54804504,89,30.79396746
6,14000,0.05,0.8914114388,5.062813238,0.9177336506,8.744436889,0.971318245,0.5789753305,1.003926469,10.46411117,111,32.80857595
6,14000,0.1,0.9209149119,4.951331424,0.9368544245,8.743425382,0.9829861372,0.5662919517,1.022979837,10.4248912,123,43.32101559
6,14000,0.2,0.9406722512,5.153772385,0.9525460445,9.331369165,0.9875346778,0.5523061293,1.038560399,11.09269145,131,24.60754205
7,6000,0.01,0.7472675903,5.101819636,0.7523431445,7.822375681,0.9932536713,0.6522084651,0.7529716602,7.835450937,62,22.97340229
7,6000,0.02,0.6301560685,4.703696367,0.6227927561,7.055897721,1.011823054,0.6666332979,0.6233453002,7.068423312,64,23.13065432
7,6000,0.05,0.4517881172,4.30034659,0.3888820029,6.550191373,1.161761444,0.6565222823,0.3893713319,6.566685913,66,23.80894732
7,6000,0.1,0.3190458048,4.093520229,0.2356506584,6.41949526,1.353893119,0.6376701069,0.2361139375,6.444760978,66,19.58106743
7,6000,0.2,0.2058253811,4.093485647,0.1373033802,6.380133807,1.499055455,0.6415987143,0.1377491597,6.421629501,66,19.39556587
7,8000,0.01,0.8358762529,6.816042493,0.828171319,9.904837799,1.009303551,0.6881528634,0.8292561678,9.930804141,91,23.6913062
7,8000,0.02,0.7283429329,5.924042855,0.7244170764,9.009307659,1.005419332,0.6575469591,0.7254716717,9.035557977,93,33.05291874
7,8000,0.05,0.5611440983,5.120716801,0.53323152,8.314809826,1.052346077,0.6158549514,0.534261992,8.346977683,95,19.72372002
7,8000,0.1,0.4495463843,4.915750574,0.3864764243,8.094601646,1.163192257,0.6072875218,0.3874946251,8.137309486,96,34.0984207
7,8000,0.2,0.3564400841,4.813197505,0.2983192221,8.036239853,1.194827747,0.5989365168,0.2993256441,8.090554096,96,28.16050004
7,10000,0.01,0.8745914819,8.234471475,0.8725297925,11.11668973,1.002362887,0.7407305302,0.9193568448,12.34193294,106,22.32541412
7,10000,0.02,0.7960059703,6.952916607,0.800486517,9.930118242,0.9944027207,0.7001846744,0.8339197319,10.77692542,121,42.43506989
7,10000,0.05,0.7051169663,5.43123846,0.724623861,8.989940775,0.973079972,0.6041461892,0.7433773433,9.461286862,132,31.23579156
7,10000,0.1,0.6934247979,5.221821653,0.7266009548,9.120626521,0.9543406093,0.5725288324,0.7375733393,9.398167132,133,46.48269386
7,10000,0.2,0.7332878695,5.427657617,0.7411181445,9.554296132,0.9894345119,0.5680855546,0.7473991272,9.716927862,130,25.17052554
7,12000,0.01,0.9134672667,9.263995978,0.9043406895,11.92122261,1.010091968,0.777101165,0.9901199285,14.29000096,90,32.20495571
7,12000,0.02,0.8537386544,7.17431382,0.8616264427,9.900034594,0.9908454663,0.7246756314,0.947013595,11.9594471,109,38.4877514
7,12000,0.05,0.8220246161,5.125682454,0.8559692658,8.418312285,0.9603436116,0.6088729285,0.940187364,10.15634652,129,45.20623867
7,12000,0.1,0.851270589,5.015943956,0.8817232384,8.545382401,0.9654623491,0.5869771205,0.9640113627,10.21483212,139,39.01195124
7,12000,0.2,0.8910240684,5.320388131,0.9056208437,9.260368087,0.9838820237,0.5745331158,0.9842767688,10.9388055,142,36.69499633
7,14000,0.01,0.9324927873,9.992292817,0.9285447442,13.05452235,1.004251861,0.7654276848,1.014846068,15.59393288,70,20.93280368
7,14000,0.02,0.8922028746,7.285840573,0.906247432,10.3817864,0.9845025134,0.7017906446,0.9925028392,12.45208358,89,26.32721334
7,14000,0.05,0.8910658825,5.022979641,0.9173778904,8.675636726,0.971318245,0.5789753305,1.003570723,10.38247245,111,39.30774306
7,14000,0.1,0.9206928683,4.914196762,0.9366285377,8.677850263,0.9829861372,0.5662919517,1.022753964,10.34712564,123,31.96772381
7,14000,0.2,0.940509534,5.115980023,0.9523812734,9.26294269,0.9875346778,0.5523061293,1.038395645,11.0116652,131,45.49656681
8,6000,0.01,0.744633252,5.066963357,0.7496909133,7.768932217,0.9932536713,0.6522084651,0.7503197218,7.781970175,62,18.17369417
8,6000,0.02,0.6263960501,4.667179671,0.6190766731,7.001119936,1.011823054,0.6666332979,0.6196296757,7.013633303,64,23.1934015
8,6000,0.05,0.4474593881,4.265972698,0.3851559978,6.497833833,1.161761444,0.6565222823,0.3856459846,6.514377146,66,23.94553339
8,6000,0.1,0.3157269265,4.061700081,0.2331992992,6.369594618,1.353893119,0.6376701069,0.2336632646,6.394965285,66,23.97004417
8,6000,0.2,0.2036786077,4.061648684,0.1358712962,6.330512505,1.499055455,0.6415987143,0.136317741,6.372182348,66,13.03452102
8,8000,0.01,0.8338388431,6.778054839,0.8261526896,9.849635451,1.009303551,0.6881528634,0.8272376219,9.875522202,91,31.82753884
8,8000,0.02,0.7253167803,5.88029916,0.7214072351,8.942782076,1.005419332,0.6575469591,0.7224619305,8.968949835,93,27.23678368
8,8000,0.05,0.5570647883,5.079022135,0.5293551241,8.247107738,1.052346077,0.6158549514,0.5303857345,8.279251863,95,33.80051125
8,8000,0.1,0.4460856444,4.876266704,0.3835012154,8.029584881,1.163192257,0.6072875218,0.3845195566,8.072284683,96,34.10070574
8,8000,0.2,0.3541429287,4.774573198,0.2963966392,7.971751704,1.194827747,0.5989365168,0.2974031781,8.02598648,96,18.79356736
8,10000,0.01,0.8730328558,8.192778503,0.8709748406,11.06040344,1.002362887,0.7407305302,0.9178210454,12.28218889,106,37.19080913
8,10000,0.02,0.7938764583,6.90001388,0.7983450184,9.854562851,0.9944027207,0.7001846744,0.8318070299,10.69796807,121,38.25996748
8,10000,0.05,0.7032647949,5.385529832,0.7227204497,8.914282549,0.973079972,0.6041461892,0.7414950486,9.383442978,132,45.95141696
8,10000,0.1,0.6922251096,5.180107262,0.7253438687,9.047766626,0.9543406093,0.5725288324,0.7363250981,9.323794851,133,27.36476443
8,10000,0.2,0.7321634649,5.384010141,0.7399817331,9.477463558,0.9894345119,0.5680855546,0.746267126,9.63915018,130,25.54296468
8,12000,0.01,0.9123066665,9.214241486,0.903191685,11.85719685,1.010091968,0.777101165,0.9889711761,14.21639353,90,32.57805911
8,12000,0.02,0.8524074881,7.116302518,0.8602829776,9.819983188,0.9908454663,0.7246756314,0.9456707351,11.86609945,110,25.17656415
8,12000,0.05,0.8213136951,5.082273898,0.855228988,8.347018991,0.9603436116,0.6088729285,0.939447898,10.07191319,129,37.89208567
8,12000,0.1,0.8508325785,4.976222868,0.8812695589,8.477711812,0.9654623491,0.5869771205,0.9635586091,10.13485136,139,39.70219271
8,12000,0.2,0.8906756132,5.27920237,0.9052666801,9.188682471,0.9838820237,0.5745331158,0.9839238965,10.85483408,142,49.11596555
8,14000,0.01,0.9316277387,9.939096678,0.927683358,12.98502377,1.004251861,0.7654276848,1.013984714,15.51336582,71,25.59187027
8,14000,0.02,0.8914281338,7.22474789,0.9054604957,10.29473383,0.9845025134,0.7017906446,0.9917159292,12.3495373,90,31.90313317
8,14000,0.05,0.8906991034,4.980966523,0.9170002808,8.603072117,0.971318245,0.5789753305,1.003193129,10.29636013,111,32.68073358
8,14000,0.1,0.9204572379,4.875219519,0.9363888289,8.609021379,0.9829861372,0.5662919517,1.022514269,10.26549966,123,43.05491521
8,14000,0.2,0.9403368426,5.076353335,0.9522064023,9.191195001,0.9875346778,0.5523061293,1.038220792,10.9267053,131,24.95480925
9,6000,0.01,0.741926276,5.026154158,0.7469655511,7.706361427,0.9932536713,0.6522084651,0.7475946618,7.719347823,63,22.60853644
9,6000,0.02,0.6228248283,4.629514429,0.6155471807,6.944619244,1.011823054,0.6666332979,0.616100623,6.957112757,64,23.08706275
9,6000,0.05,0.4433482769,4.229059271,0.3816173099,6.441608129,1.161761444,0.6565222823,0.3821079311,6.458181913,66,19.521248
9,6000,0.1,0.3125697717,4.027119422,0.2308673908,6.315364917,1.353893119,0.6376701069,0.2313320195,6.340810282,66,12.94824094
9,6000,0.2,0.2016411827,4.02712231,0.134512157,6.27669947,1.499055455,0.6415987143,0.1349592432,6.318493299,66,19.29607882
9,8000,0.01,0.8315218579,6.727556552,0.8238570619,9.776253082,1.009303551,0.6881528634,0.8249420897,9.802020882,92,26.66220599
9,8000,0.02,0.7223082494,5.833427554,0.7184149206,8.871499554,1.005419332,0.6575469591,0.7194697162,8.897569414,93,33.02640692
9,8000,0.05,0.5531835099,5.034888241,0.5256669093,8.175444932,1.052346077,0.6158549514,0.5266976528,8.207537683,95,28.69958152
9,8000,0.1,0.4427150795,4.833460659,0.3806035303,7.959097602,1.163192257,0.6072875218,0.3816220097,8.001751029,96,34.57407078
9,8000,0.2,0.3518370671,4.732733386,0.2944667697,7.901894864,1.194827747,0.5989365168,0.2954734269,7.956013676,97,34.51566507
9,10000,0.01,0.8711900249,8.130320166,0.8691363538,10.97608352,1.002362887,0.7407305302,0.916005306,12.19179215,107,37.51337719
9,10000,0.02,0.791645138,6.839155414,0.7961011385,9.767645115,0.9944027207,0.7001846744,0.8295934458,10.60679088,121,23.12631533
9,10000,0.05,0.7014441646,5.33746804,0.720849452,8.834729302,0.973079972,0.6041461892,0.7396449096,9.301449815,133,46.18661361
9,10000,0.1,0.6909890105,5.13515078,0.7240486298,8.969243974,0.9543406093,0.5725288324,0.7350390016,9.243599762,133,25.4605994
9,10000,0.2,0.7309557925,5.336829107,0.7387611648,9.394410866,0.9894345119,0.5680855546,0.7450513097,9.555068403,131,31.16199427
9,12000,0.01,0.9109041571,9.13804733,0.9018031883,11.75914764,1.010091968,0.777101165,0.9875829852,14.1026104,91,17.6085745
9,12000,0.02,0.8509931454,7.04495252,0.8588555676,9.721525348,0.9908454663,0.7246756314,0.9442439678,11.75066866,110,38.75578732
9,12000,0.05,0.8205731012,5.035344844,0.8544578121,8.269943707,0.9603436116,0.6088729285,0.9386775684,9.980543299,129,44.95876156
9,12000,0.1,0.8503659555,4.933236891,0.8807862433,8.404479013,0.9654623491,0.5869771205,0.9630762805,10.04826603,139,48.30270574
9,12000,0.2,0.8902978407,5.234630964,0.904882719,9.111103989,0.9838820237,0.5745331158,0.9835413358,10.76394943,142,49.3394517
9,14000,0.01,0.9306561425,9.846683099,0.9267158754,12.8642892,1.004251861,0.7654276848,1.013017268,15.37185525,71,20.30458379
9,14000,0.02,0.8905873847,7.148329977,0.904606512,10.18584393,0.9845025134,0.7017906446,0.9908619742,12.22092059,90,31.9803572
9,14000,0.05,0.8903006417,4.934453059,0.916590053,8.52273456,0.971318245,0.5789753305,1.002782918,10.20099506,111,26.33213058
9,14000,0.1,0.9201992477,4.832598889,0.9361263734,8.533758735,0.9829861372,0.5662919517,1.02225183,10.17623651,124,43.47803898
9,14000,0.2,0.9401478341,5.033261551,0.952015008,9.113173445,0.9875346778,0.5523061293,1.038029417,10.83431278,131,45.44557372
10,6000,0.01,0.74,5,0.7450261916,7.666260509,0.9932536713,0.6522084651,0.7456555184,7.679217427,63,18.62783199
10,6000,0.02,0.62,4.6,0.6127553602,6.900345384,1.011823054,0.6666332979,0.6133091531,6.912823738,64,22.96902014
10,6000,0.05,0.44,4.2,0.3787352406,6.3973457,1.161761444,0.6565222823,0.3792263857,6.413948654,66,19.51161259
10,6000,0.1,0.31,4,0.2289693298,6.272835995,1.353893119,0.6376701069,0.2294345063,6.298349806,66,19.34770202
10,6000,0.2,0.2,4,0.1334173458,6.234426459,1.499055455,0.6415987143,0.1338649556,6.27632913,66,19.29547149
10,8000,0.01,0.83,6.7,0.8223492321,9.736208852,1.009303551,0.6881528634,0.8234343229,9.761919682,92,32.36416114
10,8000,0.02,0.72,5.8,0.716119113,8.820662798,1.005419332,0.6575469591,0.7171739861,8.846668341,94,27.37125472
10,8000,0.05,0.55,5,0.5226417544,8.118794838,1.052346077,0.6158549514,0.5236726083,8.150853299,96,19.59235512
10,8000,0.1,0.44,4.8,0.378269368,7.903999057,1.163192257,0.6072875218,0.3792879598,7.946623645,96,23.9229268
10,8000,0.2,0.35,4.7,0.2929292535,7.847242351,1.194827747,0.5989365168,0.2939360056,7.901274537,97,29.73807844
10,10000,0.01,0.87,8.1,0.8679491342,10.93515073,1.002362887,0.7407305302,0.9148327814,12.14841619,107,20.47161893
10,10000,0.02,0.79,6.8,0.7944467403,9.711723563,0.9944027207,0.7001846744,0.8279615096,10.54841075,122,42.72248978
10,10000,0.05,0.7,5.3,0.719365335,8.772711133,0.973079972,0.6041461892,0.7381773937,9.237539302,133,46.34307331
10,10000,0.1,0.69,5.1,0.7230123012,8.907848324,0.9543406093,0.5725288324,0.7340100106,9.180903166,134,37.96334424
10,10000,0.2,0.73,5.3,0.737795166,9.329580655,0.9894345119,0.5680855546,0.7440890817,9.489435466,131,45.70076017
10,12000,0.01,0.91,9.1,0.9009080647,11.71018705,1.010091968,0.777101165,0.9866880586,14.04632224,91,27.18890788
10,12000,0.02,0.85,7,0.8578532464,9.659494119,0.9908454663,0.7246756314,0.9432420985,11.67816846,110,39.62237719
10,12000,0.05,0.82,5,0.8538610453,8.211894084,0.9603436116,0.6088729285,0.9380814574,9.911743188,130,45.43431429
10,12000,0.1,0.85,4.9,0.8804071964,8.347855186,0.9654623491,0.5869771205,0.9626980079,9.981317839,139,34.17259303
10,12000,0.2,0.89,5.2,0.904579999,9.050827283,0.9838820237,0.5745331158,0.9832397203,10.69333431,142,40.78877683
10,14000,0.01,0.93,9.8,0.926062511,12.80329964,1.004251861,0.7654276848,1.012363928,15.30081723,71,20.84912112
10,14000,0.02,0.89,7.1,0.904009881,10.11697727,0.9845025134,0.7017906446,0.9902653632,12.13969001,90,32.01464484
10,14000,0.05,0.89,4.9,0.9162805338,8.463227605,0.971318245,0.5789753305,1.002473411,10.13035875,111,27.95878765
10,14000,0.1,0.92,4.8,0.935923677,8.476193218,0.9829861372,0.5662919517,1.022049145,10.10796055,124,36.47199916
10,14000,0.2,0.94,5,0.9518653078,9.052950411,0.9875346778,0.5523061293,1.037879733,10.76299669,131,45.67888437
11,6000,0.01,0.7387535984,4.966255985,0.7427087951,7.619899437,0.9946746333,0.6517482318,0.7433383815,7.632823529,63,12.25610772
11,6000,0.02,0.617611493,4.55581369,0.6095644213,6.85350843,1.013201347,0.6647418233,0.6101186181,6.865976082,64,14.81053459
11,6000,0.05,0.4365242518,4.156479116,0.3756158806,6.352322315,1.162156007,0.6543243415,0.3761075999,6.368964869,66,23.59245059
11,6000,0.1,0.3076456583,3.967486408,0.2269357082,6.229691735,1.35565117,0.6368672122,0.2274014796,6.255290087,66,23.64676969
11,6000,0.2,0.1977100105,3.956610972,0.1322359751,6.191518776,1.49513028,0.6390372241,0.1326841574,6.233559249,66,12.87110217
11,8000,0.01,0.8278340197,6.655937436,0.8205604824,9.687689321,1.008864109,0.6870510826,0.8216456482,9.7133296,92,17.88113283
11,8000,0.02,0.7177075293,5.755155433,0.7134992204,8.763475141,1.005898127,0.6567206891,0.7145541824,8.789409206,94,28.02080844
11,8000,0.05,0.5465801002,4.956232288,0.5193602289,8.060796663,1.052410388,0.6148563839,0.5203912036,8.092831177,96,33.9166766
11,8000,0.1,0.4366039824,4.756543198,0.3757666447,7.848009361,1.161901911,0.6060827631,0.3767853581,7.890619367,97,34.28230509
11,8000,0.2,0.3477704851,4.656541864,0.2913080253,7.791677161,1.193823908,0.5976302364,0.2923148782,7.845631258,97,18.73898785
11,10000,0.01,0.86890209,8.046085389,0.8665650691,10.8849545,1.002696879,0.7391932956,0.9134658806,12.0950849,107,32.4461069
11,10000,0.02,0.7888193466,6.744126916,0.7925700093,9.646407094,0.9952677207,0.6991335582,0.8261102911,10.48012303,122,42.69624465
11,10000,0.05,0.6978070981,5.244908059,0.7177402599,8.708139699,0.9722278895,0.6022994854,0.7365705623,9.171059016,133,46.34524808
11,10000,0.1,0.6889173576,5.056438671,0.721924629,8.845295708,0.9542787848,0.5716528693,0.7329300585,9.117036761,134,38.09818791
11,10000,0.2,0.7289454074,5.25645864,0.736792958,9.263519918,0.9893490424,0.5674364266,0.7430907947,9.422559091,131,27.27780994
11,12000,0.01,0.9089328049,9.046627738,0.8998853775,11.65281062,1.010053978,0.7763472721,0.9856655965,13.98026795,91,32.40747452
11,12000,0.02,0.8488954947,6.944408998,0.8567069593,9.589151981,0.9908819876,0.7241942782,0.9420963287,11.59594735,110,38.75125319
11,12000,0.05,0.8189392724,4.955811273,0.8532199526,8.150974009,0.9598219895,0.6080023404,0.9374410691,9.839554928,130,35.709142
11,12000,0.1,0.8489699483,4.856382841,0.8800080841,8.289817719,0.9647297151,0.5858250453,0.9622997114,9.912709264,140,35.73964883
11,12000,0.2,0.8889809912,5.15648115,0.9042658273,8.989297396,0.9830969659,0.5736244918,0.9829266953,10.62125342,142,34.16542847
11,14000,0.01,0.9289529494,9.736317239,0.9253312573,12.73531073,1.003913941,0.7645135202,1.011632702,15.22161737,71,20.90586679
11,14000,0.02,0.8889421265,7.023117978,0.9033429427,10.04071855,0.9840583066,0.6994636833,0.9895984473,12.04973489,90,32.19937667
11,14000,0.05,0.8899775056,4.856098231,0.9159501724,8.401097136,0.9716440178,0.5780314347,1.002143063,10.05661347,111,23.10431012
11,14000,0.1,0.9189841506,4.756446677,0.9357119688,8.417154128,0.9821228981,0.5650896496,1.02183745,10.03793874,124,36.03266646
11,14000,0.2,0.939992979,4.956505362,0.9517099642,8.991424837,0.9876884916,0.5512480449,1.037724405,10.69013886,132,45.81666009
12,6000,0.01,0.7378555669,4.936651159,0.7407462341,7.579824453,0.9960976282,0.6512883233,0.7413760412,7.59271917,63,22.72596791
12,6000,0.02,0.6156661144,4.514442703,0.6068177899,6.810596329,1.014581518,0.6628557155,0.6073723369,6.823049893,64,23.29939856
12,6000,0.05,0.433388136,4.114091334,0.3727907391,6.308661799,1.162550703,0.6521337592,0.3732829852,6.325333158,66,24.29337928
12,6000,0.1,0.3054902785,3.935533655,0.2250535506,6.187310453,1.357411504,0.6360653283,0.2255198801,6.212978256,66,13.32389626
12,6000,0.2,0.1955594889,3.913975202,0.1311410083,6.14935041,1.491215384,0.6364859604,0.1315897281,6.191504365,66,23.75249253
12,8000,0.01,0.8259347313,6.617581288,0.8190344822,9.647308123,1.008424858,0.6859510658,0.8201197121,9.672890643,92,27.00009207
12,8000,0.02,0.7157817384,5.714653434,0.7112460159,8.712750439,1.00637715,0.6558954574,0.7123010547,8.738618021,94,27.58800614
12,8000,0.05,0.5435250682,4.914233835,0.5164257787,8.005470878,1.052474703,0.6138594356,0.5174568625,8.037469867,96,34.18270254
12,8000,0.1,0.4334300239,4.713983088,0.3734492252,7.793248269,1.160612996,0.6048803945,0.3744680523,7.835828639,97,28.68497904
12,8000,0.2,0.3456401323,4.613867762,0.2897669959,7.737146349,1.192820912,0.596326805,0.2907739453,7.791013434,97,34.2840092
12,10000,0.01,0.8680006835,7.999568107,0.8653777395,10.84453031,1.003030982,0.7376592511,0.9122933048,12.05225421,107,37.66525776
12,10000,0.02,0.7878807346,6.694187455,0.7909389212,9.589372143,0.9961334732,0.6980840201,0.8245014488,10.42046561,122,30.34268371
12,10000,0.05,0.6957728316,5.192334347,0.7162750937,8.647283673,0.9713765531,0.6004584264,0.7351219038,9.108329486,133,29.67856126
12,10000,0.1,0.687884067,5.013934575,0.7208885324,8.784382737,0.9542169643,0.5707782464,0.7319013356,9.054825706,134,46.81081548
12,10000,0.2,0.7279099883,5.213758869,0.7358099528,9.19878067,0.9892635802,0.5667880403,0.7421116462,9.357017515,131,25.24624688
12,12000,0.01,0.9080080266,9.002157519,0.8990036166,11.60678942,1.010015989,0.7755941106,0.9847840299,13.92743761,91,28.17248828
12,12000,0.02,0.8478908817,6.895840647,0.8556615634,9.528415705,0.9909185103,0.7237132447,0.9410514061,11.52506397,111,39.19690664
12,12000,0.05,0.8179232701,4.913759646,0.8526245338,8.09338262,0.9593006508,0.607132997,0.9368463051,9.77127236,130,45.43675302
12,12000,0.1,0.8479554866,4.813903988,0.8796240301,8.233466599,0.9639976371,0.5846752313,0.9619164425,9.846077606,140,27.02430366
12,12000,0.2,0.8879682798,5.113844135,0.9039569878,8.929089611,0.9823125345,0.5727173046,0.9826189834,10.55071639,142,49.6797876
12,14000,0.01,0.927967951,9.68737414,0.9246612376,12.68644377,1.003576135,0.7636004474,1.010962708,15.16508562,72,26.16591628
12,14000,0.02,0.8879528182,6.95253414,0.9027449254,9.972874722,0.9836143003,0.6971444377,0.9890004501,11.96969903,90,25.23948282
12,14000,0.05,0.88997058,4.814028244,0.9156359473,8.341915363,0.9719698999,0.5770890778,1.001828851,9.986359107,111,32.66609795
12,14000,0.1,0.91797437,4.713967809,0.9355053501,8.359730875,0.981260417,0.5638899002,1.021630844,9.96982964,124,44.74439079
12,14000,0.2,0.9399882619,4.913878668,0.9515569783,8.93120725,0.9878423293,0.5501919875,1.037571435,10.61882794,132,29.49028778
13,6000,0.01,0.7364281508,4.899081824,0.7382570655,7.527451584,0.9975226587,0.6508287393,0.7388871538,7.540306139,63,22.89348438
13,6000,0.02,0.6132700462,4.469115284,0.6036338949,6.761398781,1.015963569,0.6609749593,0.6041888513,6.773836803,64,23.11004037
13,6000,0.05,0.4299331997,4.068610785,0.3696933236,6.259877819,1.162945534,0.6499505105,0.3701861547,6.276578789,66,23.72711067
13,6000,0.1,0.3031342,3.900652976,0.2230282307,6.140203424,1.359174124,0.6352644541,0.2234951691,6.165940956,66,23.71170992
13,6000,0.2,0.1932931404,3.868704347,0.129961504,6.102587867,1.487310738,0.6339448822,0.1304108105,6.144856875,66,16.4430954
13,8000,0.01,0.8234943182,6.56561941,0.8169701593,9.586905846,1.007985798,0.6848528102,0.8180554765,9.612394524,93,28.41459527
13,8000,0.02,0.7134024762,5.667163953,0.7085444114,8.651217471,1.006856401,0.6550712627,0.709599543,8.677002641,94,33.21457528
13,8000,0.05,0.5401069065,4.868078305,0.5131466815,7.943161094,1.052539022,0.6128641038,0.5141778883,7.97511793,96,27.60955253
13,8000,0.1,0.4300164453,4.667762926,0.3709195058,7.732175568,1.15932551,0.6036804112,0.3719384581,7.77471601,97,18.51890015
13,8000,0.2,0.3433425702,4.567773287,0.2880828714,7.676591655,1.191818759,0.5950262163,0.289089927,7.730355813,97,28.15852566
13,10000,0.01,0.8666373355,7.933155721,0.8637307125,10.77686423,1.003365196,0.7361283903,0.9106668313,11.97994224,108,37.69011827
13,10000,0.02,0.7865596259,6.632344704,0.7889264219,9.515066879,0.9969999787,0.6970360575,0.8225164897,10.34256049,122,23.33105467
13,10000,0.05,0.6935584987,5.135210047,0.7146212731,8.578370844,0.9705259622,0.598622995,0.7334867842,9.037275519,133,46.18349125
13,10000,0.1,0.6867336741,4.967479735,0.7197295699,8.716330034,0.9541551478,0.5699049617,0.7307506438,8.985316666,134,47.01015864
13,10000,0.2,0.7267579567,5.167049527,0.7347088841,9.126798888,0.9891781254,0.5661403949,0.7410149091,9.284142337,131,37.81917403
13,12000,0.01,0.9067260135,8.932788845,0.8977680825,11.52853425,1.009978001,0.7748416798,0.9835487691,13.83686074,92,20.41386049
13,12000,0.02,0.8466681784,6.831092966,0.8543961623,9.445223598,0.9909550343,0.7232325308,0.9397865775,11.42752398,111,33.61473628
13,12000,0.05,0.8168224144,4.866552518,0.8519397143,8.027105882,0.9587795952,0.6062648966,0.936162239,9.692671692,130,37.76389414
13,12000,0.1,0.8468935155,4.767508251,0.8791895641,8.170149357,0.9632661147,0.583527674,0.9614828652,9.771203203,140,39.43126385
13,12000,0.2,0.8869178813,5.067349185,0.9036086821,8.861921668,0.9815287291,0.5718115523,0.9822719498,10.47202334,143,40.14588103
13,14000,0.01,0.9268011006,9.601608122,0.923809397,12.58916132,1.003238443,0.7626884651,1.0101109,15.05116658,72,25.96947761
13,14000,0.02,0.8868150988,6.866091634,0.9019952327,9.881644654,0.9831704943,0.6948328821,0.9882507826,11.86192249,90,31.98170748
13,14000,0.05,0.8899109794,4.766527305,0.9152676541,8.273091597,0.9722958912,0.5761482572,1.001460573,9.904654149,112,39.7478514
13,14000,0.1,0.9169374185,4.667416918,0.9352699312,8.294788497,0.9803986934,0.5626926979,1.021395439,9.892799355,124,43.30542046
13,14000,0.2,0.9399636976,4.867432201,0.9513839285,8.863769428,0.987996191,0.5491379532,1.037398403,10.5389654,132,45.89123147
14,6000,0.01,0.7352110601,4.86710086,0.7359840435,7.483593577,0.998949728,0.6503694796,0.7366143899,7.496417975,63,22.83152154
14,6000,0.02,0.6108713982,4.426172941,0.6004550038,6.715484804,1.017347502,0.6590995395,0.6010103722,6.727913022,64,12.58032629
14,6000,0.05,0.4265756854,4.026951381,0.3666817116,6.216593798,1.163340499,0.6477745711,0.3671751191,6.233335171,66,12.9342041
14,6000,0.1,0.3009382356,3.869857684,0.2211254351,6.099406894,1.360939032,0.6344645883,0.2215929535,6.125225721,66,23.54560285
14,6000,0.2,0.1911583321,3.827707745,0.1288635766,6.062120977,1.483416316,0.6314139489,0.1293134365,6.10452031,66,19.21683593
14,8000,0.01,0.8213413964,6.523053041,0.8151892205,9.540026054,1.00754693,0.683756313,0.8162746132,9.565447313,93,32.78126728
14,8000,0.02,0.7110967458,5.624420128,0.7059182139,8.596769478,1.007335881,0.6542481037,0.7069734363,8.622489975,95,27.50376539
14,8000,0.05,0.5367304565,4.82556868,0.5099076104,7.886586427,1.052603345,0.6118703858,0.51093894,7.918521213,96,33.90029445
14,8000,0.1,0.4268010867,4.626499877,0.3685548757,7.679057082,1.158039453,0.6024828084,0.3695739461,7.721581653,97,28.54837086
14,8000,0.2,0.3412399861,4.526743099,0.2865594444,7.624264915,1.190817447,0.5937284643,0.2875665966,7.67795213,98,19.18918332
14,10000,0.01,0.8655110979,7.879047295,0.8623209233,10.725619,1.003699521,0.7346007064,0.9092746381,11.92544719,108,20.67877649
14,10000,0.02,0.7853763012,6.579664649,0.7870549019,9.4536815,0.9978672381,0.695989668,0.8206707162,10.27847737,123,42.9494476
14,10000,0.05,0.6913988517,5.082446331,0.7130203995,8.516260828,0.9696761162,0.5967931741,0.7319040922,8.973324939,134,26.87617477
14,10000,0.1,0.6856753563,4.926029705,0.7186669594,8.656843438,0.9540933354,0.5690330131,0.7296956376,8.924578328,134,46.96256106
14,10000,0.2,0.7257330847,5.125939171,0.7337361814,9.064541441,0.989092678,0.5654934896,0.7400460432,9.221115253,131,25.07268716
14,12000,0.01,0.9056203774,8.87589073,0.8967070952,11.46622611,1.009940015,0.7740899789,0.9824880162,13.76492385,92,33.22979407
14,12000,0.02,0.8455932467,6.777466208,0.8532799684,9.3773036,0.9909915597,0.7227521361,0.938670889,11.34805874,111,38.92044002
14,12000,0.05,0.8157889839,4.824722966,0.8513242609,7.969505461,0.9582588226,0.6053980375,0.9355474632,9.624385353,130,45.32468765
14,12000,0.1,0.8458787938,4.726189646,0.8788030195,8.115269103,0.9625351473,0.5823823691,0.9610971115,9.706315164,140,48.86408868
14,12000,0.2,0.8859096882,5.026228542,0.9033022776,8.803932159,0.980745549,0.5709072323,0.9819666648,10.40408679,143,41.35120808
14,14000,0.01,0.925716865,9.531686888,0.9230392538,12.51242783,1.002900864,0.761777572,1.009340786,14.96156039,72,21.60925081
14,14000,0.02,0.8857502288,6.792300104,0.901318809,9.807964998,0.9827268885,0.692528991,0.9875743818,11.77502045,91,32.2498854
14,14000,0.05,0.8899002173,4.724970185,0.9149497181,8.214354137,0.9726219919,0.5752089703,1.001142649,9.834921392,112,39.36345836
14,14000,0.1,0.9159312246,4.626218192,0.9350647758,8.239063867,0.9795377265,0.5614980375,1.021190296,9.826703063,124,43.78157345
14,14000,0.2,0.939961056,4.826356047,0.9512330952,8.805838119,0.9881500767,0.5480859382,1.037247585,10.47036107,132,38.26525263
15,6000,0.01,0.7342192243,4.837236251,0.7339411788,7.442926254,1.000378839,0.649910544,0.7345717581,7.455721206,63,12.47121419
15,6000,0.02,0.6089235526,4.386902416,0.5977261568,6.674841605,1.018733321,0.6572294409,0.5982818814,6.687258989,65,19.05782681
15,6000,0.05,0.4236704657,3.988140747,0.3640607595,6.177360904,1.163735598,0.6456059164,0.3645546749,6.194133728,66,12.98396919
15,6000,0.1,0.2990249128,3.840999044,0.2194346115,6.06155401,1.362706233,0.6336657296,0.219902652,6.087439425,66,19.56295444
15,6000,0.2,0.1892151095,3.788747924,0.1278884795,6.024470301,1.479532091,0.62889312,0.1283388368,6.066975167,66,23.50877826
15,8000,0.01,0.8193753657,6.48334021,0.8135921471,9.497151271,1.007108253,0.6826615713,0.8146776078,9.52250958,93,26.93808546
15,8000,0.02,0.7091139229,5.584753503,0.7036147594,8.54688011,1.007815589,0.653425979,0.7046700619,8.572537069,95,17.89770801
15,8000,0.05,0.5337842432,4.786988845,0.507077644,7.836240064,1.052667672,0.6108782791,0.5081090819,7.868151608,97,32.04333974
15,8000,0.1,0.4238835885,4.587916338,0.3664420326,7.630153157,1.156754823,0.6012875815,0.3674612095,7.672655325,98,34.9310038
15,8000,0.2,0.3393122409,4.488090237,0.2851801978,7.575685566,1.189816977,0.5924335426,0.2861874381,7.629293854,98,28.49123732
15,10000,0.01,0.8645557358,7.829850917,0.8610821663,10.68081462,1.004033958,0.733076193,0.9080513737,11.87780052,108,26.86003616
15,10000,0.02,0.7843992593,6.530159437,0.7853925832,9.396658515,0.9987352518,0.6949448495,0.8190313024,10.21882245,123,43.6831677
15,10000,0.05,0.6894318898,5.033681127,0.7116150557,8.460409838,0.9688270143,0.5949689463,0.7305147564,8.915775654,134,31.02701553
15,10000,0.1,0.6847142798,4.887526001,0.717706135,8.602339777,0.9540315269,0.5681623986,0.7287417079,8.868915708,135,49.53918432
15,10000,0.2,0.7247775694,5.087514977,0.7328334329,9.006885163,0.989007238,0.5648473234,0.739146865,9.162744056,132,49.7817792
15,12000,0.01,0.904662989,8.827630261,0.8957928211,11.41495538,1.009902031,0.7733390073,0.9815739442,13.70582259,92,20.72594554
15,12000,0.02,0.8446203145,6.728705465,0.8522667784,9.316026234,0.9910280864,0.7222720606,0.9376581584,11.27635284,111,39.36913012
15,12000,0.05,0.8148055179,4.785945228,0.8507600562,7.916771849,0.9577383329,0.6045324179,0.93498388,9.561855877,130,25.20654857
15,12000,0.1,0.8448936398,4.687549989,0.8784461226,8.064750424,0.9618047347,0.5812393121,0.9607409451,9.646577807,140,30.17383776
15,12000,0.2,0.8849232822,4.987712678,0.9030170401,8.750306455,0.9799629939,0.5700043425,0.9816824698,10.34125967,143,40.70747754
15,14000,0.01,0.9247519023,9.474263146,0.9223874557,12.45191814,1.002563399,0.7608677668,1.008689013,14.89100677,72,27.21818592
15,14000,0.02,0.8847732837,6.724059609,0.9007311016,9.741728012,0.9822834829,0.6902327391,0.9869866942,11.69683269,91,31.33388514
15,14000,0.05,0.8899124031,4.686328401,0.9146554783,8.160479369,0.972948202,0.5742712148,1.000848422,9.770959397,112,21.25919482
15,14000,0.1,0.9149398529,4.587596086,0.9348736823,8.187663159,0.9786775157,0.5603059135,1.020999214,9.765734535,124,28.2323513
15,14000,0.2,0.939968208,4.787796641,0.9510921954,8.752252462,0.9883039863,0.5470359387,1.0371067,10.40690237,132,45.50779629
16,6000,0.01,0.733538572,4.811467331,0.7322132702,7.408504144,1.001809994,0.6494519322,0.7328440473,7.421273994,63,22.47622544
16,6000,0.02,0.6072738077,4.349832002,0.595295844,6.63726982,1.020121027,0.6553646484,0.5958518883,6.649674878,65,23.22736404
16,6000,0.05,0.4209855212,3.950358588,0.3616307634,6.139392679,1.164130831,0.643444522,0.362125155,6.156190691,66,25.06855512
16,6000,0.1,0.2972388115,3.81281248,0.2178410399,6.024657942,1.364475728,0.6328678768,0.2183095782,6.050601799,66,19.19816373
16,6000,0.2,0.1873613924,3.750627871,0.1269680289,5.987761054,1.475658037,0.6263823551,0.1274188611,6.030358673,66,25.35537647
16,8000,0.01,0.8176584492,6.450052287,0.8122409915,9.463541093,1.006669766,0.6815685824,0.8133265099,9.488853068,93,26.70817638
16,8000,0.02,0.7074357318,5.54896778,0.7016154633,8.502798381,1.008295525,0.6526048874,0.7026708357,8.528397496,95,18.08607799
16,8000,0.05,0.5311135951,4.749868093,0.5045097837,7.788101747,1.052732003,0.609887781,0.5055413206,7.819981913,97,34.89917695
16,8000,0.1,0.4211196632,4.55028848,0.3644569514,7.582617019,1.155471618,0.6000947257,0.3654762292,7.625088979,98,28.3598195
16,8000,0.2,0.3374564398,4.450331645,0.2838589464,7.528370209,1.188817348,0.5911414452,0.2848662716,7.581896601,98,29.01921744
16,10000,0.01,0.8637874854,7.789405457,0.8600304366,10.64773958,1.004368507,0.7315548433,0.907012821,11.84286095,108,41.58831176
16,10000,0.02,0.7836395008,6.486430179,0.7839499289,9.347766579,0.9996040206,0.6939015994,0.817608584,10.16768525,123,23.6048259
16,10000,0.05,0.6875808559,4.98699925,0.710326464,8.407648607,0.9679786559,0.5931502947,0.729240889,8.861364189,134,25.73960805
16,10000,0.1,0.6837931765,4.850081566,0.716787085,8.549515988,0.9539697224,0.5672931161,0.7278292671,8.814957363,135,47.19506079
16,10000,0.2,0.723842921,5.050046959,0.7319516236,8.95077985,0.9889218053,0.5642018956,0.7382685504,9.105941483,132,45.75687312
16,12000,0.01,0.903841856,8.789826891,0.8950134013,11.3771094,1.009864047,0.7725887642,0.9807946969,13.66246542,92,32.2891244
16,12000,0.02,0.8437702571,6.686305834,0.8513776446,9.263476208,0.9910646144,0.7217923039,0.9367694281,11.21488755,111,38.59223592
16,12000,0.05,0.8138559001,4.749179112,0.8502303478,7.867203214,0.9572181259,0.6036680359,0.9344547559,9.503065462,131,37.82174732
16,12000,0.1,0.8439223372,4.650071763,0.8781025891,8.016003788,0.9610748763,0.5800984986,0.9603981152,9.588926649,140,26.40612178
16,12000,0.2,0.8839442202,4.950172273,0.9027382712,8.698202804,0.9791810632,0.5691028807,0.98140472,10.28021281,143,39.97942505
16,14000,0.01,0.9238450849,9.43269304,0.9217931302,12.41210703,1.002226047,0.7599590481,1.00809471,14.84503578,73,26.04629729
16,14000,0.02,0.8838604714,6.662192482,0.9002079989,9.684206134,0.9818402774,0.6879441009,0.9864636091,11.62894796,91,26.31100091
16,14000,0.05,0.8899400497,4.649541485,0.9143772184,8.109641975,0.9732745215,0.5733349881,1.000570173,9.710598369,112,39.34380263
16,14000,0.1,0.9139553489,4.550136276,0.934688554,8.138085243,0.9778180603,0.5591163204,1.020814097,9.706925646,124,43.31240511
16,14000,0.2,0.9399784053,4.750219813,0.9509543972,8.700228288,0.9884579199,0.5459879506,1.036968916,10.34529175,132,38.24648836
17,6000,0.01,0.7322173804,4.77889056,0.729850332,7.363539849,1.003243197,0.6489936441,0.7304813806,7.37627879,63,12.43215056
17,6000,0.02,0.6049175981,4.308644105,0.5921794488,6.593129564,1.021510624,0.653505147,0.5927359061,6.605526208,65,23.51004261
17,6000,0.05,0.4177485548,3.910257049,0.358728344,6.097482935,1.164526199,0.6412903637,0.3592233112,6.114320947,66,23.66276978
17,6000,0.1,0.2950908441,3.782727887,0.2159863711,5.984656338,1.366247521,0.6320710286,0.216455496,6.010682059,66,23.54802444
17,6000,0.2,0.1852864823,3.710865517,0.1258915761,5.948028333,1.471794127,0.6238816141,0.1263429702,5.990759052,66,23.18336255
17,8000,0.01,0.815441146,6.406288921,0.8103912167,9.414404436,1.006231471,0.6804773435,0.8114768143,9.439644346,93,26.75328274
17,8000,0.02,0.7051230591,5.506453713,0.698988949,8.448269244,1.00877569,0.6517848276,0.7000444137,8.473802071,95,33.55834215
17,8000,0.05,0.5278444982,4.709149719,0.5013737978,7.733877996,1.052796338,0.608898889,0.5024054569,7.765738191,97,28.27111356
17,8000,0.1,0.4179886632,4.510186916,0.3621489726,7.530731364,1.154189836,0.5989042363,0.3631683686,7.573186831,98,34.43100092
17,8000,0.2,0.3353903478,4.410326283,0.2823582318,7.477002779,1.187818558,0.5898521658,0.283365654,7.530452159,98,19.07259686
17,10000,0.01,0.8626339343,7.735119259,0.8585958152,10.59552181,1.004703167,0.7300366509,0.9055962065,11.78729097,108,30.5220889
17,10000,0.02,0.7824273066,6.432611795,0.7820569674,9.284144821,1.000473545,0.6928599154,0.8157418622,10.10114551,123,30.85288881
17,10000,0.05,0.6854749874,4.936312679,0.7087715715,8.347712033,0.9671310404,0.5913372023,0.7277038231,8.799625556,134,44.62922146
17,10000,0.1,0.682745757,4.809809625,0.7157354932,8.49151827,0.9539079219,0.5664251636,0.7267852566,8.755731942,135,36.35736143
17,10000,0.2,0.722811318,5.009817175,0.7309716072,8.88963379,0.9888363801,0.5635572053,0.7372924273,9.044038465,132,45.70923395
17,12000,0.01,0.9027421718,8.735158045,0.893958081,11.31732813,1.009826066,0.7718392489,0.9797396103,13.59348875,92,32.48288923
17,12000,0.02,0.8426364959,6.633045656,0.8502023242,9.195795569,0.9911011438,0.7213128659,0.9355946425,11.13576827,112,27.34520581
17,12000,0.05,0.8128212253,4.708283174,0.8496109055,7.810625384,0.9566982015,0.6028048899,0.9338359968,9.435976994,131,45.74838071
17,12000,0.1,0.8429086505,4.60982007,0.8777138931,7.962243804,0.9603455718,0.5789599243,0.9600102153,9.525356412,140,48.69734327
17,12000,0.2,0.8829355863,4.909972238,0.9024282565,8.641231359,0.9783997564,0.5682028445,0.981095839,10.21346559,143,32.60413728
17,14000,0.01,0.9227833431,9.368084081,0.9210436678,12.34183074,1.001888809,0.7590514148,1.007345276,14.76304188,73,21.49938774
17,14000,0.02,0.8828154244,6.589576685,0.8995494993,9.6105174,0.9813972718,0.6856630513,0.9858051317,11.54193931,91,32.23834983
17,14000,0.05,0.8899245506,4.60884966,0.9140547266,8.0517948,0.9736009504,0.5724002877,1.000247694,9.64191767,112,29.15717392
17,14000,0.1,0.9129495811,4.509913363,0.9344806127,8.083306868,0.9769593597,0.557929253,1.020606168,9.64194949,124,33.04461262
17,14000,0.2,0.939973563,4.710058136,0.9508014059,8.643228807,0.9886118775,0.5449419703,1.03681594,10.27778931,132,38.65291219
18,6000,0.01,0.7308078539,4.743385339,0.7274047272,7.313992877,1.00467845,0.6485356793,0.7280360582,7.326694347,63,16.73038508
18,6000,0.02,0.6025357094,4.265601527,0.5890453267,6.545838248,1.022902113,0.6516509216,0.5896022028,6.558220807,65,15.56620753
18,6000,0.05,0.4145101994,3.867922886,0.3558266613,6.051729209,1.164921701,0.6391434172,0.3563222115,6.068597106,66,19.12196127
18,6000,0.1,0.2929494812,3.750274913,0.2141409742,5.940792558,1.368021614,0.6312751836,0.2146106907,5.966883306,66,23.59394765
18,6000,0.2,0.1832320148,3.669031863,0.1248225221,5.904547552,1.467940335,0.621390857,0.1252744816,5.947383539,66,19.28190256
18,8000,0.01,0.8130011072,6.356303458,0.8083182235,9.355927461,1.005793366,0.6793878517,0.8094039106,9.381077037,94,27.77479991
18,8000,0.02,0.7027783278,5.461318745,0.6963330115,8.389563259,1.009256083,0.6509657983,0.6973885702,8.415017713,95,33.44852028
18,8000,0.05,0.524549472,4.665631924,0.4982135659,7.674852596,1.052860676,0.6079116003,0.4992453492,7.706674226,97,28.07733506
18,8000,0.1,0.4148218131,4.46723153,0.3598043228,7.473834928,1.152909476,0.5977161087,0.36082384,7.516249642,98,24.34218677
18,8000,0.2,0.333263017,4.367633002,0.2808031938,7.420807931,1.186820608,0.5885656984,0.2818107172,7.474155264,98,34.44631973
18,10000,0.01,0.861223047,7.668805039,0.8569060077,10.52653064,1.005037938,0.7285216092,0.9039277046,11.71348911,109,38.08272071
18,10000,0.02,0.7811389301,6.374205182,0.7800906241,9.213678513,1.001343826,0.6918197952,0.8138028736,10.02723923,123,27.0887539
18,10000,0.05,0.6833331779,4.882966365,0.7071762129,8.282817242,0.9662841671,0.5895296519,0.7261268227,8.7326841,134,46.56610278
18,10000,0.1,0.6816325404,4.766539156,0.7146147813,8.428020845,0.9538461255,0.565558539,0.7256726464,8.690867265,135,46.79756985
18,10000,0.2,0.7216914779,4.966477314,0.7299021751,8.822811151,0.9887509622,0.5629132517,0.736227254,8.976384526,132,45.96035887
18,12000,0.01,0.9014085107,8.662169239,0.892670971,11.23366152,1.009788085,0.7710904608,0.9784527864,13.49640987,93,17.98360461
18,12000,0.02,0.8414425926,6.571383533,0.8489664092,9.116364996,0.9911376745,0.7208337463,0.9343592897,11.04252794,112,21.12803585
18,12000,0.05,0.8117534,4.66443063,0.8489558692,7.748957627,0.9561785594,0.601942978,0.9331816834,9.362793984,131,38.10810183
18,12000,0.1,0.8418641182,4.566721861,0.8772919567,7.9033151,0.9596168206,0.5778235846,0.9595891436,9.455655779,140,49.56897158
18,12000,0.2,0.8818978156,4.866821832,0.902087367,8.578856916,0.977619073,0.5673042318,0.9807561966,10.14038266,143,40.92680621
18,14000,0.01,0.9215718132,9.276567248,0.9201440404,12.2358769,1.001551684,0.7581448655,1.006445683,14.63875514,73,26.25756558
18,14000,0.02,0.8816957618,6.507588872,0.8988141572,9.522517176,0.9809544661,0.6833895651,0.9850698146,11.43789165,91,32.02042058
18,14000,0.05,0.8898810333,4.564718011,0.9137035801,7.987717791,0.9739274889,0.5714671111,0.9998965621,9.56582012,112,32.9758453
18,14000,0.1,0.9119246417,4.466732375,0.9342519428,8.022945396,0.9761014132,0.5567447059,1.020377512,9.570344565,124,35.79525143
18,14000,0.2,0.9399529196,4.666998642,0.9506324587,8.580650592,0.988765859,0.5438979938,1.03664701,10.20367786,132,25.15679593
19,6000,0.01,0.7303678579,4.721202742,0.7259282574,7.284929387,1.006115757,0.6480780377,0.7265597596,7.297609565,63,22.79818824
19,6000,0.02,0.6012396074,4.232515894,0.5869786682,6.513547468,1.024295498,0.6498019574,0.5875358225,6.525918524,65,23.41792292
19,6000,0.05,0.4122316915,3.833758766,0.3537505867,6.018425038,1.165317337,0.6370036583,0.3542465587,6.035312998,66,23.75156336
19,6000,0.1,0.29144765,3.724969418,0.2127668806,5.908145231,1.369798012,0.6304803407,0.2132370429,5.934285168,66,19.87274064
19,6000,0.2,0.1815919109,3.63426325,0.1240300038,5.872037927,1.464096633,0.6189100438,0.1244823873,5.914951047,66,23.31830932
19,8000,0.01,0.8114688882,6.327308268,0.8071462547,9.328184129,1.005355453,0.6783001043,0.8082319923,9.353296735,94,21.82569593
19,8000,0.02,0.7013310609,5.430399039,0.6945682544,8.35256084,1.009736705,0.6501477982,0.695623876,8.37796898,96,20.05645278
19,8000,0.05,0.5222395424,4.63261623,0.4959892993,7.632918836,1.052925019,0.6069259125,0.4970211708,7.664711394,98,34.51305089
19,8000,0.1,0.4123857495,4.433395881,0.3580885853,7.43197051,1.151630536,0.5965303381,0.3591081919,7.474353735,98,28.49135862
19,8000,0.2,0.3316127304,4.333571946,0.2796476303,7.379030304,1.185823495,0.5872820367,0.2806552293,7.432300903,99,18.63359265
19,10000,0.01,0.8605871245,7.633226762,0.855988054,10.4994839,1.005372821,0.7270097117,0.9030213244,11.68499569,109,31.26503515
19,10000,0.02,0.780520567,6.336715756,0.7787956407,9.173259813,1.002214864,0.6907812364,0.8125260047,9.985072189,124,43.05147348
19,10000,0.05,0.6816471494,4.841137887,0.7060496111,8.237043261,0.9654380354,0.5877276267,0.7250132367,8.685459149,135,47.21691887
19,10000,0.1,0.680812018,4.733041314,0.713800798,8.381614964,0.953784333,0.5646932404,0.7248645618,8.643455168,135,26.12648733
19,10000,0.2,0.7208423943,4.932996845,0.7291064132,8.773358969,0.9886655517,0.5622700339,0.7354346696,8.926316084,132,45.50126976
19,12000,0.01,0.9006860499,8.629693081,0.8919890616,11.20241219,1.009750106,0.7703423991,0.9777710284,13.46067444,93,32.50856687
19,12000,0.02,0.8407049452,6.534865476,0.8481909028,9.071729875,0.9911742066,0.720354945,0.9335841364,10.99030681,112,39.16526369
19,12000,0.05,0.8108712944,4.631883946,0.8484942066,7.705906425,0.9556591996,0.6010822985,0.9327205306,9.311701399,131,39.17524678
19,12000,0.1,0.8409302871,4.533102733,0.8769843205,7.860560886,0.9588886225,0.5766894752,0.9592821382,9.405082175,140,48.59801064
19,12000,0.2,0.8809475115,4.833164568,0.9018348983,8.533023471,0.9768390126,0.5664070401,0.9805046517,10.0866786,143,49.89885643
19,14000,0.01,0.9207730459,9.236764426,0.9196559649,12.19794485,1.001214673,0.7572393989,1.005957626,14.59470281,73,26.19577656
19,14000,0.02,0.8808489013,6.452567003,0.8983561923,9.473415458,0.9805118603,0.6811236172,0.9846118652,11.37992978,91,32.13485312
19,14000,0.05,0.889938244,4.532023425,0.9134559561,7.943456235,0.9742541368,0.5705354559,0.9996489482,9.513258769,112,21.40742654
19,14000,0.1,0.9109612551,4.433096781,0.9340852644,7.979471967,0.9752442201,0.5555626738,1.020210843,9.518773254,124,24.07175352
19,14000,0.2,0.9399759699,4.633247573,0.9505077243,8.534947436,0.9889198646,0.5428560173,1.036522289,10.14955124,132,45.81469127
20,6000,0.01,0.73,4.7,0.7245261188,7.25733421,1.007555119,0.6476207191,0.7251577841,7.269994083,63,19.19919999
20,6000,0.02,0.6,4.2,0.5849716221,6.481899211,1.025690781,0.6479582393,0.5855290479,6.494258441,65,19.48477728
20,6000,0.05,0.41,3.8,0.3517160419,5.98546732,1.165713107,0.634871063,0.3522124312,6.002374245,66,12.94556296
20,6000,0.1,0.29,3.7,0.2114354937,5.875939865,1.371576716,0.6296864986,0.2119060923,5.9021255,66,23.5258721
20,6000,0.2,0.18,3.6,0.1232654669,5.839992622,1.460262996,0.6164391349,0.1237182632,5.882976012,66,19.39225274
20,8000,0.01,0.81,6.3,0.8060361324,9.302818732,1.004917729,0.6772140984,0.8071219181,9.327898678,94,33.15084471
20,8000,0.02,0.7,5.4,0.6929200502,8.316253879,1.010217557,0.649330826,0.6939757307,8.34161321,96,33.82825949
20,8000,0.05,0.52,4.6,0.4938321478,7.591487872,1.052989365,0.6059418229,0.4948641054,7.623248782,98,28.52518851
20,8000,0.1,0.41,4.4,0.3564123313,7.390648801,1.150353015,0.5953469199,0.3574320259,7.432998541,98,26.78299611
20,8000,0.2,0.33,4.3,0.2785216225,7.337869249,1.184827221,0.5860011747,0.2795292957,7.391061167,99,34.68418972
20,10000,0.01,0.86,7.6,0.8551191378,10.47552037,1.005707815,0.7255009518,0.9021633785,11.65984403,109,31.03349154
20,10000,0.02,0.78,6.3,0.7775998142,9.133820428,1.003086659,0.6897442368,0.8113469043,9.943821955,124,23.49669052
20,10000,0.05,0.68,4.8,0.7049607975,8.192089343,0.9645926446,0.5859311098,0.7239370256,8.639056706,135,33.8165875
20,10000,0.1,0.68,4.7,0.7129956232,8.335856767,0.9537225446,0.5638292657,0.7240652338,8.596702671,135,47.03430825
20,10000,0.2,0.72,4.9,0.7283172751,8.72464321,0.9885801486,0.561627551,0.7346486889,8.876992831,132,28.82805574
20,12000,0.01,0.9,8.6,0.8913431602,11.17470786,1.009712129,0.7695950632,0.9771252705,13.42909654,93,30.32476612
20,12000,0.02,0.84,6.5,0.8474484447,9.029327038,0.9912107401,0.7198764618,0.9328420165,10.94069743,112,26.47453815
20,12000,0.05,0.81,4.6,0.8480431105,7.663820201,0.955140122,0.6002228497,0.9322699328,9.26174463,131,31.82177918
20,12000,0.1,0.84,4.5,0.87667941,7.818505157,0.958160977,0.5755575918,0.958977853,9.355333388,141,39.82963361
20,12000,0.2,0.88,4.8,0.901584312,8.487894542,0.9760595746,0.5655112674,0.9802549827,10.03379906,143,49.62932621
20,14000,0.01,0.92,9.2,0.9191931553,12.16392185,1.000877775,0.7563350137,1.005494834,14.55525254,73,21.93437219
20,14000,0.02,0.88,6.4,0.8978955485,9.427497777,0.9800694541,0.6788651826,0.9841512369,11.32578954,92,20.88275384
20,14000,0.05,0.89,4.5,0.9132130593,7.900207118,0.9745808943,0.5696053196,0.9994060613,9.461896835,112,39.12594684
20,14000,0.1,0.91,4.4,0.9339197585,7.936749143,0.9743877798,0.5543831512,1.020045347,9.468092343,125,43.5862322
20,14000,0.2,0.94,4.6,0.9503839962,8.489966494,0.9890738941,0.541816037,1.036398573,10.0962794,132,45.93906928
21,6000,0.01,0.7273935557,4.674180407,0.7219763286,7.212076478,1.007503331,0.6481046647,0.7226082916,7.224707806,63,22.67083055
21,6000,0.02,0.5971886017,4.175132314,0.5815778528,6.438027584,1.026842062,0.6485110943,0.5821357412,6.450385081,65,23.32414209
21,6000,0.05,0.4073231184,3.766914785,0.3487951207,5.946670846,1.167800506,0.6334493504,0.3492921159,5.963629641,66,23.65483745
21,6000,0.1,0.2875113527,3.667487999,0.2096224366,5.839428559,1.37156765,0.6280559753,0.2100936363,5.865710376,66,18.78356882
21,6000,0.2,0.1787077267,3.578165564,0.1222164733,5.803734946,1.462222905,0.6165280802,0.1226698424,5.846873392,66,23.36418704
21,8000,0.01,0.8086082621,6.273375119,0.8040551926,9.254251778,1.005662633,0.6778911218,0.8051410645,9.279264283,94,28.33296119
21,8000,0.02,0.6973490318,5.362857656,0.690073999,8.261227385,1.010542395,0.6491599136,0.6911297817,8.286525349,96,28.21293395
21,8000,0.05,0.5173007781,4.565832507,0.4905783848,7.540122755,1.0544712,0.6055382193,0.4916104735,7.571882251,98,18.85567224
21,8000,0.1,0.407532504,4.356391339,0.3541478675,7.34316476,1.150741093,0.5932580136,0.3551676818,7.385516825,99,34.94588762
21,8000,0.2,0.3287629889,4.26730376,0.2770900932,7.291012753,1.186484096,0.5852827179,0.2780978611,7.344143561,99,34.94280876
21,10000,0.01,0.8587237885,7.573127336,0.8535934883,10.42402436,1.006010238,0.726507064,0.9006570237,11.60518616,109,22.65219238
21,10000,0.02,0.7775803111,6.261398201,0.7755952618,9.070273043,1.002559388,0.6903208064,0.8093704722,9.877448609,124,43.07973691
21,10000,0.05,0.677684112,4.765168946,0.7033599004,8.134836152,0.9634955187,0.5857731928,0.7223547167,8.580144976,135,38.96564276
21,10000,0.1,0.678879451,4.656133432,0.7119669605,8.282432947,0.9535266223,0.5621697709,0.7230440582,8.542161366,135,33.95041843
21,10000,0.2,0.7189309228,4.856385555,0.7273814888,8.668748739,0.9883822092,0.5602175932,0.7337166552,8.820408143,132,29.08520985
21,12000,0.01,0.898810187,8.562290253,0.8902302908,11.11539933,1.009637839,0.7703088302,0.9760126484,13.36076196,93,28.27212547
21,12000,0.02,0.8387901121,6.45115714,0.8462713302,8.962198303,0.9911597878,0.7198186117,0.9316654389,10.86213667,112,37.3361405
21,12000,0.05,0.8099160833,4.554897136,0.8474302846,7.610697147,0.9557318142,0.5984861896,0.9316577843,9.198760543,131,33.74826223
21,12000,0.1,0.8399665096,4.466836087,0.8763029329,7.768986134,0.9585344042,0.5749574024,0.9586021482,9.296781237,141,49.06597358
21,12000,0.2,0.8799814895,4.767069981,0.9012869871,8.435754098,0.9763610282,0.5651030039,0.9799587464,9.972712453,143,49.62639801
21,14000,0.01,0.9198404155,9.165921656,0.9183726924,12.09952008,1.001598178,0.7575442328,1.004674403,14.48041124,74,16.15850868
21,14000,0.02,0.8798974872,6.352209001,0.8972322517,9.356541613,0.9806797354,0.6789056538,0.9834879626,11.24200304,92,21.12861574
21,14000,0.05,0.8889623519,4.466166126,0.9129010789,7.846548609,0.9737773045,0.5691886138,0.9990940937,9.398185481,112,32.20394557
21,14000,0.1,0.9099855855,4.366967387,0.9337209647,7.886534416,0.9745797941,0.5537245077,1.019846566,9.408527489,125,43.56500463
21,14000,0.2,0.9389865249,4.567127557,0.9502382544,8.437907713,0.9881590439,0.5412630373,1.036252847,10.03462677,132,45.85104364
22,6000,0.01,0.7259320063,4.658834025,0.7205627013,7.183029973,1.007451545,0.6485889719,0.72119483,7.195638428,63,15.39652475
22,6000,0.02,0.5959034866,4.15850625,0.5796756773,6.406923743,1.027994636,0.6490644211,0.5802338268,6.41926769,65,23.37663117
22,6000,0.05,0.4057964787,3.737443057,0.3468667216,5.913387339,1.169891643,0.6320308215,0.3473641213,5.930358848,66,23.76022757
22,6000,0.1,0.2857681477,3.637405518,0.2083528557,5.806566433,1.371558584,0.6264296741,0.2088244811,5.832883556,66,15.64007413
22,6000,0.2,0.1778799095,3.558518774,0.1214872816,5.771035428,1.464185446,0.6166170383,0.1219410532,5.814227159,66,23.34667292
22,8000,0.01,0.8080522738,6.259573421,0.8029071735,9.224669949,1.006408089,0.6785688221,0.8039930954,9.249639326,94,33.15464053
22,8000,0.02,0.6959412161,5.337641411,0.6884594938,8.224547768,1.010867338,0.6489890462,0.689515335,8.249793914,96,28.79543541
22,8000,0.05,0.5158667975,4.537759215,0.4885309876,7.498756609,1.05595512,0.6051348845,0.4895631593,7.530476937,98,28.59205835
22,8000,0.1,0.4058017101,4.316241713,0.3525248725,7.301105804,1.151129301,0.5911764367,0.3535447733,7.343413033,99,27.49802303
22,8000,0.2,0.3279022383,4.237536038,0.2759786983,7.2490399,1.188143289,0.5845651419,0.2769865402,7.302081864,99,19.33807699
22,10000,0.01,0.8580705185,7.561606249,0.8526877126,10.3937523,1.006312752,0.7275145715,0.8997627258,11.57306383,109,39.22573733
22,10000,0.02,0.775958317,6.238048722,0.7743844626,9.028901524,1.002032394,0.6908978579,0.8081767108,9.834093146,124,36.37849933
22,10000,0.05,0.6758968276,4.73755786,0.7023036991,8.089880353,0.9623996406,0.5856153185,0.7213108177,8.533694234,135,47.17467328
22,10000,0.1,0.6779664523,4.616394502,0.7111555556,8.235985087,0.9533307404,0.5605151604,0.722238574,8.49469318,136,47.0346365
22,10000,0.2,0.7179844358,4.816451274,0.7265693545,8.619103355,0.9881843094,0.558811175,0.7329077861,8.770141638,133,38.37204493
22,12000,0.01,0.8980618022,8.543393546,0.8895544993,11.08059121,1.009563554,0.7710232592,0.9753370073,13.32070522,93,17.91766069
22,12000,0.02,0.8379916896,6.418006857,0.8455092491,8.916861209,0.9911088382,0.7197607663,0.9309037057,10.80898215,112,33.03250145
22,12000,0.05,0.8099809986,4.51616071,0.8469735217,7.567869701,0.9563238731,0.5967545543,0.9312015265,9.147898505,131,45.75082266
22,12000,0.1,0.8399949733,4.437581838,0.875991225,7.726162225,0.9589079768,0.5743578389,0.9582910801,9.246113122,141,48.99546995
22,12000,0.2,0.8800000009,4.737644184,0.9010276664,8.389739397,0.976662575,0.5646950352,0.9797003755,9.918791636,143,41.09450708
22,14000,0.01,0.9200172135,9.148997775,0.9178885384,12.0579016,1.0023191,0.7587553851,1.004190267,14.43191151,74,14.15983829
22,14000,0.02,0.8799998569,6.318632875,0.8967782216,9.306530548,0.9812903967,0.6789461274,0.983033948,11.18290752,92,32.37152836
22,14000,0.05,0.8879826421,4.43765623,0.9126475092,7.802167774,0.9729743774,0.5687722129,0.9988405343,9.34547663,113,33.08192205
22,14000,0.1,0.9099983052,4.337604707,0.9335500494,7.842824607,0.9747718462,0.5530666468,1.019675661,9.356671797,125,43.545933
22,14000,0.2,0.9379910995,4.537612625,0.9501097109,8.391943135,0.9872450399,0.5407106021,1.036124316,9.980188652,132,45.46616027
23,6000,0.01,0.7238232217,4.636959944,0.7185064455,7.143965878,1.007399761,0.649073641,0.7191388162,7.156546482,63,18.45750687
23,6000,0.02,0.5938054085,4.137048197,0.5769870986,6.368430056,1.029148502,0.6496182199,0.5775456195,6.380765246,65,13.24568907
23,6000,0.05,0.4036624937,3.705547364,0.3444258834,5.876080662,1.171986524,0.6306154692,0.3449238002,5.893082372,66,19.23163394
23,6000,0.1,0.2836535862,3.605578003,0.2068125011,5.770701405,1.371549518,0.624807584,0.2072846486,5.797080203,66,23.70866269
23,6000,0.2,0.1768172188,3.537069234,0.1205996276,5.735422033,1.46615062,0.6167060093,0.1210538943,5.778711026,66,23.51646099
23,8000,0.01,0.8069329632,6.237896394,0.801201093,9.183543775,1.007154097,0.6792471999,0.8022870898,9.208456518,95,18.56460512
23,8000,0.02,0.6938563377,5.305532062,0.6861763867,8.177224169,1.011192386,0.6488182238,0.6872323108,8.202410613,96,18.61917447
23,8000,0.05,0.5137461651,4.505706948,0.4858390236,7.450752237,1.057441128,0.6047318184,0.4868713055,7.482447706,98,29.28356098
23,8000,0.1,0.4036825502,4.273806907,0.3505656675,7.254780531,1.15151764,0.5891021635,0.3515856734,7.297058971,99,28.8349576
23,8000,0.2,0.3268240696,4.205557032,0.2746871329,7.203165586,1.189804801,0.5838484457,0.2756950612,7.256124709,99,19.2118316
23,10000,0.01,0.8569700547,7.540510221,0.8513381494,10.35040114,1.006615356,0.7285234762,0.898430337,11.52714637,110,38.30857353
23,10000,0.02,0.7738805988,6.205075348,0.7727171364,8.97367487,1.001505677,0.6914753919,0.8065329088,9.776275421,124,43.19803129
23,10000,0.05,0.6738252741,4.705475717,0.7009484688,8.037262865,0.961305009,0.5854574867,0.7199714178,8.479426911,135,46.89614312
23,10000,0.1,0.6769201884,4.573938891,0.7102039694,8.184329768,0.9531348986,0.5588654198,0.7212939456,8.441925262,136,26.08274698
23,10000,0.2,0.7169403262,4.773969703,0.7256580561,8.564583284,0.9879864492,0.5574082876,0.7320001586,8.714942882,133,45.99848076
23,12000,0.01,0.8969843693,8.512804719,0.8885526486,11.03068768,1.009489275,0.7717383508,0.9743353803,13.26334917,94,32.8490977
23,12000,0.02,0.8369120107,6.374881396,0.8444632933,8.857656637,0.9910578913,0.7197029256,0.9298582287,10.73966575,113,32.78309623
23,12000,0.05,0.8099492981,4.473593006,0.8464160337,7.5182908,0.9569162986,0.5950279292,0.9306446558,9.089063382,132,38.51182835
23,12000,0.1,0.839978404,4.40554768,0.8756326826,7.678395362,0.9592816951,0.5737589005,0.9579332736,9.189609595,141,30.4830419
23,12000,0.2,0.8799870724,4.705583709,0.9007362388,8.33898477,0.9769642149,0.5642873609,0.9794100155,9.859320637,143,40.79675271
23,14000,0.01,0.9199992719,9.114878102,0.9172104564,11.99375818,1.00304054,0.7599684738,1.003512211,14.35696419,74,26.1161102
23,14000,0.02,0.8799699387,6.275054864,0.8961896829,9.241794805,0.9819014383,0.6789866034,0.9824454293,11.1064001,92,33.22886163
23,14000,0.05,0.8869643072,4.405421422,0.9123531688,7.751163914,0.9721721123,0.5683561167,0.9985462058,9.284901122,113,39.58012178
23,14000,0.1,0.9099887657,4.305541451,0.9333563344,7.794110937,0.9749639362,0.5524095674,1.019481957,9.298881484,125,23.91758421
23,14000,0.2,0.9369816434,4.505563195,0.9499658898,8.341183692,0.9863318814,0.5401587307,1.03598051,9.920072193,132,33.48134027
24,6000,0.01,0.7212804229,4.610273434,0.7160191283,7.09754735,1.007347981,0.6495586723,0.716651793,7.110095482,63,22.68517407
24,6000,0.02,0.5912006051,4.112163679,0.5738119987,6.324727259,1.030303665,0.6501724913,0.5743709618,6.337055376,65,12.7220667
24,6000,0.05,0.4011808276,3.671915375,0.3416965333,5.835817222,1.174085156,0.6292032864,0.3421950355,5.85285743,66,23.44497778
24,6000,0.1,0.2813216054,3.572357377,0.2051136041,5.732375567,1.371540453,0.6231896943,0.2055863346,5.758829118,66,19.47255971
24,6000,0.2,0.1756124311,3.514142764,0.1196173464,5.697424271,1.468118432,0.6167949931,0.1200721674,5.740833271,66,19.29357384
24,8000,0.01,0.805476074,6.206212015,0.799162167,9.127772257,1.007900658,0.6799262558,0.8002482535,9.152598974,95,33.44132344
24,8000,0.02,0.6912888371,5.268676348,0.6834175494,8.122557759,1.011517538,0.6486474464,0.6844735745,8.147679301,97,34.15513776
24,8000,0.05,0.5112306366,4.47089637,0.4827807407,7.398116285,1.058929227,0.6043290207,0.4838131489,7.429791298,98,34.51428539
24,8000,0.1,0.4013290056,4.229636437,0.3484042682,7.205081851,1.151906111,0.5870351683,0.3494243912,7.247336383,99,29.42087846
24,8000,0.2,0.3256000372,4.171809185,0.273276213,7.154134383,1.191468638,0.5831326282,0.2742842364,7.207010078,99,29.84748937
24,10000,0.01,0.8555766317,7.502355924,0.8496983742,10.2837677,1.006918052,0.72953378,0.8968114226,11.45578741,110,21.02910296
24,10000,0.02,0.7715005785,6.164891524,0.7707458358,8.908115252,1.000979237,0.6920534086,0.8045895158,9.707607122,124,23.52596353
24,10000,0.05,0.6715809866,4.670150462,0.6994093498,7.979075476,0.9602116224,0.5852996974,0.7184503388,8.41944014,135,46.96562701
24,10000,0.1,0.675784127,4.529460565,0.7091577301,8.128667703,0.9529390971,0.5572205348,0.7202553756,8.385070226,136,47.3536881
24,10000,0.2,0.7158201779,4.729521379,0.7246693848,8.506196915,0.9877886287,0.5560089222,0.7310154799,8.655830658,133,46.1555321
24,12000,0.01,0.895672518,8.458017029,0.8873184135,10.94953987,1.009415002,0.7724541057,0.9731014204,13.16900899,94,26.99586013
24,12000,0.02,0.8356772905,6.322284601,0.8432607795,8.785281374,0.9910069469,0.7196450895,0.9286562651,10.65471552,113,26.99039028
24,12000,0.05,0.8098599509,4.428175183,0.8457987066,7.463556655,0.9575090912,0.5933062999,0.9300280121,9.024099176,132,45.98764478
24,12000,0.1,0.8399283951,4.371344459,0.8752394411,7.626735962,0.959655559,0.5731605867,0.9575408397,9.128503009,141,41.02458578
24,12000,0.2,0.8799489954,4.671453877,0.9004191717,8.284482575,0.977265948,0.563879981,0.9790941103,9.795459158,143,36.69363908
24,14000,0.01,0.9197697679,9.055552091,0.9163221057,11.89667415,1.0037625,0.761183502,1.002623894,14.24312677,74,26.43787266
24,14000,0.02,0.8798301445,6.22176016,0.8954896979,9.162757018,0.9825128604,0.6790270819,0.981745468,11.01292781,92,32.60718157
24,14000,0.05,0.8859162899,4.370204041,0.9120271636,7.694829633,0.9713705087,0.5679403248,0.998220214,9.217988926,113,30.23311563
24,14000,0.1,0.9099618226,4.271329923,0.9331448126,7.741376744,0.975156064,0.5517532687,1.019270448,9.236320125,125,35.89038633
24,14000,0.2,0.935960969,4.471515504,0.9498096038,8.286608592,0.9854195674,0.5396074225,1.03582424,9.85543625,132,24.78408868
25,6000,0.01,0.7199942585,4.598270716,0.7147790855,7.07378308,1.007296203,0.6500440661,0.7154118973,7.086313819,63,22.64988882
25,6000,0.02,0.5900261449,4.097491045,0.5720300102,6.296787381,1.031460123,0.6507272356,0.5725892231,6.309104797,65,18.35603862
25,6000,0.05,0.3997962767,3.645173214,0.3399086123,5.806318107,1.176187546,0.627794266,0.340407502,5.823374682,66,19.31005889
25,6000,0.1,0.279706421,3.545054296,0.2039373095,5.703332064,1.371531387,0.6215759939,0.2044104481,5.72982645,66,23.55056255
25,6000,0.2,0.1748554354,3.496809869,0.1189420838,5.668504819,1.470088885,0.6168839897,0.1193972899,5.711975984,66,23.55155123
25,8000,0.01,0.8050716457,6.198145718,0.7981692594,9.106804528,1.008647773,0.6806059906,0.7992553897,9.13160605,95,27.69036403
25,8000,0.02,0.6900225773,5.246709445,0.6819464257,8.090821662,1.011842795,0.6484767139,0.6830025048,8.11590036,97,22.96517913
25,8000,0.05,0.5098915369,4.445606123,0.4808394932,7.361170915,1.060419421,0.6039264914,0.4818719824,7.392817605,99,30.22443228
25,8000,0.1,0.3997477592,4.193080486,0.3469145133,7.167960057,1.152294712,0.5849754257,0.3479347175,7.210181038,99,31.23102525
25,8000,0.2,0.3248470133,4.145113342,0.2722634636,7.117080105,1.1931348,0.5824176883,0.2732715555,7.169881559,100,35.41255922
25,10000,0.01,0.8550486671,7.498679732,0.8489187617,10.26449398,1.007220839,0.7305454849,0.8960417477,11.43567408,110,31.52212589
25,10000,0.02,0.7699767911,6.146997286,0.7696280932,8.874839883,1.000453073,0.6926319085,0.8034876874,9.672910166,125,37.74495497
25,10000,0.05,0.6698785171,4.64551542,0.6984307289,7.939125565,0.9591194795,0.5851419507,0.7174832227,8.378176274,135,47.06872216
25,10000,0.1,0.674939259,4.493310893,0.7084166675,8.087596602,0.9527433358,0.5555804912,0.7195197576,8.343098819,136,47.63319643
25,10000,0.2,0.7149475441,4.693338976,0.7239309131,8.462366344,0.9875908477,0.5546130698,0.730279997,8.611452062,133,46.31936416
25,12000,0.01,0.8950212528,8.44844584,0.886738465,10.9270149,1.009340734,0.7731705244,0.9725216013,13.14343715,94,27.5726522
25,12000,0.02,0.8349729046,6.29537219,0.8425933142,8.748587637,0.9909560052,0.7195872581,0.9279891054,10.61176648,113,21.65359732
25,12000,0.05,0.809967611,4.393261137,0.8453874418,7.426196728,0.958102251,0.5915896519,0.9296172029,8.979727745,132,46.20946704
25,12000,0.1,0.8399841632,4.345203261,0.8749565541,7.589040932,0.9600295686,0.5725628969,0.957258534,9.083901395,141,49.38857612
25,12000,0.2,0.879989905,4.645224687,0.9001830135,8.243918611,0.9775677742,0.5634728952,0.9788588179,9.747925095,144,26.8611315
25,14000,0.01,0.9200146526,9.048632159,0.9159068289,11.86860775,1.00448498,0.7624004728,1.002208634,14.21063426,74,26.5562823
25,14000,0.02,0.8799885014,6.194562237,0.8950935057,9.122158938,0.9831246633,0.6790675627,0.9813492893,10.96498513,92,26.99488398
25,14000,0.05,0.8849685319,4.345186764,0.9118032986,7.656381676,0.9705695661,0.5675248371,0.9979963581,9.172319415,113,23.91457356
25,14000,0.1,0.9099909013,4.245158747,0.9329907756,7.703095774,0.9753482297,0.5510977497,1.01911642,9.190903284,125,43.76203658
25,14000,0.2,0.9349807065,4.44518087,0.949693262,8.246221704,0.9845080974,0.5390566771,1.03570791,9.807603048,132,36.81828609
26,6000,0.01,0.718279271,4.581573704,0.7131131746,7.042834234,1.007244427,0.6505298226,0.7137461847,7.055343227,63,22.85461815
26,6000,0.02,0.5883732037,4.080257761,0.5697879294,6.264958837,1.03261788,0.6512824532,0.5703474583,6.277269196,65,20.53528601
26,6000,0.05,0.3981291749,3.617542928,0.3378861946,5.775239329,1.178293701,0.6263884009,0.3383855267,5.79232137,66,15.94179928
26,6000,0.1,0.2779572959,3.517171631,0.202663341,5.673164259,1.371522322,0.6199664721,0.2031369254,5.699709378,67,23.26598411
26,6000,0.2,0.1740154409,3.478796535,0.1182120338,5.638490728,1.472061983,0.6169729992,0.1186676597,5.682039481,67,23.68802405
26,8000,0.01,0.8043298816,6.183008715,0.7968431884,9.075491115,1.009395441,0.681286405,0.7979293773,9.100249855,95,27.7209035
26,8000,0.02,0.688326879,5.220238698,0.6800519013,8.052121199,1.012168156,0.6483060264,0.6811080504,8.077151182,97,34.4648508
26,8000,0.05,0.508240821,4.418696758,0.4786093002,7.321490235,1.061911711,0.6035242301,0.4796418829,7.353116029,99,21.97128601
26,8000,0.1,0.3980018371,4.155786083,0.3452828606,7.12922071,1.152683445,0.5829229101,0.3463031543,7.171415948,99,28.78460127
26,8000,0.2,0.3240098393,4.117625756,0.2711825797,7.078562998,1.194803293,0.5817036249,0.2721907452,7.131292255,100,35.10366354
26,10000,0.01,0.8542671399,7.485567626,0.8478878721,10.23235555,1.007523716,0.7315585928,0.8950240159,11.40166176,110,38.4847265
26,10000,0.02,0.7682011128,6.121961614,0.7682570524,8.831311921,0.9999271864,0.693210892,0.8021361594,9.627384154,125,43.55761221
26,10000,0.05,0.6680184476,4.618726256,0.6972844677,7.895471175,0.9580285787,0.5849842464,0.716350481,8.333149696,136,26.28114866
26,10000,0.1,0.6740349909,4.456216418,0.7076129114,8.0445066,0.9525476148,0.5539452746,0.7187219182,8.299075084,136,27.06938544
26,10000,0.2,0.7140338557,4.656294694,0.7231505376,8.416703336,0.9873931064,0.5532207217,0.7295027852,8.565219592,133,46.59039813
26,12000,0.01,0.8941903206,8.427607646,0.8859804089,10.8899633,1.009266471,0.7738876075,0.9717637145,13.10085186,94,27.60181368
26,12000,0.02,0.8341113873,6.261512149,0.8417672045,8.702232149,0.990905066,0.7195294313,0.9271633742,10.55745397,113,32.89420402
26,12000,0.05,0.8100245251,4.356446835,0.8449234297,7.385335699,0.9586957783,0.5898779707,0.929153705,8.931217389,132,32.7404205
26,12000,0.1,0.8400183177,4.317924061,0.87465125,7.54926926,0.960403724,0.5719658303,0.9569538572,9.036849883,141,49.2123705
26,12000,0.2,0.8800171373,4.618004835,0.8999329286,8.201532304,0.9778696937,0.5630661032,0.9786096499,9.698257295,144,27.1779098
26,14000,0.01,0.9201371784,9.029430196,0.9153699505,11.82451667,1.005207979,0.7636193892,1.001671776,14.15927343,74,27.1156975
26,14000,0.02,0.880068149,6.161053523,0.8946174494,9.072272901,0.983736847,0.679108046,0.9808732492,10.90604178,92,26.7396551
26,14000,0.05,0.8839996841,4.318325687,0.9115566958,7.614622077,0.9697692839,0.5671096534,0.9977497654,9.122718022,113,25.14482719
26,14000,0.1,0.9100094971,4.217878168,0.9328260174,7.66269731,0.9755404333,0.5504430095,1.018951672,9.14297521,125,43.82539886
26,14000,0.2,0.9339948227,4.417887866,0.9495701756,8.203963959,0.9835974704,0.5385064937,1.035584837,9.757554325,132,45.87079222
27,6000,0.01,0.7162280358,4.562132534,0.711113244,7.007712468,1.007192654,0.651015942,0.711746493,7.020198814,63,22.62757699
27,6000,0.02,0.5862746267,4.060648504,0.5671190815,6.229534951,1.033776936,0.6518381446,0.5676789892,6.241841667,65,15.85591
27,6000,0.05,0.3961019191,3.588727507,0.3355648099,5.742095536,1.180403628,0.6249856841,0.3360646549,5.759214703,66,23.60034826
27,6000,0.1,0.2759766894,3.488525577,0.2012205775,5.641566838,1.371513256,0.618361118,0.2016946725,5.668182305,67,19.64437527
27,6000,0.2,0.1730261801,3.459932933,0.1173824636,5.607107248,1.474037729,0.6170620215,0.1178385716,5.650766502,67,23.77007809
27,8000,0.01,0.8033240494,6.164125956,0.7952572275,9.03873859,1.010143664,0.6819674996,0.7963434869,9.063447878,95,33.84155208
27,8000,0.02,0.686270431,5.190716593,0.6778022262,8.008691892,1.012493622,0.6481353838,0.6788584588,8.033671545,97,28.21145111
27,8000,0.05,0.5061916592,4.389741575,0.4760097373,7.278361346,1.063406102,0.6031222368,0.4770424299,7.309976089,99,28.86917529
27,8000,0.1,0.3960222155,4.117490834,0.3434495934,7.088396697,1.153072308,0.5808775962,0.3444699885,7.130578782,100,35.36032429
27,8000,0.2,0.3230482212,4.08912358,0.2700001747,7.038194296,1.196474119,0.580990437,0.271008421,7.090857099,100,35.42767216
27,10000,0.01,0.8532819483,7.467708168,0.8466554428,10.19380606,1.007826685,0.7325731057,0.8938073436,11.36084919,110,32.49392641
27,10000,0.02,0.7661909213,6.092690482,0.7666497029,8.781745666,0.9994015759,0.6937903594,0.8005517497,9.575594217,125,36.11399155
27,10000,0.05,0.6660208387,4.589826843,0.6959909621,7.848184339,0.9569389187,0.5848265847,0.7150722647,8.284415302,136,47.56496231
27,10000,0.1,0.6730556935,4.417897735,0.7067300119,7.998875221,0.9523519339,0.552314871,0.7178455321,8.252468144,136,47.41141829
27,10000,0.2,0.7130671629,4.618104636,0.7223161287,8.368680562,0.9871954047,0.5518318691,0.7286717673,8.516600036,133,25.37702421
27,12000,0.01,0.8932137677,8.400790864,0.8850779422,10.84525275,1.009192214,0.7746053557,0.9708614494,13.0494184,94,33.00787873
27,12000,0.02,0.8331240408,6.22309323,0.8408140169,8.649532728,0.9908541295,0.7194716091,0.9262106238,10.49572097,113,33.12109797
27,12000,0.05,0.8100346852,4.318004274,0.8444109301,7.34140666,0.9592896733,0.5881712421,0.9286417737,8.879081062,132,25.15166342
27,12000,0.1,0.8400290485,4.28937601,0.874321671,7.507185566,0.9607780252,0.5713693864,0.9566249557,8.987069032,141,41.46752892
27,12000,0.2,0.8800275291,4.589542938,0.899665696,8.156872996,0.9781717064,0.562659605,0.9783433974,9.645927971,144,49.83116585
27,14000,0.01,0.9201595744,9.003284998,0.9147338313,11.77145809,1.005931499,0.7648402544,1.001035681,14.09742825,74,14.37094544
27,14000,0.02,0.8800630913,6.123734616,0.894055587,9.016782531,0.984349412,0.6791485317,0.980311406,10.8405337,93,33.06506355
27,14000,0.05,0.8830106032,4.289821763,0.911288184,7.569898231,0.9689696615,0.5666947734,0.9974812645,9.0695984,113,39.82230435
27,14000,0.1,0.9100166315,4.189382006,0.9326495413,7.619980841,0.9757326747,0.5497890472,1.018775207,9.092297805,125,36.59334314
27,14000,0.2,0.9330020702,4.389420311,0.9494390577,8.159427903,0.9826876856,0.5379568719,1.035453732,9.704807332,132,38.18748068
28,6000,0.01,0.7141995191,4.541621953,0.7091356633,6.970997774,1.007140884,0.6515024248,0.7097691492,6.983458016,64,12.50512078
28,6000,0.02,0.5842007266,4.041157981,0.5644793459,6.194348906,1.034937294,0.65239431,0.5650396311,6.206651657,65,23.34603655
28,6000,0.05,0.3941058035,3.55991279,0.3332769784,5.708775006,1.182517332,0.6235861085,0.3337773345,5.725929292,66,23.65772117
28,6000,0.1,0.2740050471,3.459685332,0.1997843309,5.60945226,1.371504191,0.6167599208,0.2002589401,5.636135633,67,23.98097331
28,6000,0.2,0.1720296213,3.440729775,0.1165499605,5.575182506,1.476016127,0.6171510567,0.1170065576,5.618950837,67,13.05362623
28,8000,0.01,0.8022300628,6.14555362,0.7935859744,9.002505158,1.010892441,0.6826492751,0.7946723084,9.027168953,96,33.89346469
28,8000,0.02,0.6842063238,5.160952913,0.6755463648,7.964866339,1.012819193,0.6479647861,0.6766026816,7.989794309,97,28.5070895
28,8000,0.05,0.5041812097,4.360882102,0.4734528884,7.235330507,1.064902595,0.6027205113,0.47448569,7.266931586,99,29.31187537
28,8000,0.1,0.3940516118,4.079093544,0.3416253417,7.047020521,1.153461303,0.5788394587,0.3426458384,7.089184854,100,19.09986224
28,8000,0.2,0.3220687831,4.060279693,0.2688056702,6.997126943,1.198147282,0.5802781235,0.2698139987,7.049719846,100,35.10767032
28,10000,0.01,0.8522173003,7.450683469,0.8453448622,10.15648164,1.008129745,0.7335890255,0.8925135967,11.32153034,111,38.90999974
28,10000,0.02,0.7641588987,6.062645495,0.7650185946,8.731141577,0.9988762417,0.6943703113,0.7989439918,9.522691567,125,23.7471582
28,10000,0.05,0.664031824,4.560814645,0.6947025977,7.800678528,0.9558504981,0.5846689655,0.7137991758,8.235436433,136,47.33648096
28,10000,0.1,0.6720691115,4.379443054,0.705839069,7.952657377,0.9521562932,0.550689266,0.7169611768,8.205256547,136,28.5515999
28,10000,0.2,0.7120821031,4.579621958,0.7214627475,8.31983114,0.9869977425,0.5504465032,0.727821862,8.467142764,133,46.47505818
28,12000,0.01,0.892218224,8.371760447,0.8841565185,10.79776059,1.009117962,0.7753237696,0.9699402319,12.9946724,94,28.7220272
28,12000,0.02,0.8321195052,6.183685943,0.8398433805,8.595450928,0.9908031956,0.7194137916,0.925240433,10.43232875,113,39.56655342
28,12000,0.05,0.8100371611,4.279370625,0.8438907357,7.296834665,0.9598839361,0.5864694516,0.9281221564,8.826171224,132,46.05358718
28,12000,0.1,0.8400331302,4.260493871,0.8739852983,7.464420458,0.9611524723,0.5707735644,0.9562892748,8.9364784,141,26.83415216
28,12000,0.2,0.8800312194,4.560673303,0.8993916937,8.111419693,0.9784738124,0.5622534002,0.9780704003,9.59266681,144,39.30720837
28,14000,0.01,0.9201324515,8.978686716,0.914048962,11.72055807,1.00665554,0.7660630715,1.000350838,14.03828491,75,20.04489611
28,14000,0.02,0.8800665066,6.08491988,0.8935026796,8.959096368,0.9849623584,0.6791890198,0.9797585175,10.77235321,93,32.98084352
28,14000,0.05,0.8820166852,4.260893643,0.9110136121,7.524355728,0.9681706985,0.5662801969,0.9972067038,9.015503079,113,40.18661883
28,14000,0.1,0.9100193068,4.160515983,0.9324685295,7.576478377,0.975924954,0.5491358618,1.018594206,9.040686799,125,36.96221126
28,14000,0.2,0.9320066693,4.360554318,0.9493041854,8.114050873,0.9817787424,0.5374078111,1.035318874,9.651064043,133,46.14870305
29,6000,0.01,0.7128569768,4.528387948,0.7078390231,6.945494579,1.007089117,0.651989271,0.7084726651,6.957935053,64,22.81829721
29,6000,0.02,0.5830344838,4.026135785,0.56272085,6.166061608,1.036098953,0.65295095,0.5632813882,6.178352016,65,18.51437559
29,6000,0.05,0.3927164836,3.532792211,0.3315084752,5.677998845,1.184634822,0.622189667,0.3320092302,5.695165427,66,19.26847454
29,6000,0.1,0.2724099185,3.431997171,0.1986225933,5.579005722,1.371495125,0.6151628698,0.1990976226,5.605723329,67,19.61022079
29,6000,0.2,0.1712744482,3.422532601,0.1158827977,5.544896669,1.47799718,0.6172401047,0.1163397906,5.588716373,67,23.94813637
29,8000,0.01,0.8017415796,6.13436367,0.7925152962,8.977138601,1.011641773,0.6833317322,0.793601678,9.001767236,96,34.25321213
29,8000,0.02,0.6829110769,5.13834905,0.6740507687,7.932069763,1.013144868,0.6477942333,0.6751071415,7.956951537,97,34.63763323
29,8000,0.05,0.502859699,4.334991123,0.4715483266,7.197167513,1.066401195,0.6023190533,0.4725812099,7.228731514,99,28.94680184
29,8000,0.1,0.3924521195,4.042339996,0.34012391,7.008114806,1.153850429,0.5768084725,0.3411444909,7.050235213,100,28.27516935
29,8000,0.2,0.3212782773,4.032808611,0.2677714422,6.958316837,1.199822784,0.5795666834,0.2687798422,7.010824145,100,19.89024114
29,10000,0.01,0.8516147412,7.442160694,0.8444932178,10.13081449,1.008432896,0.7346063541,0.8916728817,11.29439957,111,31.83998552
29,10000,0.02,0.7626302472,6.042201098,0.7638897611,8.694430671,0.9983511836,0.6949507479,0.7978313613,9.484227833,125,43.55869574
29,10000,0.05,0.6623296892,4.535509899,0.693710869,7.759489355,0.9547633155,0.5845113887,0.7128192376,8.19284932,136,29.66337493
29,10000,0.1,0.6711870093,4.342967031,0.7050574824,7.909700632,0.9519606928,0.5490684455,0.7161853815,8.161348048,136,26.29405612
29,10000,0.2,0.7111554876,4.542896633,0.7206682217,8.27388345,0.98680012,0.5490646152,0.7270305793,8.420618866,133,47.59318086
29,12000,0.01,0.8914648265,8.359819605,0.8834749305,10.77236857,1.009043716,0.7760428497,0.9692587971,12.96588741,95,33.32194487
29,12000,0.02,0.8313416526,6.154624837,0.8391014409,8.555742941,0.9907522644,0.7193559788,0.9244988352,10.38583768,114,38.02939972
29,12000,0.05,0.8101222414,4.24413345,0.8434568653,7.257750378,0.9604785671,0.584772585,0.9276887676,8.779724097,132,25.40157083
29,12000,0.1,0.8400688481,4.233517924,0.873681957,7.424901036,0.9615270653,0.5701783637,0.9559865574,8.88970822,141,48.94436204
29,12000,0.2,0.880052696,4.53345602,0.8991359468,8.068837383,0.9787760118,0.5618474887,0.977815592,9.54276343,144,50.03662122
29,14000,0.01,0.9203357984,8.965291475,0.9135933861,11.68439139,1.007380102,0.7672878437,0.9998952799,13.99617097,75,27.16361205
29,14000,0.02,0.8801940314,6.054865261,0.8930760401,8.914314189,0.9855756866,0.6792295103,0.9793318925,10.71940936,93,27.23221302
29,14000,0.05,0.8810561041,4.234791577,0.9107724277,7.483736693,0.9673723943,0.5658659237,0.9969655293,8.967244988,113,32.06553992
29,14000,0.1,0.9100356745,4.133453809,0.9323015803,7.536150435,0.9761172712,0.5484834525,1.018427267,8.992837691,125,43.54174126
29,14000,0.2,0.9310205667,4.333282678,0.9491777292,8.07154238,0.98087064,0.5368593106,1.035192431,9.600716102,133,25.54929267
30,6000,0.01,0.71,4.5,0.7050383964,6.896800315,1.007037352,0.6524764811,0.7056723769,6.909209292,64,23.2717564
30,6000,0.02,0.58,4,0.5591644602,6.120811991,1.037261917,0.653508065,0.5597255139,6.133101135,65,14.75336155
30,6000,0.05,0.39,3.5,0.3286269175,5.637919721,1.186756103,0.6207963528,0.3291283298,5.655137295,66,19.59833718
30,6000,0.1,0.27,3.4,0.1968667476,5.541340439,1.37148606,0.6135699543,0.1973424191,5.568150883,67,19.14809954
30,6000,0.2,0.17,3.4,0.1148663479,5.507596578,1.479980892,0.6173291656,0.1153239505,5.551566128,67,23.6125476
30,8000,0.01,0.8,6.1,0.7902080102,8.917934762,1.012391661,0.6840148715,0.7912944956,8.942474799,96,34.35060764
30,8000,0.02,0.68,5.1,0.6709617111,7.87494312,1.013470648,0.6476237253,0.6720182007,7.899762257,98,34.50466951
30,8000,0.05,0.5,4.3,0.4682077992,7.143831852,1.067901904,0.6019178627,0.4692408273,7.175390149,100,29.1705006
30,8000,0.1,0.39,4,0.3378847605,6.959128538,1.154239686,0.5747846125,0.3389054679,7.001237354,100,29.55169181
30,8000,0.2,0.32,4,0.2663336099,6.910180083,1.20150063,0.5788561154,0.2673421099,6.962611397,100,35.10884136
30,10000,0.01,0.85,7.4,0.8426385929,10.05947196,1.008736138,0.7356250936,0.8898421041,11.21807643,111,38.76105291
30,10000,0.02,0.76,6,0.7616555333,8.626494323,0.9978264016,0.6955316697,0.7956293459,9.413231171,126,43.94689853
30,10000,0.05,0.66,4.5,0.6920579445,7.700813413,0.9536773694,0.5843538544,0.7111860265,8.132388427,136,26.35766548
30,10000,0.1,0.67,4.3,0.7039551851,7.854564223,0.9517651325,0.5474523956,0.7150912728,8.10503746,137,39.33504554
30,10000,0.2,0.71,4.5,0.7196413686,8.216383816,0.986602537,0.5476861964,0.7260079277,8.362405111,133,46.29652076
30,12000,0.01,0.89,8.3,0.8820881327,10.68537547,1.008969475,0.7767625968,0.9678723101,12.86476802,95,28.01688629
30,12000,0.02,0.83,6.1,0.837790331,8.48048869,0.9907013357,0.7192981706,0.9231883285,10.29747632,114,22.35639906
30,12000,0.05,0.81,4.2,0.8428074897,7.203120456,0.9610735664,0.5830806281,0.9270401131,8.714870896,132,30.52276685
30,12000,0.1,0.84,4.2,0.8732700118,7.373805435,0.9619018043,0.5695837837,0.95557546,8.829265107,142,43.73768047
30,12000,0.2,0.88,4.5,0.8988045145,8.01507732,0.9790783044,0.5614418702,0.9774853763,9.479769197,144,49.92404812
30,14000,0.01,0.92,8.9,0.9126031821,11.58078233,1.008105185,0.768514574,0.9989051141,13.87466208,75,22.7140378
30,14000,0.02,0.88,6,0.8923235264,8.833011868,0.9861893966,0.6792700032,0.9785794044,10.6232223,93,18.21247466
30,14000,0.05,0.88,4.2,0.9104313986,7.427686779,0.9665747483,0.5654519536,0.9966245141,8.900660952,113,32.766518
30,14000,0.1,0.91,4.1,0.9320813556,7.484048687,0.9763096264,0.5478318183,1.018207055,8.931022147,125,43.48466386
30,14000,0.2,0.93,4.3,0.9490150565,8.017730446,0.9799633774,0.53631137,1.035029775,9.536981333,133,25.85967833
31,6000,0.01,0.7084353061,4.482442538,0.7034846368,6.869891356,1.007037352,0.6524764811,0.704118806,6.882282919,64,22.96382695
31,6000,0.02,0.577772028,3.98094637,0.5570165245,6.091656069,1.037261917,0.653508065,0.5575778919,6.103940732,65,23.29836585
31,6000,0.05,0.3877497757,3.482450823,0.326730804,5.609650907,1.186756103,0.6207963528,0.3272326539,5.626896695,66,23.71637407
31,6000,0.1,0.2683765481,3.383308478,0.1956830302,5.514136496,1.37148606,0.6135699543,0.1961591399,5.541001651,67,19.59850615
31,6000,0.2,0.1689976068,3.383309222,0.1141890464,5.480559498,1.479980892,0.6173291656,0.1146470599,5.524612835,67,23.79620843
31,8000,0.01,0.7987474218,6.0824568,0.7889707635,8.892287367,1.012391661,0.6840148715,0.7900573047,8.916796486,96,27.81656546
31,8000,0.02,0.6781847034,5.077548724,0.6691705427,7.840275959,1.013470648,0.6476237253,0.6702271003,7.865053626,98,21.36968063
31,8000,0.05,0.4977345771,4.278112945,0.4660864219,7.107469656,1.067901904,0.6019178627,0.4671195428,7.139013219,100,29.09543598
31,8000,0.1,0.3882574236,3.979912244,0.3363750425,6.924180219,1.154239686,0.5747846125,0.3373958359,6.966269447,100,19.10085426
31,8000,0.2,0.3188072639,3.979947384,0.2653409046,6.875538286,1.20150063,0.5788561154,0.266349474,6.92790591,101,35.33138676
31,10000,0.01,0.849029998,7.381350009,0.8416769916,10.03411938,1.008736138,0.7356250936,0.8888928948,11.19147226,111,38.88741542
31,10000,0.02,0.7587239542,5.973438318,0.7603767078,8.58830529,0.9978264016,0.6955316697,0.7943689958,9.373341388,126,43.97957477
31,10000,0.05,0.6589822303,4.476920931,0.690990739,7.661318389,0.9536773694,0.5843538544,0.7101315905,8.091643178,136,29.87558869
31,10000,0.1,0.6692789128,4.278696283,0.7031975537,7.815649941,0.9517651325,0.5474523956,0.7143392822,8.065280255,137,47.71898955
31,10000,0.2,0.7092768267,4.477485019,0.7189083751,8.175274543,0.986602537,0.5476861964,0.7252779412,8.320783034,134,39.66754083
31,12000,0.01,0.8892887539,8.276973687,0.8813832094,10.65573152,1.008969475,0.7767625968,0.9671675449,12.83090097,95,33.64938306
31,12000,0.02,0.8292457441,6.071010369,0.8370289958,8.440186027,0.9907013357,0.7192981706,0.9224273438,10.25027106,114,39.91103272
31,12000,0.05,0.809582956,4.17874075,0.8423735542,7.166660234,0.9610735664,0.5830806281,0.9266066601,8.671579345,133,38.15941322
31,12000,0.1,0.8397249094,4.179652107,0.8729840256,7.338081291,0.9619018043,0.5695837837,0.9552900626,8.786996329,142,27.86695097
31,12000,0.2,0.8797691477,4.478600057,0.8985687291,7.976961275,0.9790783044,0.5614418702,0.9772504568,9.435103019,144,41.27022864
31,14000,0.01,0.9194983917,8.872365492,0.9121056067,11.54482399,1.008105185,0.768514574,0.998407558,13.8328856,75,26.77151023
31,14000,0.02,0.8795695642,5.970577932,0.8918870627,8.789697622,0.9861893966,0.6792700032,0.9781429557,10.57204175,93,33.17782614
31,14000,0.05,0.8797766499,4.17900475,0.9102003248,7.390556746,0.9665747483,0.5654519536,0.9963934497,8.856556781,114,40.04651817
31,14000,0.1,0.9098496808,4.08017554,0.9319273888,7.447861558,0.9763096264,0.5478318183,1.018053098,8.888087136,125,43.63493411
31,14000,0.2,0.929886779,4.279661669,0.9488995205,7.979807828,0.9799633774,0.53631137,1.034914251,9.492065201,133,41.87246543
32,6000,0.01,0.7073410356,4.468505583,0.7023980132,6.848531268,1.007037352,0.6524764811,0.7030323147,6.860906005,64,17.45282319
32,6000,0.02,0.5762130784,3.965194416,0.5555135775,6.067552382,1.037261917,0.653508065,0.5560751656,6.079826385,65,23.40315141
32,6000,0.05,0.3859807506,3.466124293,0.3252401648,5.583351573,1.186756103,0.6207963528,0.3257423617,5.600607167,66,19.66504033
32,6000,0.1,0.2670196709,3.367143257,0.194693682,5.487790322,1.37148606,0.6135699543,0.195170161,5.514684021,67,19.16189348
32,6000,0.2,0.1681603183,3.367096729,0.1136233037,5.454297183,1.479980892,0.6173291656,0.1140816632,5.49839151,67,12.7774888
32,8000,0.01,0.7978408605,6.06905706,0.7880752985,8.872697528,1.012391661,0.6840148715,0.7891618801,8.897181372,96,33.62984777
32,8000,0.02,0.6768896937,5.059438601,0.6678927457,7.812312,1.013470648,0.6476237253,0.6689493521,7.837049708,98,34.37628436
32,8000,0.05,0.496018396,4.258627359,0.4644793631,7.075097157,1.067901904,0.6019178627,0.4655125547,7.106607969,100,29.59742916
32,8000,0.1,0.3867809064,3.960675886,0.3350958305,6.890713148,1.154239686,0.5747846125,0.3361166973,6.932762107,100,21.0335596
32,8000,0.2,0.3177388809,3.960530709,0.2644516974,6.841995106,1.20150063,0.5788561154,0.2654603292,6.894286051,101,24.32278096
32,10000,0.01,0.8483165523,7.367463686,0.8409697247,10.01524248,1.008736138,0.7356250936,0.8881947548,11.17164571,111,38.66153606
32,10000,0.02,0.7577613087,5.952250783,0.7594119653,8.55784293,0.9978264016,0.6955316697,0.7934182215,9.34143896,126,36.34700801
32,10000,0.05,0.6581667338,4.456319726,0.6901356317,7.626063714,0.9536773694,0.5843538544,0.7092867384,8.055179229,136,25.91217992
32,10000,0.1,0.6686326283,4.258489658,0.7025185158,7.778739653,0.9517651325,0.5474523956,0.7136653093,8.027547041,137,47.69964131
32,10000,0.2,0.7085867481,4.455784527,0.7182089256,8.135652417,0.986602537,0.5476861964,0.7245813656,8.28066302,134,33.1957062
32,12000,0.01,0.888755411,8.259895988,0.8808546078,10.63374578,1.008969475,0.7767625968,0.9666390619,12.80579351,95,18.76000392
32,12000,0.02,0.8286445075,6.047195053,0.836422116,8.407076927,0.9907013357,0.7192981706,0.9218207436,10.21143929,114,39.74527295
32,12000,0.05,0.809220476,4.159266451,0.8419963926,7.133261251,0.9610735664,0.5830806281,0.9262299178,8.631877692,133,34.3822495
32,12000,0.1,0.8394686109,4.160310171,0.8727175759,7.304123274,0.9619018043,0.5695837837,0.9550241615,8.746803452,142,41.05775403
32,12000,0.2,0.8795479032,4.458024502,0.8983427569,7.940313574,0.9790783044,0.5614418702,0.9770253146,9.392152709,144,50.16607103
32,14000,0.01,0.9191166633,8.851626961,0.9117269474,11.51783878,1.008105185,0.768514574,0.9980289133,13.80154351,75,26.84194681
32,14000,0.02,0.8792124448,5.94565316,0.8915249422,8.753004154,0.9861893966,0.6792700032,0.9777808476,10.52866218,93,32.81424916
32,14000,0.05,0.8795739753,4.159455131,0.9099906416,7.355983306,0.9665747483,0.5654519536,0.996183775,8.815476886,114,40.27627002
32,14000,0.1,0.9097065642,4.061242286,0.9317807995,7.413301218,0.9763096264,0.5478318183,1.017906517,8.847079356,125,37.17827953
32,14000,0.2,0.9297775168,4.260087035,0.9487880243,7.943309192,0.9799633774,0.53631137,1.034802766,9.44883447,133,46.39564113
33,6000,0.01,0.704476729,4.439729949,0.6995537229,6.80442909,1.007037352,0.6524764811,0.7001883722,6.816780922,64,22.91695039
33,6000,0.02,0.5723945201,3.938225845,0.5518321946,6.026284994,1.037261917,0.653508065,0.5523943273,6.03856879,65,19.29731657
33,6000,0.05,0.3825744774,3.444818632,0.3223699262,5.549031686,1.186756103,0.6207963528,0.3228727981,5.566357303,66,23.70343109
33,6000,0.1,0.2646300536,3.347604567,0.1929513258,5.455946048,1.37148606,0.6135699543,0.1934284625,5.482962714,67,14.2746092
33,6000,0.2,0.1666644337,3.347595137,0.1126125578,5.422706918,1.479980892,0.6173291656,0.113071542,5.467000538,67,19.38677569
33,8000,0.01,0.7955148611,6.037698032,0.7857777693,8.826851994,1.012391661,0.6840148715,0.7868644553,8.851282944,97,34.13731016
33,8000,0.02,0.673708978,5.025072859,0.6647543069,7.759247635,1.013470648,0.6476237253,0.6658110336,7.783936218,98,34.52142018
33,8000,0.05,0.4924699605,4.230670117,0.4611565528,7.028650219,1.067901904,0.6019178627,0.4621898918,7.060184481,100,19.3477422
33,8000,0.1,0.3842741595,3.936832296,0.3329240572,6.849230495,1.154239686,0.5747846125,0.3339450494,6.891304557,101,35.78208828
33,8000,0.2,0.3161239656,3.936914577,0.2631076155,6.801197175,1.20150063,0.5788561154,0.2641163422,6.853447284,101,19.23268973
33,10000,0.01,0.8465215205,7.331809029,0.8391902388,9.966773963,1.008736138,0.7356250936,0.8864383172,11.12066615,112,32.4118237
33,10000,0.02,0.7555744071,5.90928441,0.7572203,8.496068069,0.9978264016,0.6955316697,0.7912583811,9.277055035,126,44.56141209
33,10000,0.05,0.6566170516,4.426123527,0.6885106773,7.574389205,0.9536773694,0.5843538544,0.7076813393,8.002058942,137,47.81055841
33,10000,0.1,0.6676731795,4.232779087,0.7015104428,7.731775622,0.9517651325,0.5474523956,0.7126647718,7.979607766,137,47.78068752
33,10000,0.2,0.7076897345,4.429003854,0.7172997311,8.086754575,0.986602537,0.5476861964,0.7236759148,8.231162286,134,25.49461813
33,12000,0.01,0.8874978694,8.212842028,0.8796082454,10.57316877,1.008969475,0.7767625968,0.9653929796,12.73605287,95,18.85264349
33,12000,0.02,0.8274137927,6.000922817,0.8351798498,8.342747226,0.9907013357,0.7192981706,0.9205790503,10.13610836,114,33.52684304
33,12000,0.05,0.8086404275,4.131670344,0.8413928503,7.085933136,0.9610735664,0.5830806281,0.9256270467,8.575737671,133,44.50177081
33,12000,0.1,0.8391144658,4.135539204,0.8723494041,7.260633681,0.9619018043,0.5695837837,0.9546567481,8.695370308,142,41.84012847
33,12000,0.2,0.8792618777,4.432380362,0.8980506194,7.894638069,0.9790783044,0.5614418702,0.9767342503,9.33863551,144,50.04683318
33,14000,0.01,0.9182436317,8.797125957,0.910860935,11.44692144,1.008105185,0.768514574,0.9971629344,13.71882144,75,22.05997709
33,14000,0.02,0.878541519,5.90039099,0.8908446208,8.686370606,0.9861893966,0.6792700032,0.9771005494,10.44991952,93,33.47626869
33,14000,0.05,0.8792791326,4.132581783,0.9096856029,7.308457874,0.9665747483,0.5654519536,0.9958787488,8.759030432,114,32.78740632
33,14000,0.1,0.9095176441,4.037130698,0.9315872952,7.369288463,0.9763096264,0.5478318183,1.017713025,8.794863593,125,43.72872992
33,14000,0.2,0.9296382116,4.235665442,0.9486458709,7.897772971,0.9799633774,0.53631137,1.034660627,9.3949019,133,32.88696115
34,6000,0.01,0.7032068183,4.423855346,0.6982926866,6.780099321,1.007037352,0.6524764811,0.6989274908,6.792432234,64,15.05476856
34,6000,0.02,0.5706645833,3.921532075,0.5501644029,6.000740136,1.037261917,0.653508065,0.5507267842,6.013014389,65,23.29067755
34,6000,0.05,0.3807796828,3.428330909,0.3208575728,5.522472698,1.186756103,0.6207963528,0.3213608044,5.539809124,66,14.17800912
34,6000,0.1,0.2633215758,3.331527291,0.1919972674,5.429743207,1.37148606,0.6135699543,0.1924747682,5.456784537,67,23.93477397
34,6000,0.2,0.1658656384,3.331501509,0.1120728243,5.39663715,1.479980892,0.6173291656,0.1125321456,5.440963152,67,20.73450377
34,8000,0.01,0.7944643355,6.020766697,0.7847401021,8.802099118,1.012391661,0.6840148715,0.7858268353,8.826494855,97,22.66989525
34,8000,0.02,0.6722540068,5.005220363,0.6633186746,7.728593267,1.013470648,0.6476237253,0.6643754567,7.753238872,98,23.87309909
34,8000,0.05,0.4906700731,4.210677325,0.4594711102,6.995435069,1.067901904,0.6019178627,0.4605045246,7.026937869,100,31.69572171
34,8000,0.1,0.3828151752,3.917636088,0.3316600353,6.815833275,1.154239686,0.5747846125,0.332681101,6.857865029,101,25.66918768
34,8000,0.2,0.315079521,3.917654554,0.262238332,6.767924619,1.20150063,0.5788561154,0.2632471205,6.820094995,101,19.71458262
34,10000,0.01,0.8456977989,7.312872419,0.838373651,9.94103176,1.008736138,0.7356250936,0.8856323083,11.09336041,112,39.54136924
34,10000,0.02,0.754502068,5.885386441,0.756145625,8.461708786,0.9978264016,0.6955316697,0.790199361,9.241033311,126,26.40158028
34,10000,0.05,0.6557628827,4.40504605,0.6876150192,7.538319491,0.9536773694,0.5843538544,0.7067964875,7.964758217,137,39.2027391
34,10000,0.1,0.6670145175,4.212580948,0.7008184001,7.694880837,0.9517651325,0.5474523956,0.7119779136,7.94189151,137,39.36709912
34,10000,0.2,0.7069951551,4.407474604,0.7165957198,8.047445113,0.986602537,0.5476861964,0.7229748084,8.191358497,134,46.64907787
34,12000,0.01,0.8868425237,8.192999235,0.8789587255,10.54762326,1.008969475,0.7767625968,0.9647436064,12.70695418,96,33.88296708
34,12000,0.02,0.8267581623,5.974262247,0.8345180657,8.305682527,0.9907013357,0.7192981706,0.9199175717,10.09256768,114,33.02786514
34,12000,0.05,0.8082655159,4.111832236,0.8410027538,7.051910213,0.9610735664,0.5830806281,0.9252373842,8.535290021,133,46.17975241
34,12000,0.1,0.838853455,4.116201223,0.8720780554,7.226682607,0.9619018043,0.5695837837,0.9543859585,8.655184834,142,49.33919301
34,12000,0.2,0.8790379745,4.411941177,0.8978219317,7.858233259,0.9790783044,0.5614418702,0.976506403,9.295969426,144,49.86194553
34,14000,0.01,0.917775033,8.773444521,0.9103961039,11.41610689,1.008105185,0.768514574,0.9966981214,13.68310075,76,22.00110437
34,14000,0.02,0.8781585095,5.873009927,0.8904562477,8.646061064,0.9861893966,0.6792700032,0.9767121896,10.4022274,93,32.88678904
34,14000,0.05,0.879071027,4.112727931,0.9094703007,7.2733464,0.9665747483,0.5654519536,0.9956634555,8.717307446,114,26.29601251
34,14000,0.1,0.9093717065,4.018203313,0.9314378164,7.334738837,0.9763096264,0.5478318183,1.017563555,8.75386833,126,43.74831216
34,14000,0.2,0.9295277589,4.216208851,0.9485331598,7.861494436,0.9799633774,0.53631137,1.034547928,9.351931255,133,46.97566002
35,6000,0.01,0.7013979233,4.403975085,0.6964964324,6.749630389,1.007037352,0.6524764811,0.6971314579,6.76194385,64,18.78640082
35,6000,0.02,0.5682383936,3.901486377,0.5478253701,5.970066149,1.037261917,0.653508065,0.5483881019,5.982337476,65,12.87617429
35,6000,0.05,0.3784474539,3.410058185,0.3188923595,5.49303837,1.186756103,0.6207963528,0.3193960619,5.510404991,67,14.69275188
35,6000,0.1,0.261623176,3.314110921,0.1907589028,5.401357902,1.37148606,0.6135699543,0.1912368804,5.428459784,67,15.29903409
35,6000,0.2,0.1648108249,3.314089955,0.1113601032,5.368432499,1.479980892,0.6173291656,0.1118198736,5.412853099,67,23.68212789
35,8000,0.01,0.7929925831,5.998878313,0.7832863639,8.770099252,1.012391661,0.6840148715,0.7843731635,8.794452931,97,33.94223781
35,8000,0.02,0.6701693257,4.981072447,0.6612617022,7.691306313,1.013470648,0.6476237253,0.6623185642,7.71591123,99,34.69355722
35,8000,0.05,0.4882619382,4.187840063,0.457216095,6.957494241,1.067901904,0.6019178627,0.4582496111,6.988983986,100,19.24172237
35,8000,0.1,0.3809812868,3.896665062,0.3300712073,6.779348259,1.154239686,0.5747846125,0.331092366,6.821360399,101,24.14969042
35,8000,0.2,0.3138230832,3.896716599,0.2611926082,6.731753358,1.20150063,0.5788561154,0.2622014713,6.783856924,101,35.18480461
35,10000,0.01,0.8445536722,7.287942763,0.837239433,9.907142683,1.008736138,0.7356250936,0.8845128053,11.0575094,112,31.14825679
35,10000,0.02,0.7530475741,5.855386207,0.7546879627,8.418575979,0.9978264016,0.6955316697,0.7887629834,9.19595488,126,35.42305337
35,10000,0.05,0.6546728137,4.380859333,0.6864720027,7.496928958,0.9536773694,0.5843538544,0.7056672955,7.922052515,137,47.56921928
35,10000,0.1,0.6662413186,4.190312774,0.7000060161,7.654204837,0.9517651325,0.5474523956,0.7111716272,7.900332667,137,30.53642128
35,10000,0.2,0.7062160733,4.383924418,0.7158060586,8.004445696,0.986602537,0.5476861964,0.7221884108,8.147822373,134,46.31328243
35,12000,0.01,0.8860051678,8.162384773,0.8781288135,10.50821037,1.008969475,0.7767625968,0.9639138811,12.66160533,96,29.9683302
35,12000,0.02,0.8259027889,5.941171696,0.8336546638,8.259678586,0.9907013357,0.7192981706,0.9190545687,10.03860523,114,32.88782835
35,12000,0.05,0.8078168247,4.089306247,0.8405358891,7.013277495,0.9610735664,0.5830806281,0.9247710392,8.489398906,133,27.49882584
35,12000,0.1,0.8385560021,4.094850291,0.8717688212,7.18919746,0.9619018043,0.5695837837,0.9540773616,8.610828298,142,39.75693625
35,12000,0.2,0.8787878355,4.389510078,0.8975664475,7.818280594,0.9790783044,0.5614418702,0.976251858,9.249149102,144,48.41943955
35,14000,0.01,0.917187854,8.737541095,0.9098136458,11.36938894,1.008105185,0.768514574,0.9961156859,13.62861707,76,22.4508378
35,14000,0.02,0.8776560632,5.840095149,0.889946765,8.597604961,0.9861893966,0.6792700032,0.9762027245,10.34497534,94,32.86953498
35,14000,0.05,0.8788298762,4.090376635,0.9092208106,7.233818203,0.9665747483,0.5654519536,0.9954139756,8.670343887,114,34.18422868
35,14000,0.1,0.9092085112,3.997331452,0.9312706611,7.296639806,0.9763096264,0.5478318183,1.01739641,8.708662648,126,30.69077329
35,14000,0.2,0.9294049676,4.194847657,0.9484078579,7.821664599,0.9799633774,0.53631137,1.034422639,9.304754848,133,33.86066561
36,6000,0.01,0.6999462118,4.387059825,0.6950548658,6.723705685,1.007037352,0.6524764811,0.6956900694,6.736000755,64,18.64755197
36,6000,0.02,0.5662349652,3.883372677,0.5458939115,5.942348511,1.037261917,0.653508065,0.5464569347,5.954612452,65,22.34504679
36,6000,0.05,0.3763444465,3.39228186,0.3171202958,5.464403656,1.186756103,0.6207963528,0.3176244271,5.48179117,67,14.03519922
36,6000,0.1,0.2600457893,3.296761865,0.1896087732,5.373082307,1.37148606,0.6135699543,0.190087198,5.400231463,67,23.82940134
36,6000,0.2,0.1638304876,3.296714648,0.1106977046,5.340286563,1.479980892,0.6173291656,0.1111578962,5.384780044,67,23.56759864
36,8000,0.01,0.791786773,5.981036718,0.782095313,8.744015616,1.012391661,0.6840148715,0.7831821671,8.768335088,97,33.95790583
36,8000,0.02,0.6684945478,4.959747607,0.6596091848,7.658378489,1.013470648,0.6476237253,0.6606661111,7.682940993,99,34.66846199
36,8000,0.05,0.4861583499,4.166169134,0.4552462621,6.921491106,1.067901904,0.6019178627,0.4562798676,6.952956329,100,35.39362142
36,8000,0.1,0.379271633,3.875904294,0.3285900125,6.743229046,1.154239686,0.5747846125,0.3296112584,6.785209608,101,35.45634976
36,8000,0.2,0.3126149853,3.875849871,0.2601871173,6.695705146,1.20150063,0.5788561154,0.2611960524,6.747734086,101,36.73625289
36,10000,0.01,0.8436028931,7.268044093,0.836296888,9.880092667,1.008736138,0.7356250936,0.8835825089,11.02895277,112,21.84014457
36,10000,0.02,0.7518226422,5.829652211,0.7534603625,8.38157695,0.9978264016,0.6955316697,0.7875533549,9.157246143,126,38.73354655
36,10000,0.05,0.6536945459,4.357917535,0.6854462178,7.457668845,0.9536773694,0.5843538544,0.7046539497,7.881485976,137,38.26543379
36,10000,0.1,0.6654989881,4.168357973,0.6992260647,7.614101256,0.9517651325,0.5474523956,0.7103975421,7.859344587,137,39.28296529
36,10000,0.2,0.7054419617,4.360494194,0.7150214349,7.961665316,0.986602537,0.5476861964,0.7214070379,8.104505932,134,26.88922351
36,12000,0.01,0.8853002641,8.137688319,0.8774301762,10.47641628,1.008969475,0.7767625968,0.9632154012,12.62508906,96,33.48990329
36,12000,0.02,0.8251288462,5.912672139,0.8328734568,8.220057246,0.9907013357,0.7192981706,0.9182737239,9.992199892,115,28.38322237
36,12000,0.05,0.8073964748,4.067753535,0.8400985138,6.976313976,0.9610735664,0.5830806281,0.9243341511,8.445465332,133,45.64561618
36,12000,0.1,0.8382652298,4.073808847,0.8714665323,7.15225567,0.9619018043,0.5695837837,0.953775696,8.567105351,142,51.18300411
36,12000,0.2,0.8785386381,4.367218145,0.8973119251,7.7785758,0.9790783044,0.5614418702,0.9759982714,9.202616121,144,35.41982324
36,14000,0.01,0.9166882815,8.708139141,0.9093180899,11.33113078,1.008105185,0.768514574,0.9956201492,13.58403977,76,27.15171287
36,14000,0.02,0.8772205772,5.810245751,0.8895051805,8.553661613,0.9861893966,0.6792700032,0.9757611551,10.29300424,94,23.01500967
36,14000,0.05,0.8785975939,4.068777316,0.9089804957,7.195619875,0.9665747483,0.5654519536,0.9951736705,8.624955007,114,32.91814281
36,14000,0.1,0.9090471102,3.976719871,0.9311053437,7.259015886,0.9763096264,0.5478318183,1.017231102,8.664018471,126,43.95541789
36,14000,0.2,0.929282274,4.173612696,0.9482826556,7.782070136,0.9799633774,0.53631137,1.034297449,9.257856261,133,46.02430658
37,6000,0.01,0.6977308331,4.363198525,0.6928549686,6.687135325,1.007037352,0.6524764811,0.6934904452,6.699407639,64,23.11774628
37,6000,0.02,0.5633394398,3.860411248,0.5431024031,5.907212863,1.037261917,0.653508065,0.5436658502,5.919476216,65,18.52278484
37,6000,0.05,0.3736790266,3.372254242,0.3148743247,5.432142484,1.186756103,0.6207963528,0.3153790052,5.449569713,67,23.84546351
37,6000,0.1,0.2581675313,3.277942134,0.1882392675,5.342409796,1.37148606,0.6135699543,0.1887182304,5.369631232,67,12.99111942
37,6000,0.2,0.1626607896,3.277940454,0.1099073579,5.309874596,1.479980892,0.6173291656,0.1103680571,5.354482749,67,14.89328338
37,8000,0.01,0.7899454255,5.95211099,0.7802765035,8.701727459,1.012391661,0.6840148715,0.7813634412,8.725987638,97,34.09508762
37,8000,0.02,0.6660552317,4.931234809,0.6572022911,7.614351692,1.013470648,0.6476237253,0.6582593117,7.638864689,99,34.66921652
37,8000,0.05,0.4833545226,4.140691739,0.4526207146,6.879164078,1.067901904,0.6019178627,0.4536544402,6.910622156,101,31.40865054
37,8000,0.1,0.3772326634,3.853128317,0.326823508,6.703603808,1.154239686,0.5747846125,0.3278448587,6.745567917,101,35.33177846
37,8000,0.2,0.3112345409,3.853231794,0.2590381838,6.6566314,1.20150063,0.5788561154,0.2600472017,6.708590855,101,25.91547927
37,10000,0.01,0.8421474067,7.232157156,0.8348540068,9.831308392,1.008736138,0.7356250936,0.8821584114,10.97699349,112,22.55065409
37,10000,0.02,0.750040423,5.79411544,0.7516742609,8.330483991,0.9978264016,0.6955316697,0.7857935188,9.103905908,127,44.10128323
37,10000,0.05,0.652442858,4.330944669,0.6841337322,7.411510399,0.9536773694,0.5843538544,0.7033574247,7.833879121,137,26.33556508
37,10000,0.1,0.6646337706,4.144064557,0.6983169986,7.569725862,0.9517651325,0.5474523956,0.7094953283,7.814010751,137,29.01659383
37,10000,0.2,0.7045825343,4.334982603,0.7141503371,7.915084645,0.986602537,0.5476861964,0.720539557,8.05734443,134,46.22477914
37,12000,0.01,0.884229326,8.092622343,0.8763687585,10.41839859,1.008969475,0.7767625968,0.9621542227,12.55788712,96,20.70342238
37,12000,0.02,0.8241043649,5.872390687,0.8318393599,8.164056197,0.9907013357,0.7192981706,0.9172401055,9.926430928,115,39.92986375
37,12000,0.05,0.8068895008,4.042724852,0.8395710058,6.933389067,0.9610735664,0.5830806281,0.9238072308,8.394472714,133,45.83051782
37,12000,0.1,0.8379337467,4.050473303,0.8711219201,7.111286203,0.9619018043,0.5695837837,0.9534317945,8.518625667,142,40.74700828
37,12000,0.2,0.8782614298,4.34284219,0.8970287931,7.735159098,0.9790783044,0.5614418702,0.9757161808,9.151736311,144,35.6368102
37,14000,0.01,0.9159368805,8.655822178,0.9085727301,11.26305534,1.008105185,0.768514574,0.9948748184,13.50435044,76,26.96306478
37,14000,0.02,0.8766400596,5.769614056,0.8889165334,8.493844906,0.9861893966,0.6792700032,0.9751725282,10.22222122,94,33.23485699
37,14000,0.05,0.878325661,4.043871498,0.9086991591,7.151574015,0.9665747483,0.5654519536,0.9948923454,8.572619826,114,39.62472872
37,14000,0.1,0.9088656321,3.953866679,0.930919462,7.217300177,0.9763096264,0.5478318183,1.017045232,8.614520027,126,36.68455331
37,14000,0.2,0.9291463469,4.150360339,0.9481439494,7.738714058,0.9799633774,0.53631137,1.034158758,9.206502431,133,38.02673551
38,6000,0.01,0.6960047973,4.343276195,0.6911409946,6.656601918,1.007037352,0.6524764811,0.6917766848,6.668852624,64,16.29072808
38,6000,0.02,0.5610825395,3.840759678,0.5409265782,5.877141972,1.037261917,0.653508065,0.5414903579,5.889399238,65,22.92042276
38,6000,0.05,0.3715057332,3.354057233,0.3130430357,5.402830121,1.186756103,0.6207963528,0.3135481686,5.420280433,67,19.71605744
38,6000,0.1,0.256574786,3.260334039,0.1870779394,5.313712017,1.37148606,0.6135699543,0.1875573634,5.340981781,67,19.42931571
38,6000,0.2,0.1616687253,3.260330406,0.1092370356,5.281348409,1.479980892,0.6173291656,0.1096981698,5.326031983,67,23.59822485
38,8000,0.01,0.7884919738,5.928772246,0.7788408421,8.667607231,1.012391661,0.6840148715,0.779927846,8.691818335,97,18.22461338
38,8000,0.02,0.6641289177,4.906949772,0.6553015809,7.576853009,1.013470648,0.6476237253,0.6563586764,7.601317827,99,34.60092689
38,8000,0.05,0.4811311672,4.118191485,0.4505387299,6.84178314,1.067901904,0.6019178627,0.4515725516,6.873217947,101,25.54282871
38,8000,0.1,0.3754896461,3.832007039,0.3253134081,6.666857387,1.154239686,0.5747846125,0.326334849,6.708789209,101,29.31266521
38,8000,0.2,0.3100075177,3.83208062,0.2580169416,6.620091795,1.20150063,0.5788561154,0.2590260333,6.67197477,101,35.30454541
38,10000,0.01,0.8409786778,7.202629854,0.8336953997,9.791169329,1.008736138,0.7356250936,0.881014918,10.93418143,112,35.78763939
38,10000,0.02,0.7486372959,5.764102025,0.7502680774,8.287332232,0.9978264016,0.6955316697,0.7844080436,9.058700263,127,33.84251443
38,10000,0.05,0.6513969618,4.306895322,0.683037034,7.370354946,0.9536773694,0.5843538544,0.7022741019,7.791358831,137,30.30267486
38,10000,0.1,0.66386227,4.121663896,0.6975063987,7.528807855,0.9517651325,0.5474523956,0.7086908531,7.772191208,138,26.97532947
38,10000,0.2,0.7037854195,4.311223634,0.7133423979,7.871704021,0.986602537,0.5476861964,0.7197349799,8.013419938,134,46.44840271
38,12000,0.01,0.8833454335,8.054121335,0.8754927236,10.3688326,1.008969475,0.7767625968,0.9612783855,12.5003777,96,18.31186845
38,12000,0.02,0.8232580092,5.838523724,0.8309850603,8.116972853,0.9907013357,0.7192981706,0.9163862017,9.871081645,115,39.869085
38,12000,0.05,0.8064430538,4.020105177,0.8391064763,6.894595676,0.9610735664,0.5830806281,0.9233432192,8.348356471,133,38.59385031
38,12000,0.1,0.837630366,4.028910011,0.8708065234,7.073428223,0.9619018043,0.5695837837,0.9531170485,8.473816968,142,42.02793941
38,12000,0.2,0.8780033176,4.320185675,0.8967651654,7.694804937,0.9790783044,0.5614418702,0.9754535229,9.104441681,144,49.65818239
38,14000,0.01,0.9153002418,8.609550528,0.9079412101,11.20284614,1.008105185,0.768514574,0.994243323,13.43378151,76,26.97800676
38,14000,0.02,0.8761481393,5.734599611,0.8884177241,8.442297738,0.9861893966,0.6792700032,0.9746737361,10.16119447,94,33.11673442
38,14000,0.05,0.8780810575,4.021237812,0.9084460969,7.111546413,0.9665747483,0.5654519536,0.9946392936,8.525050228,114,37.30177542
38,14000,0.1,0.90869769,3.932723545,0.9307474447,7.178705971,0.9763096264,0.5478318183,1.016873225,8.568722629,126,43.73812761
38,14000,0.2,0.9290192946,4.128748755,0.9480142992,7.698417348,0.9799633774,0.53631137,1.034029121,9.158771306,133,28.51526051
39,6000,0.01,0.6939883421,4.323411548,0.6891386307,6.626156916,1.007037352,0.6524764811,0.6897745714,6.638391863,64,22.99390445
39,6000,0.02,0.5582726805,3.820062987,0.5382176587,5.845471834,1.037261917,0.653508065,0.5387818557,5.857733513,65,23.09743835
39,6000,0.05,0.3689452844,3.336735217,0.3108855168,5.374927223,1.186756103,0.6207963528,0.3113911882,5.392426639,67,19.26575837
39,6000,0.1,0.2547884323,3.244308845,0.1857754444,5.287594059,1.37148606,0.6135699543,0.186255391,5.314950105,67,23.89430449
39,6000,0.2,0.1605615587,3.244340227,0.1084889403,5.255446215,1.479980892,0.6173291656,0.1089505647,5.300265598,67,19.1539818
39,8000,0.01,0.7868371631,5.909813326,0.7772062862,8.639890114,1.012391661,0.6840148715,0.7782933661,8.664076277,98,19.3447949
39,8000,0.02,0.6618179825,4.881904359,0.6530213617,7.538180225,1.013470648,0.6476237253,0.6540785475,7.56260732,99,34.78702576
39,8000,0.05,0.4784536666,4.095848874,0.4480314765,6.804664105,1.067901904,0.6019178627,0.4490654147,6.836107078,101,35.38179533
39,8000,0.1,0.3735872136,3.812584567,0.3236651954,6.633066517,1.154239686,0.5747846125,0.3246867354,6.675002668,101,32.51265671
39,8000,0.2,0.308757592,3.812832836,0.2569766377,6.586840382,1.20150063,0.5788561154,0.2579858053,6.638676047,102,35.69942651
39,10000,0.01,0.8397498357,7.180469576,0.8324772,9.76104491,1.008736138,0.7356250936,0.8798126381,10.90264842,112,32.39654494
39,10000,0.02,0.7470566003,5.734213693,0.7486839385,8.244360312,0.9978264016,0.6955316697,0.7828473003,9.013927231,127,37.33434692
39,10000,0.05,0.650214575,4.283316951,0.6817972155,7.330005473,0.9536773694,0.5843538544,0.701049456,7.749811974,138,42.00152843
39,10000,0.1,0.6630848406,4.100877301,0.6966895697,7.490838171,0.9517651325,0.5474523956,0.7078802077,7.733415363,138,27.67372705
39,10000,0.2,0.7030338862,4.289486959,0.7125806593,7.832015828,0.986602537,0.5476861964,0.7189764177,7.973239083,134,46.18165773
39,12000,0.01,0.8824579746,8.026652932,0.874613154,10.33346992,1.008969475,0.7767625968,0.9603990145,12.45998679,96,22.33023419
39,12000,0.02,0.8223664264,5.806671331,0.8300851092,8.072690254,0.9907013357,0.7192981706,0.9154866678,9.81922227,115,23.08078563
39,12000,0.05,0.8059881867,3.998810116,0.8386331857,6.858074036,0.9610735664,0.5830806281,0.9228704568,8.304998688,134,46.36478094
39,12000,0.1,0.837339394,4.009069347,0.8705040268,7.038594605,0.9619018043,0.5695837837,0.9528151761,8.432604176,142,38.90479997
39,12000,0.2,0.8777619262,4.29946418,0.8965186158,7.657897297,0.9790783044,0.5614418702,0.9752078806,9.061191689,144,40.90735308
39,14000,0.01,0.9146835814,8.576935661,0.9073295076,11.1604073,1.008105185,0.768514574,0.9936316443,13.38445842,76,27.27151945
39,14000,0.02,0.8756568871,5.703147632,0.8879195925,8.395995121,0.9861893966,0.6792700032,0.9741756216,10.1064682,94,26.29214441
39,14000,0.05,0.8778461467,4.000444793,0.9082030627,7.074774023,0.9665747483,0.5654519536,0.9943962693,8.481362406,114,39.84682902
39,14000,0.1,0.9085409509,3.913460846,0.9305869024,7.143544269,0.9763096264,0.5478318183,1.016712692,8.527001892,126,43.82342265
39,14000,0.2,0.9289018709,4.109076518,0.9478944747,7.661736722,0.9799633774,0.53631137,1.033909309,9.115324455,133,26.06178584
40,6000,0.01,0.6923194075,4.305523463,0.6874813589,6.598741238,1.007037352,0.6524764811,0.6881175077,6.610958948,64,22.80389001
40,6000,0.02,0.5560698921,3.801992006,0.5360940019,5.817819564,1.037261917,0.653508065,0.5366585277,5.830078752,66,19.38796278
40,6000,0.05,0.3668720088,3.320658172,0.309138506,5.349029769,1.186756103,0.6207963528,0.3096446178,5.36655863,67,24.1207877
40,6000,0.1,0.2533081388,3.228939345,0.184696109,5.262544755,1.37148606,0.6135699543,0.1851764929,5.289955508,67,19.53211923
40,6000,0.2,0.1596455313,3.228964352,0.1078699949,5.230539123,1.479980892,0.6173291656,0.1083320288,5.275442473,67,23.52240454
40,8000,0.01,0.785482054,5.890685575,0.7758677637,8.611926174,1.012391661,0.6840148715,0.7769549057,8.636077058,98,28.80250911
40,8000,0.02,0.6599284336,4.859740724,0.651156928,7.503957212,1.013470648,0.6476237253,0.652214188,7.528344804,99,34.60433685
40,8000,0.05,0.476301951,4.075714162,0.4460165765,6.771213175,1.067901904,0.6019178627,0.4470506092,6.802645963,101,19.25097701
40,8000,0.1,0.3719691715,3.794133905,0.3222633703,6.600966384,1.154239686,0.5747846125,0.3232849953,6.642884903,102,29.03965154
40,8000,0.2,0.3076524101,3.794393631,0.2560568031,6.554985825,1.20150063,0.5788561154,0.2570660378,6.606759939,102,36.19049231
40,10000,0.01,0.8386524598,7.16136904,0.8313893279,9.735079869,1.008736138,0.7356250936,0.8787390538,10.87553135,113,39.31435307
40,10000,0.02,0.7457194059,5.707399482,0.7473438313,8.205808204,0.9978264016,0.6955316697,0.7815270406,8.973636469,127,43.94581163
40,10000,0.05,0.6492249456,4.26187378,0.6807595172,7.293309948,0.9536773694,0.5843538544,0.7000244844,7.711940816,138,47.67010787
40,10000,0.1,0.6623849371,4.081275021,0.6959541955,7.455031806,0.9517651325,0.5474523956,0.7071504117,7.696828029,138,33.13178186
40,10000,0.2,0.7023244137,4.268768049,0.7118615525,7.794185936,0.986602537,0.5476861964,0.7182603156,7.934936052,134,46.56677922
40,12000,0.01,0.8816534624,8.003189422,0.8738157937,10.30326313,1.008969475,0.7767625968,0.959601835,12.42559375,97,33.98277719
40,12000,0.02,0.8215919679,5.777596543,0.8293033817,8.032269202,0.9907013357,0.7192981706,0.9147053031,9.771782158,115,22.17765793
40,12000,0.05,0.8055814799,3.978974367,0.838210006,6.824055156,0.9610735664,0.5830806281,0.9224477493,8.264572576,134,38.71217152
40,12000,0.1,0.8370676959,3.990275117,0.8702215675,7.005598178,0.9619018043,0.5695837837,0.9525333,8.393553696,142,41.02157208
40,12000,0.2,0.8775324311,4.279739219,0.8962842166,7.622764611,0.9790783044,0.5614418702,0.9749743442,9.020017645,144,30.53106414
40,14000,0.01,0.9141527878,8.545832137,0.9068029816,11.11993504,1.008105185,0.768514574,0.9931051388,13.33726651,76,26.90210444
40,14000,0.02,0.8752220812,5.674118555,0.8874786976,8.353259422,0.9861893966,0.6792700032,0.9737347419,10.0559111,94,27.03176678
40,14000,0.05,0.8776278747,3.98085741,0.9079772426,7.040133799,0.9665747483,0.5654519536,0.9941704584,8.440199147,114,39.69618173
40,14000,0.1,0.9083921247,3.895134346,0.9304344649,7.110091484,0.9763096264,0.5478318183,1.016560264,8.48730619,126,24.27666229
40,14000,0.2,0.9287895431,4.090323088,0.9477798502,7.626769293,0.9799633774,0.53631137,1.033794696,9.07390579,133,45.7942707
41,6000,0.01,0.6913082443,4.292870708,0.6864772619,6.579349344,1.007037352,0.6524764811,0.6871135372,6.591551401,64,22.60150317
41,6000,0.02,0.5546959891,3.788057372,0.534769454,5.796496745,1.037261917,0.653508065,0.5353341863,5.808745752,66,23.49842316
41,6000,0.05,0.365379387,3.306058387,0.3078807735,5.325511937,1.186756103,0.6207963528,0.3083872047,5.343046151,67,19.00604027
41,6000,0.1,0.2521934921,3.214499481,0.1838833798,5.239010578,1.37148606,0.6135699543,0.1843640958,5.266438482,67,13.00069485
41,6000,0.2,0.1589635713,3.214495323,0.1074092052,5.207101011,1.479980892,0.6173291656,0.1078715463,5.252025248,67,19.28585607
41,8000,0.01,0.7846216743,5.87768021,0.775017915,8.592912895,1.012391661,0.6840148715,0.7761050966,8.617037781,98,34.26742657
41,8000,0.02,0.6587577896,4.84355438,0.6500018438,7.478963773,1.013470648,0.6476237253,0.65105915,7.50331443,99,28.778792
41,8000,0.05,0.4748131277,4.058317339,0.4446224191,6.742310855,1.067901904,0.6019178627,0.4456565175,6.773709726,101,35.86503191
41,8000,0.1,0.3707118489,3.776985807,0.3211740623,6.57113243,1.154239686,0.5747846125,0.3221957536,6.613005971,102,21.98800919
41,8000,0.2,0.3067286996,3.777127669,0.2552880057,6.525158097,1.20150063,0.5788561154,0.256297297,6.576855031,102,35.46217297
41,10000,0.01,0.8379684874,7.147052151,0.830711279,9.715617661,1.008736138,0.7356250936,0.8780698952,10.85496372,113,32.45260982
41,10000,0.02,0.7448293139,5.688070927,0.7464518003,8.178018593,0.9978264016,0.6955316697,0.7806482502,8.944484899,127,43.91139386
41,10000,0.05,0.6484969684,4.243639986,0.6799961802,7.262106606,0.9536773694,0.5843538544,0.6992705298,7.679626967,138,48.06202308
41,10000,0.1,0.6617854248,4.063292784,0.6953243003,7.42218468,0.9517651325,0.5474523956,0.706525303,7.663239193,138,30.77863179
41,10000,0.2,0.7016735963,4.24948797,0.7112018974,7.758983152,0.986602537,0.5476861964,0.7176034228,7.89928892,135,26.58805836
41,12000,0.01,0.88114072,7.985469614,0.8733076095,10.28045074,1.008969475,0.7767625968,0.9590937658,12.39937526,97,19.03723777
41,12000,0.02,0.8210344527,5.755669968,0.8287406337,8.001785913,0.9907013357,0.7192981706,0.9141428164,9.735937182,115,23.41842333
41,12000,0.05,0.8052474868,3.961708442,0.8378624851,6.7944436,0.9610735664,0.5830806281,0.9221006164,8.229340487,134,46.77458918
41,12000,0.1,0.8368261391,3.973095485,0.8699704433,6.975436448,0.9619018043,0.5695837837,0.9522826944,8.357842339,142,49.04270513
41,12000,0.2,0.8773211667,4.261468874,0.8960684378,7.590222783,0.9790783044,0.5614418702,0.9747593598,8.981874663,144,49.6715605
41,14000,0.01,0.9137524075,8.527885141,0.9064058204,11.0965822,1.008105185,0.768514574,0.9927079932,13.31027109,77,26.6670519
41,14000,0.02,0.87489035,5.651264247,0.8871423207,8.319614028,0.9861893966,0.6792700032,0.9733983766,10.01608078,94,27.46611783
41,14000,0.05,0.8774378851,3.963462806,0.9077806829,7.009371496,0.9665747483,0.5654519536,0.9939739068,8.403634816,114,33.07875768
41,14000,0.1,0.9082563901,3.878304432,0.9302954366,7.079370534,0.9763096264,0.5478318183,1.016421244,8.45084877,126,43.75505159
41,14000,0.2,0.9286854096,4.072947606,0.9476735875,7.594371169,0.9799633774,0.53631137,1.033688444,9.035529089,133,45.91714496
42,6000,0.01,0.6895522073,4.274206853,0.6847334964,6.550744704,1.007037352,0.6524764811,0.6853699919,6.562928883,64,18.79904139
42,6000,0.02,0.5523883976,3.76969712,0.5325447589,5.768401833,1.037261917,0.653508065,0.5331098397,5.780649977,66,23.53856185
42,6000,0.05,0.3632709582,3.289692427,0.3061041415,5.299149089,1.186756103,0.6207963528,0.3066110276,5.316713626,67,19.39072832
42,6000,0.1,0.2506998762,3.198885048,0.1827943305,5.213562081,1.37148606,0.6135699543,0.1832754949,5.241045232,67,12.97790822
42,6000,0.2,0.1580401489,3.198881685,0.1067852631,5.181808772,1.479980892,0.6173291656,0.1072480234,5.226817439,67,18.24986577
42,8000,0.01,0.7831809886,5.856864524,0.7735948633,8.562481268,1.012391661,0.6840148715,0.7746821114,8.586566443,98,34.29082655
42,8000,0.02,0.6567465703,4.821049479,0.6480173567,7.444213808,1.013470648,0.6476237253,0.6490747428,7.468527446,100,34.90508899
42,8000,0.05,0.4726100964,4.037798137,0.4425594662,6.70822115,1.067901904,0.6019178627,0.4435936625,6.739610034,101,35.36559383
42,8000,0.1,0.3690775624,3.758232213,0.3197581635,6.538505262,1.154239686,0.5747846125,0.3207799416,6.58035924,102,30.13855878
42,8000,0.2,0.3056074125,3.758401812,0.2543547668,6.492808337,1.20150063,0.5788561154,0.2553641269,6.544441611,102,24.74471677
42,10000,0.01,0.8368508835,7.122869062,0.8296033541,9.682743457,1.008736138,0.7356250936,0.8769765156,10.82015181,113,39.35645532
42,10000,0.02,0.7434267752,5.660107068,0.7450462065,8.137813581,0.9978264016,0.6955316697,0.7792635647,8.902460656,127,43.15094511
42,10000,0.05,0.6474828684,4.221840209,0.6789328227,7.224800823,0.9536773694,0.5843538544,0.6982202712,7.641122737,138,39.4458575
42,10000,0.1,0.6610660066,4.0433617,0.6945684224,7.385777709,0.9517651325,0.5474523956,0.7057751792,7.626037294,138,27.34938183
42,10000,0.2,0.7009435994,4.228433544,0.7104619877,7.720540653,0.986602537,0.5476861964,0.716866616,7.860365361,135,25.45328756
42,12000,0.01,0.8803265844,7.955757051,0.8725007113,10.24219895,1.008969475,0.7767625968,0.9582870502,12.35528782,97,30.04326672
42,12000,0.02,0.8202209345,5.725106435,0.8279194798,7.959295142,0.9907013357,0.7192981706,0.9133220441,9.686040645,115,39.82397992
42,12000,0.05,0.8048282037,3.941469992,0.8374262198,6.759734079,0.9610735664,0.5830806281,0.9216648383,8.188088749,134,38.67575801
42,12000,0.1,0.8365462866,3.953979313,0.8696795067,6.941874797,0.9619018043,0.5695837837,0.9519923586,8.318120905,142,43.8708236
42,12000,0.2,0.8770842522,4.241412868,0.8958264607,7.554500463,0.9790783044,0.5614418702,0.9745182739,8.940008958,145,27.09739771
42,14000,0.01,0.9131848872,8.493304697,0.9058428629,11.05158573,1.008105185,0.768514574,0.9921450577,13.25773121,77,27.21920545
42,14000,0.02,0.8744340883,5.62077326,0.8866796695,8.274726152,0.9861893966,0.6792700032,0.9729357414,9.962961313,94,27.29155215
42,14000,0.05,0.877212036,3.943424515,0.9075470237,6.973933842,0.9665747483,0.5654519536,0.9937402572,8.361521619,114,33.36231841
42,14000,0.1,0.9081027756,3.859637451,0.9301380946,7.045296243,0.9763096264,0.5478318183,1.016263912,8.410414562,126,27.46263704
42,14000,0.2,0.9285695034,4.053867094,0.9475553115,7.558793866,0.9799633774,0.53631137,1.03357018,8.993387434,133,45.85589674
43,6000,0.01,0.6876793167,4.254896517,0.6828736939,6.521149253,1.007037352,0.6524764811,0.6835104253,6.533315943,64,17.17720625
43,6000,0.02,0.5499297028,3.750693205,0.5301743887,5.739321985,1.037261917,0.653508065,0.5307398433,5.751570999,66,23.54664574
43,6000,0.05,0.3610004342,3.272745013,0.3041909229,5.271849615,1.186756103,0.6207963528,0.3046983034,5.289450828,67,23.73526254
43,6000,0.1,0.2490799368,3.18276183,0.1816131742,5.187284363,1.37148606,0.6135699543,0.1820948298,5.214835198,67,18.71546488
43,6000,0.2,0.1570330989,3.182763615,0.1061048151,5.15569941,1.479980892,0.6173291656,0.1065680368,5.200814141,67,19.0782213
43,8000,0.01,0.7816453109,5.835422616,0.7720779823,8.53113413,1.012391661,0.6840148715,0.7731653015,8.555179883,98,34.22423729
43,8000,0.02,0.6546494265,4.797533874,0.6459480873,7.40790321,1.013470648,0.6476237253,0.6470055569,7.432177745,100,34.99253688
43,8000,0.05,0.4702452457,4.016520769,0.4403449832,6.672871861,1.067901904,0.6019178627,0.4413792854,6.704255761,101,35.5241832
43,8000,0.1,0.3673229626,3.738834932,0.3182380288,6.50475822,1.154239686,0.5747846125,0.3192599005,6.546599232,102,32.16222957
43,8000,0.2,0.3044141843,3.739040185,0.253361652,6.459360255,1.20150063,0.5788561154,0.2543710856,6.510933052,102,24.64569268
43,10000,0.01,0.8356602896,7.098118791,0.8284230713,9.649098233,1.008736138,0.7356250936,0.8758117556,10.78459642,113,33.90414807
43,10000,0.02,0.7418902652,5.631525565,0.7435063494,8.096720552,0.9978264016,0.6955316697,0.7777467201,8.859641804,128,44.80859317
43,10000,0.05,0.6464081978,4.199263059,0.6778059526,7.18616473,0.9536773694,0.5843538544,0.6971073194,7.601261908,138,47.7320997
43,10000,0.1,0.6603077866,4.022723216,0.6937717764,7.348078571,0.9517651325,0.5474523956,0.7049846099,7.58751928,138,47.705665
43,10000,0.2,0.7001784027,4.206617169,0.7096864001,7.680706938,0.986602537,0.5476861964,0.7160942875,7.820034113,135,45.27088262
43,12000,0.01,0.8794604471,7.925360376,0.8716422737,10.20306643,1.008969475,0.7767625968,0.9574288071,12.31025716,97,28.47008444
43,12000,0.02,0.819357569,5.693391429,0.8270480108,7.915203544,0.9907013357,0.7192981706,0.9124509805,9.634290315,115,21.6734804
43,12000,0.05,0.8043869021,3.920501429,0.8369670441,6.723772391,0.9610735664,0.5830806281,0.9212061756,8.145354107,134,25.58908413
43,12000,0.1,0.8362523252,3.934181086,0.8693739022,6.907115685,0.9619018043,0.5695837837,0.9516873857,8.276984804,143,49.65263024
43,12000,0.2,0.8768363837,4.220619451,0.8955732956,7.51746472,0.9790783044,0.5614418702,0.9742660413,8.896603972,145,28.45012187
43,14000,0.01,0.9125820768,8.457882279,0.9052448992,11.00549367,1.008105185,0.768514574,0.9915471174,13.20395599,77,22.68770648
43,14000,0.02,0.873951629,5.589172651,0.8861904539,8.228204727,0.9861893966,0.6792700032,0.9724465426,9.907918536,94,32.80499148
43,14000,0.05,0.8769726442,3.922671738,0.9072993535,6.93723262,0.9665747483,0.5654519536,0.9934925971,8.317912078,115,40.30648776
43,14000,0.1,0.9079420208,3.840297393,0.9299734391,7.009993331,0.9763096264,0.5478318183,1.016099266,8.368522545,126,23.91469995
43,14000,0.2,0.9284482427,4.034078181,0.9474315714,7.521895686,0.9799633774,0.53631137,1.033446453,8.949681069,133,38.75891549
44,6000,0.01,0.6858041782,4.235657808,0.6810116592,6.491663578,1.007037352,0.6524764811,0.6816486276,6.50381291,64,22.58391692
44,6000,0.02,0.5474552914,3.731521608,0.5277888664,5.70998555,1.037261917,0.653508065,0.5283546999,5.72223527,66,19.37293896
44,6000,0.05,0.3587003076,3.255510784,0.30225276,5.244088129,1.186756103,0.6207963528,0.3027606465,5.261726608,67,19.69723307
44,6000,0.1,0.247395406,3.166152221,0.180384922,5.160213923,1.37148606,0.6135699543,0.1808670936,5.187837449,67,23.92042584
44,6000,0.2,0.1559767089,3.166136082,0.1053910289,5.12876478,1.479980892,0.6173291656,0.1058547395,5.173996236,67,19.37210576
44,8000,0.01,0.7800972629,5.81421248,0.7705488824,8.500125834,1.012391661,0.6840148715,0.7716362736,8.524133354,98,34.24853733
44,8000,0.02,0.6525409598,4.773900345,0.6438676456,7.371410525,1.013470648,0.6476237253,0.6449251997,7.395645529,100,27.42517671
44,8000,0.05,0.467835138,3.994961985,0.4380881207,6.637055041,1.067901904,0.6019178627,0.4391225317,6.668434793,102,29.4548264
44,8000,0.1,0.3655118948,3.718896278,0.3166689719,6.470069305,1.154239686,0.5747846125,0.317690941,6.511897722,102,20.11993146
44,8000,0.2,0.3031692617,3.71904921,0.2523255122,6.424824945,1.20150063,0.5788561154,0.253335023,6.476337015,102,35.54999735
44,10000,0.01,0.8344554035,7.073412237,0.8272286201,9.615512437,1.008736138,0.7356250936,0.8746330426,10.74912447,113,21.48975951
44,10000,0.02,0.7403833557,5.602459942,0.7419961573,8.054931481,0.9978264016,0.6955316697,0.7762591228,8.816007936,128,37.13996668
44,10000,0.05,0.6453117767,4.176192191,0.6766562754,7.146683741,0.9536773694,0.5843538544,0.6959718816,7.560520994,138,47.73235216
44,10000,0.1,0.6595256542,4.001473646,0.6929500059,7.309263195,0.9517651325,0.5474523956,0.7041691209,7.547858466,138,38.00669618
44,10000,0.2,0.6993817283,4.184072899,0.7088789073,7.639544189,0.986602537,0.5476861964,0.7152901939,7.778357173,135,47.09035101
44,12000,0.01,0.8785818325,7.894678191,0.8707714697,10.16356635,1.008969475,0.7767625968,0.9565582005,12.26480204,97,34.02379971
44,12000,0.02,0.8184554512,5.661787472,0.8261374258,7.871266331,0.9907013357,0.7192981706,0.9115408202,9.582796307,116,34.0859729
44,12000,0.05,0.8039337609,3.899019343,0.8364955494,6.686929998,0.9610735664,0.5830806281,0.9207352079,8.101566635,134,48.87828092
44,12000,0.1,0.8359481112,3.91375241,0.8690576392,6.871249712,0.9619018043,0.5695837837,0.9513717763,8.234535299,143,48.09694188
44,12000,0.2,0.8765779349,4.199107029,0.8953093241,7.479148336,0.9790783044,0.5614418702,0.9740030425,8.851697399,145,42.18422647
44,14000,0.01,0.9119691126,8.421993503,0.9046368632,10.95879478,1.008105185,0.768514574,0.9909391051,13.14946752,77,24.03715528
44,14000,0.02,0.873458515,5.557093373,0.8856904343,8.18097862,0.9861893966,0.6792700032,0.9719465403,9.852038621,94,21.08592481
44,14000,0.05,0.8767277177,3.901339713,0.9070459571,6.899507001,0.9665747483,0.5654519536,0.9932392112,8.273079323,115,40.20172943
44,14000,0.1,0.9077748902,3.820323716,0.929802253,6.973533826,0.9763096264,0.5478318183,1.01592809,8.325257228,126,23.90221826
44,14000,0.2,0.9283217595,4.013593997,0.9473025022,7.483701113,0.9799633774,0.53631137,1.033317397,8.90443869,133,49.30156199
45,6000,0.01,0.6840427141,4.216827632,0.6792625045,6.46280403,1.007037352,0.6524764811,0.6798996964,6.47493477,64,23.0336819
45,6000,0.02,0.5451855075,3.713109439,0.5256006207,5.681811194,1.037261917,0.653508065,0.526166804,5.694058818,66,23.4614612
45,6000,0.05,0.3566365995,3.238856971,0.3005138112,5.217261598,1.186756103,0.6207963528,0.3010221561,5.234927418,67,19.76482613
45,6000,0.1,0.2459521483,3.150363025,0.1793325907,5.134480597,1.37148606,0.6135699543,0.1798152088,5.16215351,67,23.97226077
45,6000,0.2,0.155087269,3.150377324,0.1047900482,5.103237461,1.479980892,0.6173291656,0.1052541745,5.148543129,67,13.21909794
45,8000,0.01,0.7786028784,5.791470656,0.7690727891,8.466878276,1.012391661,0.6840148715,0.77016025,8.49083936,98,34.59278636
45,8000,0.02,0.6506014801,4.751322623,0.6419539446,7.336548117,1.013470648,0.6476237253,0.6430115769,7.360742257,100,35.3432224
45,8000,0.05,0.4656552276,3.974069365,0.4360468186,6.602344957,1.067901904,0.6019178627,0.4370813288,6.633709916,102,35.82783534
45,8000,0.1,0.3639071924,3.69990517,0.3152787039,6.437028915,1.154239686,0.5747846125,0.3163007599,6.478831091,102,35.92688524
45,8000,0.2,0.3020610422,3.700165838,0.2514031493,6.392203069,1.20150063,0.5788561154,0.2524127291,6.443645519,102,29.68159964
45,10000,0.01,0.8332708844,7.045461366,0.8260543595,9.577516357,1.008736138,0.7356250936,0.8734742826,10.70867881,113,21.59638102
45,10000,0.02,0.738974644,5.574074506,0.740584377,8.014120347,0.9978264016,0.6955316697,0.7748685248,8.773296521,128,41.59607151
45,10000,0.05,0.6443037296,4.154312327,0.6755992648,7.109240908,0.9536773694,0.5843538544,0.6949279979,7.52184731,138,50.21051207
45,10000,0.1,0.6587924611,3.981318924,0.692179655,7.272447717,0.9517651325,0.5474523956,0.7034046706,7.510233554,138,25.92658458
45,10000,0.2,0.6986326885,4.162841565,0.708119696,7.60077868,0.986602537,0.5476861964,0.7145341863,7.739105422,135,39.34085535
45,12000,0.01,0.8777133705,7.859984278,0.8699107282,10.11890159,1.008969475,0.7767625968,0.9556976542,12.21307541,97,18.86104985
45,12000,0.02,0.8176210916,5.62999691,0.8252952349,7.827069692,0.9907013357,0.7192981706,0.9106990217,9.530819961,116,21.81770864
45,12000,0.05,0.8035106773,3.878687709,0.8360553295,6.652060662,0.9610735664,0.5830806281,0.9202954803,8.060105752,134,48.32191419
45,12000,0.1,0.8356616681,3.894467697,0.8687598509,6.83739216,0.9619018043,0.5695837837,0.9510746037,8.194456902,143,41.70468309
45,12000,0.2,0.8763337867,4.178875267,0.8950599587,7.443112972,0.9790783044,0.5614418702,0.9737545961,8.809462149,145,50.21466831
45,14000,0.01,0.9113638118,8.381996483,0.904036429,10.9067502,1.008105185,0.768514574,0.9903386945,13.08853385,77,27.42396568
45,14000,0.02,0.8729675916,5.525421523,0.8851926361,8.134352315,0.9861893966,0.6792700032,0.9714487593,9.796866494,95,28.04053024
45,14000,0.05,0.8764956323,3.881017642,0.906805846,6.863567482,0.9665747483,0.5654519536,0.9929991098,8.230363259,115,33.44968952
45,14000,0.1,0.9076166075,3.801440465,0.9296401295,6.939064761,0.9763096264,0.5478318183,1.015765977,8.284351922,126,43.9129997
45,14000,0.2,0.9282021624,3.9943268,0.9471804598,7.447775721,0.9799633774,0.53631137,1.033195367,8.861883378,133,25.56293468
46,6000,0.01,0.6817121038,4.193635754,0.6769481809,6.427259641,1.007037352,0.6524764811,0.6775856699,6.439370573,64,24.92417834
46,6000,0.02,0.5421080046,3.690286228,0.5226336721,5.646887048,1.037261917,0.653508065,0.5232003334,5.659138869,66,13.10797634
46,6000,0.05,0.353988624,3.219952706,0.2982825393,5.18680996,1.186756103,0.6207963528,0.2987914785,5.204524862,67,23.69559738
46,6000,0.1,0.2441113152,3.132780296,0.1779903729,5.10582416,1.37148606,0.6135699543,0.1784735664,5.133583528,67,17.09936434
46,6000,0.2,0.1539387765,3.132858364,0.1040140298,5.074858824,1.479980892,0.6173291656,0.104478698,5.120302559,67,22.08400634
46,8000,0.01,0.7766222499,5.765686125,0.7671164035,8.429182414,1.012391661,0.6840148715,0.7682039573,8.453099744,99,34.82985627
46,8000,0.02,0.648001282,4.72288101,0.6393883073,7.292631238,1.013470648,0.6476237253,0.6404460449,7.31677954,100,21.74497885
46,8000,0.05,0.4628246179,3.949668917,0.4333961915,6.561807119,1.067901904,0.6019178627,0.4344308315,6.593174316,102,29.45600648
46,8000,0.1,0.3619072658,3.678601375,0.3135460252,6.399964953,1.154239686,0.5747846125,0.3145681903,6.441760947,102,35.94926667
46,8000,0.2,0.3007216274,3.679076208,0.2502883644,6.355769785,1.20150063,0.5788561154,0.2512980281,6.407151585,103,35.98449106
46,10000,0.01,0.8316827953,7.013144624,0.824480024,9.533585362,1.008736138,0.7356250936,0.8719208181,10.66227988,114,32.96839884
46,10000,0.02,0.7371664964,5.539186347,0.7387722907,7.96395993,0.9978264016,0.6955316697,0.7730837107,8.720892147,128,25.43509654
46,10000,0.05,0.6430175195,4.128475734,0.67425058,7.065026957,0.9536773694,0.5843538544,0.6935961199,7.476261368,139,36.18240298
46,10000,0.1,0.6579232438,3.958505574,0.6912663863,7.230775873,0.9517651325,0.5474523956,0.7024984125,7.467663087,138,47.92357502
46,10000,0.2,0.697774008,4.138999359,0.7072493551,7.557246078,0.986602537,0.5476861964,0.7136675261,7.695029954,135,46.61389596
46,12000,0.01,0.876567693,7.814156782,0.8687752354,10.05990352,1.008969475,0.7767625968,0.9545624193,12.14472303,97,18.95112814
46,12000,0.02,0.8165878924,5.59178756,0.8242523382,7.77394937,0.9907013357,0.7192981706,0.9096566114,9.468393375,116,40.47341017
46,12000,0.05,0.8030041557,3.85510686,0.8355282923,6.611618829,0.9610735664,0.5830806281,0.9197690327,8.012038988,134,46.70634024
46,12000,0.1,0.8353284041,3.872575042,0.8684133873,6.798955927,0.9619018043,0.5695837837,0.9507288566,8.148966981,143,34.1403399
46,12000,0.2,0.8760540198,4.156063091,0.8947742136,7.40248156,0.9790783044,0.5614418702,0.9734699045,8.761843139,145,50.33591747
46,14000,0.01,0.9105497903,8.326991395,0.9032289522,10.83517695,1.008105185,0.768514574,0.9895312494,13.00466998,77,26.60826375
46,14000,0.02,0.8723864104,5.486796493,0.884603316,8.077489758,0.9861893966,0.6792700032,0.9708594595,9.729533617,95,25.28853743
46,14000,0.05,0.8762264183,3.857737727,0.9065273222,6.822397026,0.9665747483,0.5654519536,0.9927205975,8.18143076,115,40.41957207
46,14000,0.1,0.907435255,3.780071516,0.9294543764,6.900058358,0.9763096264,0.5478318183,1.015580235,8.238062654,126,43.94559465
46,14000,0.2,0.9280657092,3.972594415,0.9470412166,7.407253765,0.9799633774,0.53631137,1.033056139,8.81388354,133,38.53936364
47,6000,0.01,0.6803595391,4.179092716,0.6756050681,6.404970658,1.007037352,0.6524764811,0.6762427302,6.417066879,64,23.32937539
47,6000,0.02,0.5402970474,3.675246154,0.5208877705,5.623872681,1.037261917,0.653508065,0.521454715,5.636121612,66,21.94090659
47,6000,0.05,0.3523108932,3.205965083,0.2968688277,5.164278219,1.186756103,0.6207963528,0.2973781471,5.182013482,67,13.28103914
47,6000,0.1,0.2429084306,3.11921109,0.1771133062,5.083708986,1.37148606,0.6135699543,0.1775968795,5.111507032,67,19.51627186
47,6000,0.2,0.1531998752,3.119273187,0.1035147657,5.052852451,1.479980892,0.6173291656,0.1039797859,5.098352361,67,23.81305858
47,8000,0.01,0.7755066458,5.750596202,0.7660144543,8.407121602,1.012391661,0.6840148715,0.7671020606,8.43101183,99,19.13584352
47,8000,0.02,0.6464598834,4.704592563,0.6378673963,7.264391929,1.013470648,0.6476237253,0.6389251968,7.288505557,100,29.32280502
47,8000,0.05,0.4610753662,3.932441363,0.4317581649,6.533186015,1.067901904,0.6019178627,0.4327928858,6.564537474,102,19.99369944
47,8000,0.1,0.3605629314,3.662410937,0.3123813326,6.371797119,1.154239686,0.5747846125,0.3134035715,6.413567579,103,30.09295127
47,8000,0.2,0.2997821019,3.66284794,0.2495064044,6.327734721,1.20150063,0.5788561154,0.2505161272,6.379053533,103,36.04908129
47,10000,0.01,0.8308197446,6.996237771,0.8236244477,9.510602387,1.008736138,0.7356250936,0.8710765821,10.6380553,114,33.47440146
47,10000,0.02,0.7360555153,5.517330612,0.7376588895,7.932536867,0.9978264016,0.6955316697,0.7719871145,8.688024586,128,44.36170311
47,10000,0.05,0.6421866006,4.11019037,0.6733793012,7.033735362,0.9536773694,0.5843538544,0.6927357227,7.443919477,139,26.59140797
47,10000,0.1,0.6573009642,3.941375903,0.69061257,7.199486083,0.9517651325,0.5474523956,0.7018496264,7.435679892,139,40.32300997
47,10000,0.2,0.6971255151,4.120806344,0.706592056,7.524028122,0.986602537,0.5476861964,0.7130130125,7.661394414,135,46.71775682
47,12000,0.01,0.8758938497,7.796248454,0.8681073824,10.03684844,1.008969475,0.7767625968,0.9538947188,12.11856944,98,34.36845279
47,12000,0.02,0.815938259,5.568017699,0.8235966074,7.740903462,0.9907013357,0.7192981706,0.9090011867,9.429560554,116,40.65773378
47,12000,0.05,0.8026492277,3.838122341,0.8351589886,6.582489892,0.9610735664,0.5830806281,0.9194001425,7.9773935,134,25.41484881
47,12000,0.1,0.8350824409,3.856183623,0.8681576822,6.770178037,0.9619018043,0.5695837837,0.9504736806,8.114897809,143,41.18685941
47,12000,0.2,0.8758423023,4.138774261,0.8945579719,7.371687935,0.9790783044,0.5614418702,0.9732544602,8.725750016,145,42.80805068
47,14000,0.01,0.9101092517,8.302474356,0.9027919556,10.80327509,1.008105185,0.768514574,0.9890942699,12.96747578,77,27.47773609
47,14000,0.02,0.8720179839,5.462899627,0.88422973,8.042309539,0.9861893966,0.6792700032,0.9704858865,9.68788571,95,34.39868649
47,14000,0.05,0.8760317647,3.840889378,0.9063259373,6.792600775,0.9665747483,0.5654519536,0.9925192208,8.146013482,115,40.44458676
47,14000,0.1,0.9072993223,3.764084571,0.9293151454,6.870876144,0.9763096264,0.5478318183,1.015441012,8.203430248,126,23.80490685
47,14000,0.2,0.9279621298,3.956174907,0.9469355194,7.376638141,0.9799633774,0.53631137,1.032950452,8.777617378,133,46.1623652
48,6000,0.01,0.6784332605,4.160565151,0.6736922507,6.376574899,1.007037352,0.6524764811,0.6743301601,6.388656388,64,12.48211824
48,6000,0.02,0.5377479884,3.656862109,0.5184302822,5.595741362,1.037261917,0.653508065,0.5189976279,5.607995496,66,19.20915544
48,6000,0.05,0.3500923228,3.190390018,0.2949993868,5.139189372,1.186756103,0.6207963528,0.2955092134,5.156968116,67,23.77762335
48,6000,0.1,0.2413423457,3.104528635,0.1759714172,5.059779432,1.37148606,0.6135699543,0.1764554893,5.087655172,67,23.79765865
48,6000,0.2,0.1522237969,3.104598808,0.1028552448,5.029081697,1.479980892,0.6173291656,0.103320734,5.074704658,67,23.78549944
48,8000,0.01,0.7739387028,5.730629486,0.764465703,8.377931131,1.012391661,0.6840148715,0.7655533832,8.401788298,99,34.63945774
48,8000,0.02,0.6442480897,4.681965068,0.635685001,7.229452667,1.013470648,0.6476237253,0.6367428922,7.253534841,101,35.28323622
48,8000,0.05,0.4587212815,3.912579034,0.4295537633,6.500187611,1.067901904,0.6019178627,0.4305885938,6.531544313,102,29.29392781
48,8000,0.1,0.3588783648,3.644733134,0.3109218726,6.341041591,1.154239686,0.5747846125,0.3119442045,6.382809683,103,29.50290536
48,8000,0.2,0.2986520657,3.645232844,0.2485658837,6.297303849,1.20150063,0.5788561154,0.2495756779,6.348573132,103,36.32437762
48,10000,0.01,0.8296141671,6.973375559,0.8224293111,9.479523768,1.008736138,0.7356250936,0.8698973109,10.60535807,114,21.913131
48,10000,0.02,0.7345438155,5.4895643,0.7361438967,7.892615879,0.9978264016,0.6955316697,0.770495046,8.646398284,128,36.90495335
48,10000,0.05,0.6411234628,4.089090745,0.672264524,6.997627745,0.9536773694,0.5843538544,0.6916349021,7.406691398,139,27.10289458
48,10000,0.1,0.6565724494,3.9224874,0.6898471346,7.164983533,0.9517651325,0.5474523956,0.7010900896,7.400432869,139,49.00001889
48,10000,0.2,0.6963999685,4.100929131,0.705856657,7.487735054,0.986602537,0.5476861964,0.7122807356,7.624648655,135,35.68011535
48,12000,0.01,0.875024511,7.768007633,0.8672457719,10.00049135,1.008969475,0.7767625968,0.9530333044,12.07683441,98,28.73355119
48,12000,0.02,0.8150885673,5.538274315,0.8227389405,7.6995529,0.9907013357,0.7192981706,0.9081439204,9.381035098,116,33.46377435
48,12000,0.05,0.8022244188,3.818803985,0.8347169736,6.549358359,0.9610735664,0.5830806281,0.9189586225,7.938019816,134,46.56684757
48,12000,0.1,0.8348023496,3.838088124,0.8678664972,6.738408349,0.9619018043,0.5695837837,0.9501830982,8.077297537,143,27.3677903
48,12000,0.2,0.8756061827,4.119819288,0.8943168067,7.337926697,0.9790783044,0.5614418702,0.9730141846,8.686182044,145,50.28876255
48,14000,0.01,0.9095088887,8.269499417,0.9021964195,10.76036772,1.008105185,0.768514574,0.9884987573,12.91746133,77,27.27160038
48,14000,0.02,0.8715509781,5.433640326,0.8837561843,7.999234914,0.9861893966,0.6792700032,0.9700123572,9.636915542,95,33.46326279
48,14000,0.05,0.8758063492,3.82191055,0.9060927266,6.759036777,0.9665747483,0.5654519536,0.9922860198,8.106124437,115,33.78968135
48,14000,0.1,0.9071469187,3.746467812,0.9291590436,6.838718904,0.9763096264,0.5478318183,1.01528492,8.165269204,126,44.11197371
48,14000,0.2,0.9278471996,3.938168151,0.9468182393,7.343062951,0.9799633774,0.53631137,1.032833184,8.737846008,133,45.90318675
49,6000,0.01,0.6772944051,4.147683371,0.6725613539,6.356831994,1.007037352,0.6524764811,0.67319941,6.368899115,64,12.34057565
49,6000,0.02,0.5362431983,3.64320531,0.5169795492,5.574843687,1.037261917,0.653508065,0.5175471332,5.587091478,66,23.52866548
49,6000,0.05,0.3486353447,3.176906132,0.2937716888,5.117469067,1.186756103,0.6207963528,0.2942818512,5.135258439,67,23.7280887
49,6000,0.1,0.2402973903,3.091376819,0.1752095025,5.038344523,1.37148606,0.6135699543,0.1756939102,5.066242401,67,19.30664046
49,6000,0.2,0.1515860452,3.091435298,0.1024243259,5.007758374,1.479980892,0.6173291656,0.102890124,5.053409799,67,13.26348738
49,8000,0.01,0.7729737926,5.716862806,0.7635126032,8.357804843,1.012391661,0.6840148715,0.7646003291,8.38163543,99,34.71310067
49,8000,0.02,0.642956257,4.665728366,0.6344103388,7.20438147,1.013470648,0.6476237253,0.6354682832,7.228429597,101,35.32941215
49,8000,0.05,0.4572073215,3.896206673,0.4281360675,6.472987286,1.067901904,0.6019178627,0.429170969,6.504318448,102,29.7064609
49,8000,0.1,0.3576872511,3.629088133,0.3098899261,6.313822699,1.154239686,0.5747846125,0.3109123241,6.355552926,103,24.22378681
49,8000,0.2,0.2977906196,3.6295491,0.2478489085,6.270209476,1.20150063,0.5788561154,0.2488587573,6.32140892,103,22.69773181
49,10000,0.01,0.8288530344,6.957660713,0.8216747702,9.458161193,1.008736138,0.7356250936,0.8691528026,10.58276317,114,22.06368309
49,10000,0.02,0.7335828854,5.469975692,0.7351808734,7.864452376,0.9978264016,0.6955316697,0.7695466307,8.616878498,128,23.99004433
49,10000,0.05,0.6403863233,4.071972894,0.6714915797,6.968334106,0.9536773694,0.5843538544,0.6908716571,7.376368007,139,48.1683689
49,10000,0.1,0.6559860709,3.906018672,0.6892310387,7.13490105,0.9517651325,0.5474523956,0.70047875,7.369673201,139,45.68698086
49,10000,0.2,0.695772741,4.083394174,0.7052209121,7.455718623,0.986602537,0.5476861964,0.7116476947,7.592227952,135,46.64058577
49,12000,0.01,0.8744611765,7.748507618,0.8666874453,9.975387139,1.008969475,0.7767625968,0.9524751048,12.04791833,98,29.22110182
49,12000,0.02,0.814507912,5.516439915,0.8221528352,7.669197755,0.9907013357,0.7192981706,0.9075580892,9.34530937,116,38.61883966
49,12000,0.05,0.8018914449,3.802776145,0.8343705132,6.521870153,0.9610735664,0.5830806281,0.9186125505,7.905311764,135,46.98341255
49,12000,0.1,0.8345668207,3.822373923,0.8676216397,6.71081943,0.9619018043,0.5695837837,0.9499387475,8.044628771,143,29.90391254
49,12000,0.2,0.8754006475,4.103185531,0.8941068794,7.308299841,0.9790783044,0.5614418702,0.9728050318,8.651453957,145,42.1669623
49,14000,0.01,0.9090781687,8.249463047,0.9017691626,10.73429617,1.008105185,0.768514574,0.9880715172,12.88722985,78,26.79024551
49,14000,0.02,0.871213749,5.411341078,0.8834142327,7.966406661,0.9861893966,0.6792700032,0.9696704174,9.598027304,95,28.87322029
49,14000,0.05,0.8756209326,3.80586078,0.9059008981,6.73065281,0.9665747483,0.5654519536,0.9920941992,8.072380578,115,33.40036549
49,14000,0.1,0.907015356,3.73110571,0.9290242885,6.810677265,0.9763096264,0.5478318183,1.015150173,8.131988395,126,36.31455543
49,14000,0.2,0.9277464187,3.922366948,0.9467153978,7.313600209,0.9799633774,0.53631137,1.032730354,8.70294459,133,46.47361353
50,6000,0.01,0.6759665496,4.133417644,0.6712427776,6.334968024,1.007037352,0.6524764811,0.6718810053,6.347020516,64,22.97309849
50,6000,0.02,0.5345087463,3.628594531,0.5153074045,5.552486229,1.037261917,0.653508065,0.5158752643,5.564730458,66,23.33329763
50,6000,0.05,0.3469806803,3.162769856,0.2923774138,5.094697869,1.186756103,0.6207963528,0.2928879603,5.112506022,67,13.120667
50,6000,0.1,0.239078952,3.077473107,0.1743210952,5.015684171,1.37148606,0.6135699543,0.1748058971,5.043621061,67,16.33910658
50,6000,0.2,0.1508303587,3.077499513,0.1019137203,4.985184056,1.479980892,0.6173291656,0.102379887,5.030894125,67,19.35393641
50,8000,0.01,0.7718598251,5.701757782,0.7624122707,8.335721955,1.012391661,0.6840148715,0.7635000494,8.35952506,99,19.30228148
50,8000,0.02,0.6414538979,4.647907796,0.6329279484,7.176864612,1.013470648,0.6476237253,0.6339859549,7.200878453,101,35.30944683
50,8000,0.05,0.4554975627,3.879030551,0.4265350227,6.444451628,1.067901904,0.6019178627,0.4275700047,6.475764338,102,29.86715706
50,8000,0.1,0.3563340997,3.612544606,0.3087175947,6.285040565,1.154239686,0.5747846125,0.3097400682,6.326741652,103,27.95828687
50,8000,0.2,0.2968246335,3.612895404,0.2470449255,6.241439467,1.20150063,0.5788561154,0.2480548358,6.292573307,103,35.98161327
50,10000,0.01,0.8279846206,6.94044563,0.8208138772,9.434759215,1.008736138,0.7356250936,0.8683033706,10.55806701,114,39.64373222
50,10000,0.02,0.7324348392,5.448749395,0.7340303263,7.833934286,0.9978264016,0.6955316697,0.7684136131,8.585033978,129,44.69887242
50,10000,0.05,0.6395610639,4.0536521,0.6706262352,6.93698188,0.9536773694,0.5843538544,0.6900171934,7.343943149,139,48.21805607
50,10000,0.1,0.6553485624,3.888534318,0.6885612217,7.10296338,0.9517651325,0.5474523956,0.6998141128,7.337022442,139,48.71530748
50,10000,0.2,0.6950953545,4.064710617,0.7045343271,7.421605006,0.986602537,0.5476861964,0.7109640351,7.557684956,135,26.01095247
50,12000,0.01,0.8738233344,7.727274472,0.8660552735,9.948051701,1.008969475,0.7767625968,0.9518430771,12.01648708,98,34.25068739
50,12000,0.02,0.813850985,5.492555467,0.8214897423,7.635992543,0.9907013357,0.7192981706,0.9068953065,9.306267126,116,41.28743049
50,12000,0.05,0.8015284026,3.785549951,0.8339927666,6.492326736,0.9610735664,0.5830806281,0.9182352273,7.870162516,135,46.52371742
50,12000,0.1,0.8343114137,3.805602175,0.8673561168,6.681373811,0.9619018043,0.5695837837,0.9496737743,8.009764903,143,36.86170153
50,12000,0.2,0.8751788109,4.085422052,0.8938803025,7.276660806,0.9790783044,0.5614418702,0.972579291,8.614368237,145,37.42061017
50,14000,0.01,0.9086312134,8.224453818,0.9013258008,10.70175387,1.008105185,0.768514574,0.9876281728,12.84926519,78,17.87733515
50,14000,0.02,0.8708377336,5.387143241,0.8830329515,7.930783364,0.9861893966,0.6792700032,0.9692891494,9.555842188,95,27.84348938
50,14000,0.05,0.8754190471,3.788661541,0.9056920312,6.700236009,0.9665747483,0.5654519536,0.9918853408,8.036222471,115,30.00997575
50,14000,0.1,0.9068732853,3.714704314,0.9288787704,6.780738522,0.9763096264,0.5478318183,1.015004664,8.096456719,126,24.50459519
50,14000,0.2,0.9276377319,3.905478274,0.9466044888,7.282109782,0.9799633774,0.53631137,1.032619456,8.665641332,133,45.92340915
51,6000,0.01,0.6746345993,4.119310415,0.6699201352,6.31334697,1.007037352,0.6524764811,0.6705585354,6.325385308,64,22.76606853
51,6000,0.02,0.5327242144,3.613747257,0.513586979,5.529766886,1.037261917,0.653508065,0.514155124,5.542008034,66,19.12177512
51,6000,0.05,0.3453332478,3.148857081,0.2909892326,5.072286696,1.186756103,0.6207963528,0.2915001644,5.090114623,67,13.10506325
51,6000,0.1,0.2379199283,3.064113229,0.1734760092,4.99391016,1.37148606,0.6135699543,0.173961189,5.021883284,67,19.25715078
51,6000,0.2,0.150122486,3.064142364,0.1014354218,4.963547058,1.479980892,0.6173291656,0.1019019363,5.009308026,67,23.63827181
51,8000,0.01,0.7707496842,5.686823464,0.7613157179,8.313888631,1.012391661,0.6840148715,0.7624035494,8.337664764,99,28.78463447
51,8000,0.02,0.6399351487,4.630160828,0.6314293858,7.149461403,1.013470648,0.6476237253,0.6324874554,7.173441805,101,35.23887503
51,8000,0.05,0.453733312,3.861792827,0.4248829508,6.415813629,1.067901904,0.6019178627,0.4259180165,6.447111084,103,36.19734047
51,8000,0.1,0.3550303642,3.596583774,0.3075880759,6.257272195,1.154239686,0.5747846125,0.3086106226,6.298944736,103,35.95561379
51,8000,0.2,0.295908931,3.596957459,0.2462827932,6.213905948,1.20150063,0.5788561154,0.247292762,6.264975043,103,29.83849857
51,10000,0.01,0.8271167652,6.923610054,0.8199535379,9.411873132,1.008736138,0.7356250936,0.8674545002,10.53394351,114,21.59983702
51,10000,0.02,0.731335859,5.427442043,0.7329289522,7.803299662,0.9978264016,0.6955316697,0.7673290165,8.552986224,129,24.40984074
51,10000,0.05,0.6387374177,4.035690594,0.6697625824,6.9062445,0.9536773694,0.5843538544,0.689164423,7.312163378,139,48.14850497
51,10000,0.1,0.6547241841,3.871654864,0.6879052003,7.072130645,0.9517651325,0.5474523956,0.6991631732,7.305503941,139,48.02842315
51,10000,0.2,0.6944435651,4.046840353,0.7038736868,7.388976351,0.986602537,0.5476861964,0.7103062148,7.524645519,135,31.8330382
51,12000,0.01,0.8731874283,7.706428085,0.8654250204,9.921214174,1.008969475,0.7767625968,0.9512129677,11.98564625,98,34.11505335
51,12000,0.02,0.813205786,5.469209507,0.8208384875,7.603535961,0.9907013357,0.7192981706,0.9062443565,9.268102145,116,33.26077289
51,12000,0.05,0.8011753307,3.768939353,0.8336253943,6.463839084,0.9610735664,0.5830806281,0.9178682668,7.836269712,135,29.96200697
51,12000,0.1,0.8340643772,3.789511828,0.8670992959,6.653124503,0.9619018043,0.5695837837,0.9494174853,7.976317543,143,49.14860226
51,12000,0.2,0.8749651096,4.068446152,0.8936620346,7.246424551,0.9790783044,0.5614418702,0.9723618288,8.578926792,145,41.32402476
51,14000,0.01,0.9081870598,8.199792644,0.9008852182,10.66966447,1.008105185,0.768514574,0.9871876076,12.81183185,78,22.77407913
51,14000,0.02,0.8704701856,5.363613993,0.8826602564,7.896144343,0.9861893966,0.6792700032,0.9689164672,9.5148207,95,33.91572448
51,14000,0.05,0.8752239178,3.772139925,0.9054901541,6.671017583,0.9665747483,0.5654519536,0.991683472,8.001488231,115,40.01364157
51,14000,0.1,0.9067364712,3.699006442,0.9287386365,6.752083977,0.9763096264,0.5478318183,1.014864538,8.062448695,126,24.05073239
51,14000,0.2,0.9275333116,3.889360097,0.9464979334,7.252056015,0.9799633774,0.53631137,1.032512912,8.630039674,133,45.66629577
52,6000,0.01,0.6732824765,4.105267236,0.6685774613,6.291824081,1.007037352,0.6524764811,0.6692160372,6.303848793,64,18.76085624
52,6000,0.02,0.5309561357,3.599072051,0.5118824156,5.507310842,1.037261917,0.653508065,0.5124508446,5.519549019,66,23.2332274
52,6000,0.05,0.3435856569,3.134343401,0.2895166547,5.048907564,1.186756103,0.6207963528,0.2900279982,5.06675805,67,19.57718125
52,6000,0.1,0.2366072045,3.049808084,0.1725188548,4.970595549,1.37148606,0.6135699543,0.1730044662,4.998617703,67,23.65585669
52,6000,0.2,0.1493014456,3.049803269,0.1008806576,4.940319425,1.479980892,0.6173291656,0.1013475787,4.986157305,67,12.89351106
52,8000,0.01,0.7696107141,5.672233339,0.7601906887,8.292558504,1.012391661,0.6840148715,0.7612785746,8.316309945,99,34.37179535
52,8000,0.02,0.6383995149,4.612475563,0.6299141631,7.122153471,1.013470648,0.6476237253,0.6309722966,7.146101238,101,35.24288507
52,8000,0.05,0.4519434986,3.844223995,0.4232069417,6.38662554,1.067901904,0.6019178627,0.4242420928,6.417906727,103,29.95968477
52,8000,0.1,0.3535913192,3.579554703,0.3063413287,6.227645322,1.154239686,0.5747846125,0.3073639566,6.269292942,103,36.16482606
52,8000,0.2,0.2948843418,3.579797975,0.2454300352,6.184262167,1.20150063,0.5788561154,0.2464400698,6.23526792,103,19.49469322
52,10000,0.01,0.8262262789,6.907284175,0.8190707636,9.389679927,1.008736138,0.7356250936,0.86658351,10.5106308,114,33.15779913
52,10000,0.02,0.7301966883,5.405926657,0.7317873,7.772365936,0.9978264016,0.6955316697,0.7662047936,8.520659939,129,44.59170101
52,10000,0.05,0.6378820947,4.016996637,0.6688657141,6.874253685,0.9536773694,0.5843538544,0.6882788802,7.279081343,139,48.06186356
52,10000,0.1,0.6540561303,3.853644603,0.6872032899,7.039232332,0.9517651325,0.5474523956,0.6984667098,7.271872622,139,48.68552631
52,10000,0.2,0.6937330444,4.027549571,0.7031535177,7.353754025,0.986602537,0.5476861964,0.7095891255,7.488980403,135,46.53662524
52,12000,0.01,0.8725328254,7.686173808,0.8647762367,9.895138926,1.008969475,0.7767625968,0.950564332,11.95576666,98,18.8172987
52,12000,0.02,0.8125031503,5.445538362,0.820129257,7.570627293,0.9907013357,0.7192981706,0.9055354591,9.229500088,117,27.83215864
52,12000,0.05,0.8007979476,3.751308321,0.8332327259,6.433601358,0.9610735664,0.5830806281,0.9174760389,7.80029399,135,38.8123512
52,12000,0.1,0.8337976285,3.772241748,0.866821982,6.622803977,0.9619018043,0.5695837837,0.949140746,7.940416882,143,42.23825775
52,12000,0.2,0.8747325394,4.050097996,0.8934244947,7.213744131,0.9790783044,0.5614418702,0.9721251658,8.540619933,145,41.58252643
52,14000,0.01,0.9077283394,8.175696457,0.9004301859,10.63831023,1.008105185,0.768514574,0.9867325932,12.77531176,78,15.34685866
52,14000,0.02,0.8700810061,5.33920302,0.8822656268,7.860207274,0.9861893966,0.6792700032,0.9685218513,9.472271266,95,23.25998903
52,14000,0.05,0.8750132849,3.754490396,0.9052722373,6.639804446,0.9665747483,0.5654519536,0.9914655641,7.964383334,115,39.9017117
52,14000,0.1,0.9065873388,3.682101922,0.9285858854,6.721226842,0.9763096264,0.5478318183,1.014711796,8.025827396,127,37.12156186
52,14000,0.2,0.9274194084,3.871909085,0.9463817013,7.219517059,0.9799633774,0.53631137,1.032396692,8.591493904,133,45.82607951
53,6000,0.01,0.6706840837,4.081404179,0.6659972265,6.255251027,1.007037352,0.6524764811,0.6666361414,6.267258555,64,22.52068272
53,6000,0.02,0.5276587826,3.577252681,0.5087035144,5.473922775,1.037261917,0.653508065,0.509272477,5.486174309,66,20.61552256
53,6000,0.05,0.3409484995,3.117169752,0.2872944985,5.021243663,1.186756103,0.6207963528,0.2878064699,5.039155761,67,13.08928692
53,6000,0.1,0.2348000218,3.033947951,0.1712011727,4.944746608,1.37148606,0.6135699543,0.1716873843,4.972872666,67,23.60090494
53,6000,0.2,0.148173988,3.03398546,0.1001188521,4.914696453,1.479980892,0.6173291656,0.1005863371,4.960699996,67,23.43667499
53,8000,0.01,0.7674068302,5.644697969,0.7580137803,8.25230299,1.012391661,0.6840148715,0.7591017719,8.276009365,100,34.82875746
53,8000,0.02,0.6355570824,4.584302799,0.627109511,7.078651723,1.013470648,0.6476237253,0.6281677637,7.102562451,101,20.43110754
53,8000,0.05,0.4490618204,3.821732624,0.4205084933,6.34925936,1.067901904,0.6019178627,0.421543783,6.380561532,103,29.77646236
53,8000,0.1,0.3516432828,3.560338179,0.3046536061,6.194212756,1.154239686,0.5747846125,0.3056763447,6.235871175,103,30.09658777
53,8000,0.2,0.2936089174,3.560766852,0.244368509,6.151385045,1.20150063,0.5788561154,0.2453786259,6.202344641,103,19.4383174
53,10000,0.01,0.8245030161,6.873811269,0.8173624252,9.344177257,1.008736138,0.7356250936,0.8648980654,10.46264722,115,39.6618383
53,10000,0.02,0.7282181504,5.37049695,0.7298044522,7.721426909,0.9978264016,0.6955316697,0.7642523082,8.467555773,129,44.46271867
53,10000,0.05,0.6365929112,3.993048014,0.6675139116,6.833270601,0.9536773694,0.5843538544,0.6869441951,7.236872027,139,33.32087516
53,10000,0.1,0.6532140664,3.832964094,0.6863185508,7.001456428,0.9517651325,0.5474523956,0.6975888507,7.233291652,139,47.99388017
53,10000,0.2,0.6929147205,4.005978372,0.7023240815,7.31436797,0.986602537,0.5476861964,0.7087632449,7.449104397,136,39.49056864
53,12000,0.01,0.8713293717,7.641752433,0.8635834814,9.837951086,1.008969475,0.7767625968,0.9493718489,11.88964001,98,26.3245055
53,12000,0.02,0.8114078718,5.407435638,0.8190236982,7.517655208,0.9907013357,0.7192981706,0.9044304186,9.167265046,117,33.58956817
53,12000,0.05,0.8002960709,3.729487898,0.8327105217,6.396178707,0.9610735664,0.5830806281,0.9169544206,7.755824656,135,25.29391204
53,12000,0.1,0.8334761992,3.752369992,0.8664878218,6.587915772,0.9619018043,0.5695837837,0.9488072782,7.899127548,143,49.38379123
53,12000,0.2,0.874464383,4.029443678,0.8931506081,7.176956141,0.9790783044,0.5614418702,0.9718522908,8.497504849,145,43.70644265
53,14000,0.01,0.9069026103,8.124900382,0.8996110956,10.5722138,1.008105185,0.768514574,0.9859135353,12.69796099,78,27.35994775
53,14000,0.02,0.8694879217,5.302152383,0.8816642368,7.805662488,0.9861893966,0.6792700032,0.9679204823,9.407683094,95,18.03168183
53,14000,0.05,0.8747499283,3.733075955,0.9049997735,6.601933075,0.9665747483,0.5654519536,0.9911931115,7.919371692,115,22.17930018
53,14000,0.1,0.9064134759,3.662733238,0.9284078037,6.685871677,0.9763096264,0.5478318183,1.014533725,7.983869867,127,44.6623235
53,14000,0.2,0.9272892617,3.852257972,0.9462488936,7.182875821,0.9799633774,0.53631137,1.032263898,8.548089606,133,46.41607014
54,6000,0.01,0.6687966277,4.063080541,0.6641229604,6.227167812,1.007037352,0.6524764811,0.6647621227,6.239159827,64,18.7736245
54,6000,0.02,0.5252310189,3.559551099,0.5063629642,5.446835761,1.037261917,0.653508065,0.506932323,5.459091585,66,23.24519811
54,6000,0.05,0.3389115855,3.101909694,0.2855781273,4.996662239,1.186756103,0.6207963528,0.2860905888,5.014611055,67,19.32523112
54,6000,0.1,0.2333869258,3.019566309,0.1701708334,4.921307323,1.37148606,0.6135699543,0.1706575193,4.949497302,67,23.47316163
54,6000,0.2,0.1472974019,3.01962927,0.09952655654,4.891441127,1.479980892,0.6173291656,0.09999448456,4.937543856,67,23.45144982
54,8000,0.01,0.7658251266,5.623342178,0.7564514368,8.221081752,1.012391661,0.6840148715,0.7575395044,8.244748905,100,29.05417601
54,8000,0.02,0.6334727905,4.562129108,0.6250529227,7.044413183,1.013470648,0.6476237253,0.6261112633,7.068288602,101,35.48233274
54,8000,0.05,0.4468582892,3.802317501,0.4184450723,6.317003925,1.067901904,0.6019178627,0.4194804689,6.348304075,103,36.09408681
54,8000,0.1,0.3500836052,3.543041947,0.3033023464,6.164121082,1.154239686,0.5747846125,0.3043251742,6.205765767,103,37.10933604
54,8000,0.2,0.2925459442,3.543574685,0.2434838043,6.121684804,1.20150063,0.5788561154,0.2444939902,6.172586488,104,30.42153584
54,10000,0.01,0.8232692608,6.847967534,0.8161393548,9.309045591,1.008736138,0.7356250936,0.863691392,10.42542334,115,33.69873531
54,10000,0.02,0.7267374416,5.343014064,0.7283205179,7.681913415,0.9978264016,0.6955316697,0.7627911742,8.42627516,129,44.98545615
54,10000,0.05,0.6355750526,3.972626718,0.6664466129,6.798323803,0.9536773694,0.5843538544,0.6858904516,7.200798033,139,47.95939824
54,10000,0.1,0.6524936721,3.814521772,0.6855616474,6.967768892,0.9517651325,0.5474523956,0.6968378459,7.198867318,139,32.10018023
54,10000,0.2,0.6921856385,3.986602661,0.7015850989,7.278990573,0.986602537,0.5476861964,0.7080274359,7.413283654,136,25.76088402
54,12000,0.01,0.8703949795,7.612543318,0.8626573958,9.800347428,1.008969475,0.7767625968,0.9484459756,11.84649753,99,18.74644383
54,12000,0.02,0.810564847,5.377552373,0.8181727608,7.476110177,0.9907013357,0.7192981706,0.9035798806,9.118402619,117,40.71002935
54,12000,0.05,0.7998781059,3.710724181,0.8322756279,6.363998394,0.9610735664,0.5830806281,0.916520015,7.717552888,135,47.31943398
54,12000,0.1,0.8331949046,3.734718375,0.8661953859,6.556925394,0.9619018043,0.5695837837,0.9485154485,7.862439698,143,32.36365028
54,12000,0.2,0.874224597,4.010957936,0.8929056982,7.144030664,0.9790783044,0.5614418702,0.9716082856,8.458912651,145,29.09490223
54,14000,0.01,0.9062888287,8.088230494,0.8990022489,10.52449852,1.008105185,0.768514574,0.9853047126,12.64215105,78,22.80995478
54,14000,0.02,0.8690203374,5.272665767,0.8811901045,7.762253217,0.9861893966,0.6792700032,0.9674463664,9.356262083,95,33.93521222
54,14000,0.05,0.8745235594,3.714491528,0.9047655765,6.569066574,0.9665747483,0.5654519536,0.9909589242,7.880301467,115,33.81340903
54,14000,0.1,0.9062591033,3.645503497,0.9282496852,6.654420892,0.9763096264,0.5478318183,1.014375617,7.94654318,127,44.30336356
54,14000,0.2,0.9271724625,3.834680508,0.9461297064,7.150101084,0.9799633774,0.53631137,1.032144723,8.50926438,133,38.5003846
55,6000,0.01,0.6671341371,4.045318409,0.6624720876,6.199945173,1.007037352,0.6524764811,0.6631114688,6.211918631,64,21.67991579
55,6000,0.02,0.5230936659,3.541937507,0.504302392,5.41988339,1.037261917,0.653508065,0.504872102,5.432135983,66,13.91059304
55,6000,0.05,0.3370700496,3.085948951,0.2840263881,4.970952128,1.186756103,0.6207963528,0.2845392968,4.988921913,67,23.97894789
55,6000,0.1,0.2320979864,3.004246193,0.1692310211,4.896338506,1.37148606,0.6135699543,0.1697181436,4.924566776,67,23.92193227
55,6000,0.2,0.1465027477,3.00433949,0.09898962107,4.866673498,1.479980892,0.6173291656,0.09945795416,4.912832194,67,23.35726257
55,8000,0.01,0.7643968261,5.602175055,0.7550406187,8.190136338,1.012391661,0.6840148715,0.7561287552,8.21375999,100,22.42405344
55,8000,0.02,0.6315797953,4.540413487,0.6231850884,7.01088195,1.013470648,0.6476237253,0.6242435095,7.034716817,102,35.82497721
55,8000,0.05,0.444873094,3.782403918,0.4165861046,6.283920368,1.067901904,0.6019178627,0.4176215983,6.315198641,103,36.08250613
55,8000,0.1,0.3486003492,3.524684349,0.3020172961,6.132182861,1.154239686,0.5747846125,0.3030402093,6.173791825,104,30.24048672
55,8000,0.2,0.2914984512,3.525291574,0.2426119837,6.090099905,1.20150063,0.5788561154,0.2436222378,6.140924749,104,20.39601872
55,10000,0.01,0.8221061484,6.819829496,0.8149863154,9.270795077,1.008736138,0.7356250936,0.8625538399,10.38457612,115,40.21438189
55,10000,0.02,0.7253978128,5.316254556,0.726977971,7.643439957,0.9978264016,0.6955316697,0.7614693121,8.385928738,129,44.53720125
55,10000,0.05,0.6346001414,3.951596096,0.6654243477,6.762334271,0.9536773694,0.5843538544,0.6848812113,7.163574206,140,28.45329337
55,10000,0.1,0.6517609213,3.795046502,0.6847917612,6.93219453,0.9517651325,0.5474523956,0.6960739714,7.162497389,139,31.20731753
55,10000,0.2,0.6914165437,3.966051437,0.7008055603,7.241466853,0.986602537,0.5476861964,0.7072512505,7.375286869,136,46.9615374
55,12000,0.01,0.8695082816,7.575029311,0.8617785803,9.752052096,1.008969475,0.7767625968,0.9475673612,11.79029871,99,28.56232683
55,12000,0.02,0.809772404,5.347722388,0.81737288,7.434639217,0.9907013357,0.7192981706,0.9027803756,9.069506787,117,40.57798225
55,12000,0.05,0.7994600895,3.691212387,0.8318406804,6.330535108,0.9610735664,0.5830806281,0.9160855561,7.677718455,135,38.02725262
55,12000,0.1,0.8329010353,3.716031905,0.8658898773,6.524118156,0.9619018043,0.5695837837,0.9482105734,7.823589952,143,49.21834843
55,12000,0.2,0.8739699429,3.991338027,0.8926456024,7.109085087,0.9790783044,0.5614418702,0.9713491509,8.417949235,145,42.23894266
55,14000,0.01,0.905650333,8.043067825,0.8983688867,10.46573233,1.008105185,0.768514574,0.9846713754,12.57311374,78,14.97566157
55,14000,0.02,0.868544185,5.242192057,0.880707284,7.717390776,0.9861893966,0.6792700032,0.9669635627,9.303096666,96,18.08228309
55,14000,0.05,0.8742911349,3.694981001,0.9045251145,6.534562269,0.9665747483,0.5654519536,0.9907184721,7.839272523,115,39.78051056
55,14000,0.1,0.906095943,3.627207309,0.9280825658,6.621023439,0.9763096264,0.5478318183,1.014208507,7.906902704,127,45.05865019
55,14000,0.2,0.9270478592,3.815987557,0.9460025553,7.115246424,0.9799633774,0.53631137,1.032017585,8.467974108,133,36.96205993
56,6000,0.01,0.6654452218,4.02961554,0.6607949747,6.175878605,1.007037352,0.6524764811,0.661434579,6.187840045,64,22.58924254
56,6000,0.02,0.520851825,3.52608086,0.5021410855,5.395619502,1.037261917,0.653508065,0.5027111663,5.40787775,66,23.38286395
56,6000,0.05,0.3351604823,3.07219001,0.2824173235,4.948788756,1.186756103,0.6207963528,0.2829306999,4.96679686,67,19.47724766
56,6000,0.1,0.2307487482,2.991165999,0.1682472429,4.875020327,1.37148606,0.6135699543,0.1687348264,4.903317066,67,23.76096315
56,6000,0.2,0.1456630785,2.991260823,0.09842226972,4.84548761,1.479980892,0.6173291656,0.0988910345,4.891753622,67,23.58975808
56,8000,0.01,0.763012201,5.585856159,0.7536729414,8.166278823,1.012391661,0.6840148715,0.754761145,8.18987789,100,35.10796045
56,8000,0.02,0.629670633,4.520710574,0.621301302,6.980458554,1.013470648,0.6476237253,0.6223598045,7.004263839,102,23.27809206
56,8000,0.05,0.4428278554,3.764994222,0.4146709112,6.254996661,1.067901904,0.6019178627,0.4157065056,6.286277988,103,30.6587983
56,8000,0.1,0.34713252,3.509002189,0.3007456112,6.104899319,1.154239686,0.5747846125,0.3017686095,6.146502074,104,26.70273957
56,8000,0.2,0.2905030448,3.509637787,0.2417835145,6.063057284,1.20150063,0.5788561154,0.2427938337,6.113833464,104,36.12243068
56,10000,0.01,0.8210443307,6.801361391,0.8139336936,9.245689755,1.008736138,0.7356250936,0.8615153807,10.35827253,115,39.71472615
56,10000,0.02,0.7240601527,5.29263344,0.725637397,7.609478721,0.9978264016,0.6955316697,0.760149447,8.35052078,129,36.98073268
56,10000,0.05,0.6336599179,3.933158876,0.664438455,6.730782806,0.9536773694,0.5843538544,0.6839079035,7.13101422,140,28.48859409
56,10000,0.1,0.6510954495,3.778322364,0.6840925637,6.901645503,0.9517651325,0.5474523956,0.6953802442,7.131281921,139,27.19221096
56,10000,0.2,0.690741284,3.948402869,0.700121131,7.209242985,0.986602537,0.5476861964,0.7065697723,7.342659684,136,46.9475046
56,12000,0.01,0.8687440252,7.552126419,0.861021118,9.722567037,1.008969475,0.7767625968,0.9468100723,11.75652788,99,27.77431423
56,12000,0.02,0.8090243967,5.322566513,0.816617852,7.399666412,0.9907013357,0.7192981706,0.9020257024,9.028429833,117,26.32374891
56,12000,0.05,0.7990770928,3.674354012,0.8314421712,6.301622511,0.9610735664,0.5830806281,0.9156874946,7.643334273,135,46.72553654
56,12000,0.1,0.8326410005,3.70003645,0.8656195433,6.496035449,0.9619018043,0.5695837837,0.9479408002,7.79034538,144,33.30666832
56,12000,0.2,0.8737481142,3.974523721,0.8924190336,7.079136651,0.9790783044,0.5614418702,0.9711234194,8.382846277,145,50.46568778
56,14000,0.01,0.9051239185,8.016173249,0.8978467046,10.4307368,1.008105185,0.768514574,0.984149214,12.53234959,78,27.51534136
56,14000,0.02,0.8681325552,5.217444266,0.8802898898,7.680957854,0.9861893966,0.6792700032,0.966546183,9.259961358,96,33.5536541
56,14000,0.05,0.8740852621,3.678398359,0.9043121224,6.505235919,0.9665747483,0.5654519536,0.9905054888,7.804410759,115,26.59562114
56,14000,0.1,0.9059541618,3.611647187,0.9279373442,6.592620339,0.9763096264,0.5478318183,1.014063295,7.873192793,127,43.94722903
56,14000,0.2,0.9269401009,3.800034167,0.9458925938,7.085499916,0.9799633774,0.53631137,1.031907635,8.432735886,133,37.36525944
57,6000,0.01,0.6640931998,4.015872347,0.6594524009,6.154815481,1.007037352,0.6524764811,0.6600921843,6.166763754,64,13.47765534
57,6000,0.02,0.5191221359,3.512287129,0.5004735326,5.374512294,1.037261917,0.653508065,0.5010439013,5.386769485,66,23.5580468
57,6000,0.05,0.3336382609,3.059366006,0.2811346493,4.928131412,1.186756103,0.6207963528,0.2816484015,4.94615944,67,23.90237632
57,6000,0.1,0.2296769148,2.978798258,0.1674657304,4.854863309,1.37148606,0.6135699543,0.1679536833,4.883196218,67,23.59159641
57,6000,0.2,0.1450052923,2.978889643,0.09797781384,4.825447766,1.479980892,0.6173291656,0.09844691944,4.871765673,67,13.81325945
57,8000,0.01,0.7618696387,5.57057757,0.752544364,8.143942189,1.012391661,0.6840148715,0.7536326231,8.167513231,100,28.81723329
57,8000,0.02,0.6281641881,4.503761871,0.6198148802,6.954287952,1.013470648,0.6476237253,0.6208734473,6.978062363,102,35.54346812
57,8000,0.05,0.441199954,3.749140719,0.413146519,6.228658346,1.067901904,0.6019178627,0.414182194,6.25992547,103,26.898551
57,8000,0.1,0.345920226,3.494259931,0.2996953147,6.079251002,1.154239686,0.5747846125,0.3007183835,6.120827281,104,36.3636087
57,8000,0.2,0.2896473347,3.494896335,0.2410713133,6.037590762,1.20150063,0.5788561154,0.2420816888,6.088306186,104,30.87898106
57,10000,0.01,0.8201499207,6.7833574,0.8130470296,9.221215343,1.008736138,0.7356250936,0.8606406651,10.33238438,115,39.64394393
57,10000,0.02,0.7229217165,5.272238258,0.7244964809,7.580155567,0.9978264016,0.6955316697,0.7590262397,8.319919756,130,36.36046682
57,10000,0.05,0.6328762533,3.916524019,0.6636167257,6.70231571,0.9536773694,0.5843538544,0.683096687,7.101573601,140,34.77174631
57,10000,0.1,0.650497482,3.762720703,0.6834642916,6.87314684,0.9517651325,0.5474523956,0.694756897,7.102147661,140,33.09265161
57,10000,0.2,0.6901145541,3.931873213,0.6994858905,7.179062096,0.986602537,0.5476861964,0.7059372756,7.312098309,136,25.75840677
57,12000,0.01,0.8680903876,7.529847607,0.8603732911,9.693885413,1.008969475,0.7767625968,0.9461623937,11.72344923,99,34.5530423
57,12000,0.02,0.8083845655,5.299870743,0.8159720154,7.368113753,0.9907013357,0.7192981706,0.9013801697,8.991285583,117,40.72888085
57,12000,0.05,0.7987369468,3.658895424,0.8310882482,6.275110589,0.9610735664,0.5830806281,0.9153339695,7.611780592,135,46.72039133
57,12000,0.1,0.8324026654,3.685137832,0.8653717684,6.469878423,0.9619018043,0.5695837837,0.9476935394,7.759370942,144,33.65638583
57,12000,0.2,0.8735411231,3.958815196,0.8922076194,7.051157753,0.9790783044,0.5614418702,0.9709127868,8.350048865,145,41.60429934
57,14000,0.01,0.9046365754,7.993007965,0.8973632797,10.40059387,1.008105185,0.768514574,0.9836658084,12.49731456,79,28.12224757
57,14000,0.02,0.8677709446,5.194743838,0.8799232152,7.647538995,0.9861893966,0.6792700032,0.9661795212,9.220358439,96,23.89301861
57,14000,0.05,0.8738945365,3.663018465,0.9041148013,6.478036625,0.9665747483,0.5654519536,0.9903081758,7.772074765,116,39.66310728
57,14000,0.1,0.9058219639,3.597103678,0.9278019385,6.56607294,0.9763096264,0.5478318183,1.013927897,7.84168326,127,43.95916726
57,14000,0.2,0.9268389614,3.785121775,0.9457893863,7.057694441,0.9799633774,0.53631137,1.031804438,8.399796463,134,46.07968206
58,6000,0.01,0.6627349947,4.002190694,0.6581036871,6.133846675,1.007037352,0.6524764811,0.658743651,6.145782026,64,16.24302899
58,6000,0.02,0.517377742,3.498485116,0.4987918032,5.353392412,1.037261917,0.653508065,0.4993624636,5.365648894,66,23.4958608
58,6000,0.05,0.3321051311,3.046603582,0.2798427833,4.907573263,1.186756103,0.6207963528,0.2803569168,4.925622435,67,23.81557399
58,6000,0.1,0.2285777098,2.966355542,0.1666642604,4.834584095,1.37148606,0.6135699543,0.1671525947,4.862956731,67,23.46189653
58,6000,0.2,0.1443264251,2.966425792,0.0975191139,4.805257806,1.479980892,0.6173291656,0.09798857374,4.851634468,67,19.37811817
58,8000,0.01,0.7607310156,5.555918851,0.7514196777,8.122511779,1.012391661,0.6840148715,0.7525079923,8.146057208,100,28.84135573
58,8000,0.02,0.6266397195,4.486717261,0.6183106742,6.92796926,1.013470648,0.6476237253,0.6193693069,6.951712838,102,35.47172996
58,8000,0.05,0.4395676903,3.733426003,0.4116180417,6.202550605,1.067901904,0.6019178627,0.4126537982,6.233804894,103,19.429193
58,8000,0.1,0.3446850119,3.479456455,0.2986251608,6.053496179,1.154239686,0.5747846125,0.2996483019,6.095047876,104,19.67411935
58,8000,0.2,0.2887731783,3.480035746,0.2403437594,6.011918425,1.20150063,0.5788561154,0.2413541925,6.062574289,104,30.74398385
58,10000,0.01,0.8192672879,6.766377306,0.8121720408,9.198132805,1.008736138,0.7356250936,0.8597774837,10.3080316,115,32.75647878
58,10000,0.02,0.7218127615,5.251625645,0.7233851102,7.550519801,0.9978264016,0.6955316697,0.7579321176,8.288927519,130,44.83586657
58,10000,0.05,0.6320822239,3.899804236,0.6627841283,6.673703282,0.9536773694,0.5843538544,0.6822747631,7.07198464,140,48.14405223
58,10000,0.1,0.649894364,3.747034306,0.6828306079,6.844493396,0.9517651325,0.5474523956,0.694128188,7.072854282,140,48.06025675
58,10000,0.2,0.6894779256,3.915197109,0.6988406169,7.148613813,0.986602537,0.5476861964,0.7052947942,7.281266313,136,25.18844318
58,12000,0.01,0.8674477351,7.508902586,0.8597363516,9.666920906,1.008969475,0.7767625968,0.9455256003,11.69241359,99,34.44146302
58,12000,0.02,0.8077437174,5.277472312,0.8153251523,7.336974467,0.9907013357,0.7192981706,0.9007336111,8.954638642,117,39.0375452
58,12000,0.05,0.7983922358,3.643340208,0.8307295754,6.248432947,0.9610735664,0.5830806281,0.9149757,7.580029387,135,25.85203223
58,12000,0.1,0.8321605742,3.670114506,0.8651200886,6.443502451,0.9619018043,0.5695837837,0.9474423819,7.72813715,144,39.74921999
58,12000,0.2,0.873330601,3.9429548,0.8919925986,7.022908353,0.9790783044,0.5614418702,0.9706985611,8.316934308,145,49.85841459
58,14000,0.01,0.9041905588,7.968522693,0.8969208491,10.36873335,1.008105185,0.768514574,0.9832233953,12.46010996,79,27.98295118
58,14000,0.02,0.867409803,5.172381914,0.8795570162,7.614618472,0.9861893966,0.6792700032,0.9658133349,9.181350104,96,33.83909831
58,14000,0.05,0.873703852,3.647566765,0.9039175227,6.450710342,0.9665747483,0.5654519536,0.9901109053,7.739584001,116,40.15636858
58,14000,0.1,0.9056878186,3.582446381,0.9276645381,6.539317837,0.9763096264,0.5478318183,1.013790505,7.809927006,127,43.97865512
58,14000,0.2,0.9267362959,3.770065046,0.9456846217,7.029619838,0.9799633774,0.53631137,1.031699684,8.366537857,134,31.72206504
59,6000,0.01,0.6615963896,3.989565906,0.6569730388,6.114497643,1.007037352,0.6524764811,0.6576131541,6.126418649,65,18.93587285
59,6000,0.02,0.5158197811,3.485483823,0.4972898095,5.333497794,1.037261917,0.653508065,0.4978607317,5.345751253,66,12.72600973
59,6000,0.05,0.3307031259,3.034272068,0.2786614073,4.887709238,1.186756103,0.6207963528,0.2791758918,4.905773972,67,23.78904762
59,6000,0.1,0.2275932979,2.95442863,0.1659464901,4.815145541,1.37148606,0.6135699543,0.1664351686,4.843546532,67,23.10541131
59,6000,0.2,0.1437266256,2.954495389,0.09711383873,4.78593197,1.479980892,0.6173291656,0.09758361367,4.832346547,67,13.10396613
59,8000,0.01,0.7597356605,5.543108335,0.7504365057,8.103783363,1.012391661,0.6840148715,0.7515248689,8.127306353,100,28.8074749
59,8000,0.02,0.6252924256,4.471149745,0.616981288,6.903931357,1.013470648,0.6476237253,0.618039979,6.927644882,102,30.9391504
59,8000,0.05,0.4380461258,3.718247799,0.410193225,6.177334201,1.067901904,0.6019178627,0.4112290578,6.20857199,104,36.45712508
59,8000,0.1,0.3435558592,3.465265044,0.2976468954,6.028806215,1.154239686,0.5747846125,0.298670103,6.070327381,104,30.33434783
59,8000,0.2,0.2879677362,3.465843679,0.239673396,5.98740099,1.20150063,0.5788561154,0.2406838823,6.037994348,104,20.53262819
59,10000,0.01,0.8184898151,6.75190571,0.8114013013,9.178460291,1.008736138,0.7356250936,0.8590171584,10.28731672,115,39.90692159
59,10000,0.02,0.7208289616,5.233041936,0.7223991673,7.523801092,0.9978264016,0.6955316697,0.7569615083,8.260958194,130,45.03526311
59,10000,0.05,0.6313501266,3.883993632,0.662016471,6.646646723,0.9536773694,0.5843538544,0.6815169665,7.043983837,140,48.40603647
59,10000,0.1,0.6493222078,3.732048115,0.6822294552,6.817118978,0.9517651325,0.5474523956,0.6935317621,7.044864633,140,26.79766119
59,10000,0.2,0.6888708161,3.899303972,0.6982252632,7.119595122,0.986602537,0.5476861964,0.7046821076,7.251881002,136,36.31945867
59,12000,0.01,0.8668779751,7.490958642,0.8591716566,9.643819969,1.008969475,0.7767625968,0.9449610349,11.66586679,99,28.1926503
59,12000,0.02,0.8071672668,5.257187577,0.8147432911,7.308773735,0.9907013357,0.7192981706,0.900152024,8.921433772,117,33.32977397
59,12000,0.05,0.7980707284,3.628706984,0.830395046,6.223336549,0.9610735664,0.5830806281,0.9146415469,7.550151017,135,25.29774194
59,12000,0.1,0.8319307604,3.655837556,0.8648811726,6.418436867,0.9619018043,0.5695837837,0.9472039618,7.698451875,144,46.62404335
59,12000,0.2,0.8731295671,3.927867637,0.8917872689,6.99603618,0.9790783044,0.5614418702,0.9704939908,8.285433039,145,49.74545413
59,14000,0.01,0.9037935274,7.947250152,0.8965270098,10.34105327,1.008105185,0.768514574,0.9828295717,12.42780555,79,24.26626777
59,14000,0.02,0.8670807176,5.151962277,0.8792233222,7.584557323,0.9861893966,0.6792700032,0.9654796526,9.145723972,96,32.63346218
59,14000,0.05,0.8735241916,3.633001924,0.9037316494,6.424952466,0.9665747483,0.5654519536,0.9899250397,7.70895578,116,40.37459204
59,14000,0.1,0.9055600875,3.568526246,0.9275337076,6.513908333,0.9763096264,0.5478318183,1.013659682,7.779766927,127,44.2876522
59,14000,0.2,0.9266382701,3.755755479,0.9455845916,7.002938383,0.9799633774,0.53631137,1.031599664,8.334929216,134,31.22414265
60,6000,0.01,0.6601222319,3.975580797,0.6555091828,6.093063754,1.007037352,0.6524764811,0.6561494951,6.10497318,65,23.30942775
60,6000,0.02,0.5138995655,3.470994165,0.4954385744,5.311325677,1.037261917,0.653508065,0.4960098209,5.32358078,66,23.72902578
60,6000,0.05,0.3289695925,3.020819911,0.2772006746,4.866040044,1.186756103,0.6207963528,0.2777155965,4.88413493,67,14.43858491
60,6000,0.1,0.2263392239,2.94139634,0.1650320995,4.793905438,1.37148606,0.6135699543,0.1655212196,4.822363784,67,18.53192353
60,6000,0.2,0.142945069,2.941449111,0.09658575311,4.764798547,1.479980892,0.6173291656,0.09705594167,4.811302442,67,23.48417713
60,8000,0.01,0.75850109,5.52852891,0.7492170464,8.082468876,1.012391661,0.6840148715,0.75030547,8.105969517,100,28.87615739
60,8000,0.02,0.6236236141,4.453524797,0.6153346576,6.87671656,1.013470648,0.6476237253,0.616393421,6.900401491,102,35.64095892
60,8000,0.05,0.4362103469,3.701620205,0.408474173,6.149709842,1.067901904,0.6019178627,0.4095100985,6.180941776,104,36.53740747
60,8000,0.1,0.3421742799,3.449714567,0.2964499349,6.001751773,1.154239686,0.5747846125,0.2974732242,6.043257114,104,30.58023383
60,8000,0.2,0.287006265,3.450251414,0.2388731707,5.960464651,1.20150063,0.5788561154,0.2398837209,6.011002681,104,33.60317648
60,10000,0.01,0.8174801725,6.737503518,0.8104004027,9.158882122,1.008736138,0.7356250936,0.8580298476,10.26710407,116,40.40493672
60,10000,0.02,0.7196226989,5.21174735,0.7211902769,7.49318482,0.9978264016,0.6955316697,0.7557714594,8.229011961,130,25.32645096
60,10000,0.05,0.6304833464,3.866411641,0.661107589,6.616558805,0.9536773694,0.5843538544,0.6806197835,7.012890028,140,28.83807208
60,10000,0.1,0.6486688853,3.715537419,0.6815430227,6.786959832,0.9517651325,0.5474523956,0.6928507362,7.014037642,140,48.41880142
60,10000,0.2,0.6881881551,3.88174543,0.6975333322,7.087535627,0.986602537,0.5476861964,0.7039931808,7.219418678,136,47.04343027
60,12000,0.01,0.8661797264,7.470290773,0.8584796151,9.617212265,1.008969475,0.7767625968,0.9442691522,11.63538697,99,29.00400131
60,12000,0.02,0.8064742903,5.23393934,0.8140438105,7.276453012,0.9907013357,0.7192981706,0.8994528731,8.883436431,117,22.26701457
60,12000,0.05,0.7977005476,3.612396248,0.8300098717,6.195363169,0.9610735664,0.5830806281,0.914256806,7.516863404,135,33.13067151
60,12000,0.1,0.8316716502,3.640045855,0.8646117998,6.390711884,0.9619018043,0.5695837837,0.9469351483,7.665621929,144,32.85353233
60,12000,0.2,0.8729042119,3.911154515,0.8915570981,6.966267967,0.9790783044,0.5614418702,0.9702646715,8.250538385,145,41.98096353
60,14000,0.01,0.9033093881,7.922764743,0.896046763,10.30919258,1.008105185,0.768514574,0.9823493439,12.39068227,79,27.72909728
60,14000,0.02,0.866691285,5.128696692,0.878828436,7.550306458,0.9861893966,0.6792700032,0.9650847801,9.105154326,96,21.18601916
60,14000,0.05,0.8733200722,3.616793814,0.9035204713,6.396288474,0.9665747483,0.5654519536,0.9897138703,7.674875899,116,40.70511322
60,14000,0.1,0.9054168304,3.553116443,0.9273869743,6.485779622,0.9763096264,0.5478318183,1.013512958,7.746380324,127,45.20881129
60,14000,0.2,0.926528545,3.739886974,0.945472623,6.973350152,0.9799633774,0.53631137,1.031487707,8.299877265,134,37.70440553
61,6000,0.01,0.6584234788,3.959397852,0.6538223009,6.068261412,1.007037352,0.6524764811,0.654462841,6.08015721,65,23.05448426
61,6000,0.02,0.511754623,3.455410317,0.4933706854,5.287479226,1.037261917,0.653508065,0.4939422964,5.299738292,66,23.25320759
61,6000,0.05,0.3272209442,3.007493415,0.2757272057,4.844573268,1.186756103,0.6207963528,0.2762425723,4.862700348,67,20.19399296
61,6000,0.1,0.2251409614,2.928753837,0.164158403,4.77330061,1.37148606,0.6135699543,0.1646479487,4.801812499,67,23.76391817
61,6000,0.2,0.142210416,2.928817639,0.09608935954,4.744337061,1.479980892,0.6173291656,0.09655994005,4.790919937,67,19.50552109
61,8000,0.01,0.7570356828,5.511385863,0.7477695757,8.057406487,1.012391661,0.6840148715,0.7488580715,8.080881197,101,35.14315234
61,8000,0.02,0.6217403104,4.433896708,0.6134763861,6.8464087,1.013470648,0.6476237253,0.6145352316,6.87006257,102,36.48603687
61,8000,0.05,0.4342937376,3.684747363,0.4066794301,6.121678042,1.067901904,0.6019178627,0.4077154529,6.152907929,104,19.88773678
61,8000,0.1,0.3408288154,3.434576471,0.2952842632,5.975414784,1.154239686,0.5747846125,0.2963076325,6.016904651,104,21.01647946
61,8000,0.2,0.2860870235,3.435175529,0.2381080929,5.93442038,1.20150063,0.5788561154,0.2391187044,5.984902673,104,20.096537
61,10000,0.01,0.8163873508,6.715779805,0.8093170453,9.129351165,1.008736138,0.7356250936,0.8569611727,10.23587158,116,28.3476304
61,10000,0.02,0.7182822225,5.187732905,0.7198468805,7.458658075,0.9978264016,0.6955316697,0.7544490532,8.192949541,130,45.43593841
61,10000,0.05,0.6295785863,3.848613303,0.6601588823,6.586100654,0.9536773694,0.5843538544,0.6796833166,6.981434076,140,50.66426666
61,10000,0.1,0.6480209245,3.699420382,0.6808622236,6.757519761,0.9517651325,0.5474523956,0.692175309,6.983948903,140,49.53626964
61,10000,0.2,0.6875248353,3.86478099,0.6968610049,7.056560884,0.986602537,0.5476861964,0.7033237781,7.188054612,136,46.85993
61,12000,0.01,0.8653929562,7.443729575,0.8576998391,9.583017521,1.008969475,0.7767625968,0.9434895553,11.59593623,99,31.47955428
61,12000,0.02,0.8057005196,5.208559489,0.8132627771,7.241168825,0.9907013357,0.7192981706,0.8986722089,8.841979541,118,41.03016829
61,12000,0.05,0.7973208439,3.596049077,0.8296147889,6.167327302,0.9610735664,0.5830806281,0.9138621682,7.483511398,136,39.26788174
61,12000,0.1,0.8314154282,3.624624688,0.8643454296,6.363637435,0.9619018043,0.5695837837,0.9466693314,7.633564223,144,49.94818949
61,12000,0.2,0.8726841942,3.894988766,0.8913323789,6.937474694,0.9790783044,0.5614418702,0.9700407838,8.216787079,145,42.55527228
61,14000,0.01,0.9027696142,7.892248526,0.8955113289,10.26948453,1.008105185,0.768514574,0.9818139311,12.3442542,79,18.4308971
61,14000,0.02,0.8662791228,5.103620595,0.8784105019,7.513390214,0.9861893966,0.6792700032,0.9646668607,9.061406737,96,34.94534065
61,14000,0.05,0.873115951,3.600671169,0.9033092915,6.367775627,0.9665747483,0.5654519536,0.9895026991,7.640974738,116,40.6047932
61,14000,0.1,0.9052761257,3.538093912,0.9272428554,6.458357829,0.9763096264,0.5478318183,1.013368848,7.713832623,127,44.40801522
61,14000,0.2,0.9264216267,3.724541647,0.9453635187,6.944737432,0.9799633774,0.53631137,1.031378614,8.265980883,134,38.73182856
62,6000,0.01,0.6563281179,3.940943505,0.6517415827,6.039977868,1.007037352,0.6524764811,0.652382405,6.051861276,65,14.71088403
62,6000,0.02,0.5091058055,3.437765345,0.4908170223,5.260478837,1.037261917,0.653508065,0.4913890866,5.272748524,66,23.27233957
62,6000,0.05,0.3250590791,2.992900064,0.2739055465,4.821065798,1.186756103,0.6207963528,0.2744214682,4.839244582,67,18.35420983
62,6000,0.1,0.2236131211,2.914949585,0.1630443995,4.750802358,1.37148606,0.6135699543,0.163534493,4.77940606,67,13.34312885
62,6000,0.2,0.1412523321,2.915017526,0.09544199716,4.721982515,1.479980892,0.6173291656,0.09591309348,4.768712439,67,13.28858461
62,8000,0.01,0.7553042309,5.490925814,0.7460593167,8.027494785,1.012391661,0.6840148715,0.747147898,8.050937842,101,35.30414807
62,8000,0.02,0.6193703715,4.411616318,0.6111379474,6.812005405,1.013470648,0.6476237253,0.6121968971,6.835632872,103,36.30990649
62,8000,0.05,0.4319442887,3.666058389,0.4044793695,6.090628998,1.067901904,0.6019178627,0.4055155126,6.12187334,104,30.24012751
62,8000,0.1,0.3391790076,3.417988392,0.2938549173,5.946555142,1.154239686,0.5747846125,0.2948783853,5.98804982,104,36.19478894
62,8000,0.2,0.2849843512,3.418626172,0.237190347,5.905830621,1.20150063,0.5788561154,0.2382010324,5.956268205,104,27.0453455
62,10000,0.01,0.8150601241,6.691710783,0.8080013131,9.096632023,1.008736138,0.7356250936,0.8556633056,10.20145951,116,32.14255247
62,10000,0.02,0.7166524359,5.160179188,0.7182135437,7.419042745,0.9978264016,0.6955316697,0.7528413114,8.15168853,130,32.69547203
62,10000,0.05,0.6285014509,3.828691793,0.6590294277,6.552009137,0.9536773694,0.5843538544,0.6785684712,6.94627916,140,27.72179455
62,10000,0.1,0.6472777972,3.681638719,0.6800814351,6.725039014,0.9517651325,0.5474523956,0.6914006932,6.950764754,140,48.33687449
62,10000,0.2,0.6867784093,3.846049498,0.6961044428,7.022359745,0.986602537,0.5476861964,0.7025705134,7.153426185,136,25.99091607
62,12000,0.01,0.8644023708,7.41668944,0.8567180598,9.548206197,1.008969475,0.7767625968,0.9425080024,11.5562263,100,35.63503461
62,12000,0.02,0.804806528,5.179358786,0.8123603946,7.200572722,0.9907013357,0.7192981706,0.8977702524,8.794273726,118,23.20074057
62,12000,0.05,0.7968862844,3.577801373,0.8291626284,6.136031967,0.9610735664,0.5830806281,0.913410517,7.44629418,136,27.25526888
62,12000,0.1,0.83112588,3.607557276,0.8640444131,6.333672725,0.9619018043,0.5695837837,0.9463689403,7.598090159,144,49.72308957
62,12000,0.2,0.8724373917,3.877088875,0.8910803025,6.905592691,0.9790783044,0.5614418702,0.9697896404,8.179417057,145,39.56243609
62,14000,0.01,0.902122573,7.858170605,0.89486949,10.22514194,1.008105185,0.768514574,0.9811721177,12.29250346,79,27.79028603
62,14000,0.02,0.8657951251,5.075296901,0.8779197263,7.47169296,0.9861893966,0.6792700032,0.9641761022,9.012019605,96,27.5104971
62,14000,0.05,0.8728839966,3.582743158,0.9030693158,6.336069998,0.9665747483,0.5654519536,0.9892627333,7.603281888,116,40.22941974
62,14000,0.1,0.9051182444,3.521469649,0.9270811431,6.428012269,0.9763096264,0.5478318183,1.013207145,7.677815816,127,44.10686061
62,14000,0.2,0.926301958,3.707537901,0.9452414033,6.913032444,0.9799633774,0.53631137,1.031256511,8.228421496,134,46.23319743
63,6000,0.01,0.6541804351,3.921636018,0.6496089083,6.010386782,1.007037352,0.6524764811,0.6502500212,6.022256195,65,23.14514198
63,6000,0.02,0.5064857084,3.420019989,0.4882910478,5.23332484,1.037261917,0.653508065,0.488863564,5.245604073,66,19.33041732
63,6000,0.05,0.3229821037,2.978246087,0.2721554183,4.797460671,1.186756103,0.6207963528,0.2726718787,4.815685914,67,23.84503834
63,6000,0.1,0.2221741886,2.901117572,0.1619952219,4.728258859,1.37148606,0.6135699543,0.1624858366,4.756942004,67,18.4354729
63,6000,0.2,0.1403538439,2.901204013,0.09483490272,4.699606264,1.479980892,0.6173291656,0.09530648763,4.746461878,67,23.38626475
63,8000,0.01,0.7534814327,5.467415443,0.7442588296,7.993123646,1.012391661,0.6840148715,0.7453475011,8.016524781,101,35.27911067
63,8000,0.02,0.6170435447,4.388752126,0.6088420479,6.776700658,1.013470648,0.6476237253,0.6099011004,6.800296675,103,30.59886961
63,8000,0.05,0.4296621835,3.647302542,0.4023423706,6.059468855,1.067901904,0.6019178627,0.4033786315,6.09072222,104,30.43083481
63,8000,0.1,0.3375876359,3.401363274,0.2924761987,5.917631058,1.154239686,0.5747846125,0.2934997627,5.959122794,105,31.6527408
63,8000,0.2,0.283915999,3.402081453,0.2363011654,5.877248874,1.20150063,0.5788561154,0.2373119228,5.927635233,105,22.58082329
63,10000,0.01,0.8136358283,6.661907466,0.8065893523,9.056117748,1.008736138,0.7356250936,0.854270558,10.1584622,116,40.2826611
63,10000,0.02,0.7149978092,5.13141056,0.7165553127,7.377680678,0.9978264016,0.6955316697,0.7512091503,8.108530453,130,38.02270966
63,10000,0.05,0.6274332232,3.808744937,0.6579093133,6.517874243,0.9536773694,0.5843538544,0.6774628937,6.911064306,141,48.91576071
63,10000,0.1,0.6465392622,3.663856262,0.6793054716,6.692556817,0.9517651325,0.5474523956,0.6906308769,6.917574155,140,48.6275836
63,10000,0.2,0.6860319036,3.827350854,0.6953478001,6.988218581,0.986602537,0.5476861964,0.7018171751,7.118857426,136,47.17909419
63,12000,0.01,0.863374639,7.379625144,0.8556994643,9.500489821,1.008969475,0.7767625968,0.9414896412,11.5009726,100,22.30426607
63,12000,0.02,0.8038853927,5.148231455,0.8114306136,7.157298136,0.9907013357,0.7192981706,0.8968409108,8.743335686,118,41.03453595
63,12000,0.05,0.7964523242,3.559443789,0.8287110914,6.104548183,0.9610735664,0.5830806281,0.9129594887,7.408840353,136,27.06796199
63,12000,0.1,0.8308357847,3.590475521,0.863742828,6.303682837,0.9619018043,0.5695837837,0.946067982,7.562582666,144,29.94899611
63,12000,0.2,0.8721895559,3.859214137,0.8908271708,6.87375549,0.9790783044,0.5614418702,0.9695374458,8.142098356,145,51.78874171
63,14000,0.01,0.9014193599,7.815953309,0.8941719307,10.17020831,1.008105185,0.768514574,0.9804745862,12.22814179,79,27.94399122
63,14000,0.02,0.8652918858,5.044873275,0.8774094396,7.426904252,0.9861893966,0.6792700032,0.9636658334,8.958929992,96,18.78181805
63,14000,0.05,0.8726497928,3.56458508,0.9028270129,6.303957493,0.9665747483,0.5654519536,0.9890204405,7.565100837,116,33.81695672
63,14000,0.1,0.9049593299,3.504791923,0.9269183725,6.397569119,0.9763096264,0.5478318183,1.013044385,7.641681859,127,29.54333809
63,14000,0.2,0.9261816327,3.690541223,0.9451186177,6.881340634,0.9799633774,0.53631137,1.031133739,8.190877184,134,46.11990991
64,6000,0.01,0.6529902773,3.909476583,0.6484270675,5.991750962,1.007037352,0.6524764811,0.6490683421,6.00360814,65,14.87892647
64,6000,0.02,0.5049555402,3.40708488,0.4868158484,5.213531497,1.037261917,0.653508065,0.4873886302,5.225807074,66,23.39965411
64,6000,0.05,0.321585738,2.965620041,0.2709787943,4.777122204,1.186756103,0.6207963528,0.2714956199,4.79536196,67,21.8393891
64,6000,0.1,0.2211744335,2.888810606,0.1612662644,4.708200891,1.37148606,0.6135699543,0.1617572443,4.73691305,67,23.6700123
64,6000,0.2,0.1397367596,2.888893422,0.09441794851,4.679664566,1.479980892,0.6173291656,0.09488987177,4.726561618,67,17.22292905
64,8000,0.01,0.7524486083,5.454014836,0.7432386469,7.973532541,1.012391661,0.6840148715,0.7443273698,7.996909489,101,20.17240565
64,8000,0.02,0.6157072632,4.373331977,0.6075235278,6.752890306,1.013470648,0.6476237253,0.6085826396,6.776455814,103,30.32685353
64,8000,0.05,0.4281685074,3.631902402,0.4009436691,6.033883736,1.067901904,0.6019178627,0.4019800076,6.06511619,104,29.82532196
64,8000,0.1,0.3364351773,3.386728478,0.2914777418,5.8921697,1.154239686,0.5747846125,0.2925013755,5.933627513,105,36.68661816
64,8000,0.2,0.2830807705,3.387428181,0.235606011,5.851934687,1.20150063,0.5788561154,0.2366168248,5.902255184,105,37.58974392
64,10000,0.01,0.8128149653,6.64589712,0.8057755984,9.034353475,1.008736138,0.7356250936,0.8534678975,10.13545468,116,33.28288992
64,10000,0.02,0.7140013608,5.112680211,0.7155566937,7.350751135,0.9978264016,0.6955316697,0.7502262731,8.080312566,130,44.63297397
64,10000,0.05,0.6266899806,3.792670574,0.6571299694,6.490366317,0.9536773694,0.5843538544,0.6766936828,6.882574244,141,48.67771353
64,10000,0.1,0.6459374132,3.648402705,0.6786731213,6.664328687,0.9517651325,0.5474523956,0.6900035454,6.888707651,140,36.69109716
64,10000,0.2,0.6853850813,3.810916965,0.6946921943,6.95821255,0.986602537,0.5476861964,0.7011644381,7.088471788,136,25.7598387
64,12000,0.01,0.8627696505,7.359491909,0.8550998539,9.474570401,1.008969475,0.7767625968,0.940890169,11.47106457,100,34.90655148
64,12000,0.02,0.8032888317,5.127297944,0.8108284533,7.128195447,0.9907013357,0.7192981706,0.8962390353,8.70902123,118,25.69744514
64,12000,0.05,0.7961175574,3.544460059,0.8283627655,6.078850657,0.9610735664,0.5830806281,0.9126115555,7.37823124,136,47.51732516
64,12000,0.1,0.8305918274,3.575733737,0.8634892082,6.277801159,0.9619018043,0.5695837837,0.9458148894,7.531925586,144,47.22343685
64,12000,0.2,0.8719738887,3.843588562,0.8906068951,6.845924335,0.9790783044,0.5614418702,0.9693179858,8.109471109,146,41.8285864
64,14000,0.01,0.9009973648,7.79230112,0.8937533285,10.13943181,1.008105185,0.768514574,0.9800560007,12.19214331,79,28.02782315
64,14000,0.02,0.8649458879,5.023584847,0.8770585964,7.395564096,0.9861893966,0.6792700032,0.9633150024,8.92176406,96,34.17359657
64,14000,0.05,0.8724593736,3.549546943,0.9026300088,6.277362595,0.9665747483,0.5654519536,0.9888234444,7.53347218,116,27.17928888
64,14000,0.1,0.9048229016,3.49037699,0.9267786337,6.371256422,0.9763096264,0.5478318183,1.012904654,7.610447461,127,45.24475567
64,14000,0.2,0.9260765068,3.675700816,0.9450113424,6.853669381,0.9799633774,0.53631137,1.031026474,8.158094701,134,25.1828189
65,6000,0.01,0.6517664144,3.896264016,0.6472117572,5.971501086,1.007037352,0.6524764811,0.6478531984,5.98334347,65,23.13854284
65,6000,0.02,0.5033959535,3.393178299,0.4853122873,5.192251605,1.037261917,0.653508065,0.485885341,5.204520802,66,24.73624474
65,6000,0.05,0.3202268123,2.952388569,0.2698337185,4.755808497,1.186756103,0.6207963528,0.270350902,4.774056642,67,13.1539922
65,6000,0.1,0.2202372344,2.876008948,0.1605829186,4.687336672,1.37148606,0.6135699543,0.1610742452,4.716063717,67,19.42977513
65,6000,0.2,0.1391632464,2.87612282,0.09403043457,4.658977707,1.479980892,0.6173291656,0.09450267434,4.705891865,67,23.72033162
65,8000,0.01,0.7513575979,5.43823479,0.7421609905,7.9504628,1.012391661,0.6840148715,0.7432497678,7.973807149,101,29.02051219
65,8000,0.02,0.6143394877,4.356666169,0.6061739322,6.727156524,1.013470648,0.6476237253,0.6072331049,6.750685897,103,37.25846049
65,8000,0.05,0.4266820478,3.615625634,0.3995517251,6.006842225,1.067901904,0.6019178627,0.4005881413,6.038045509,104,24.42002478
65,8000,0.1,0.3353090617,3.371491763,0.2905021077,5.865661137,1.154239686,0.5747846125,0.2915258101,5.907074064,105,19.97573195
65,8000,0.2,0.2822536795,3.372244671,0.2349176293,5.825704491,1.20150063,0.5788561154,0.2359284993,5.875949341,105,28.9997883
65,10000,0.01,0.8118979514,6.624254869,0.8048665263,9.004933256,1.008736138,0.7356250936,0.8525712357,10.10401818,116,22.14211117
65,10000,0.02,0.7129452104,5.092792728,0.7144982427,7.322157926,0.9978264016,0.6955316697,0.7491845814,8.050343714,131,36.5201123
65,10000,0.05,0.6259285886,3.775771425,0.6563315946,6.46144694,0.9536773694,0.5843538544,0.6759057087,6.852600122,141,50.07118386
65,10000,0.1,0.6453166738,3.632315829,0.6780209232,6.63494371,0.9517651325,0.5474523956,0.6893565325,6.858653161,140,48.3538833
65,10000,0.2,0.6847156781,3.793903764,0.694013701,6.927148774,0.986602537,0.5476861964,0.7004889191,7.057013785,136,38.96556071
65,12000,0.01,0.8620573483,7.33013993,0.8543938839,9.436782821,1.008969475,0.7767625968,0.9401843618,11.42703993,100,34.70788158
65,12000,0.02,0.8026666915,5.104388993,0.8102004737,7.096346413,0.9907013357,0.7192981706,0.8956113529,8.671395654,118,41.90604548
65,12000,0.05,0.7957721899,3.528771984,0.8280034096,6.051945158,0.9610735664,0.5830806281,0.9122526048,7.34616972,136,37.03662932
65,12000,0.1,0.8303380787,3.560383061,0.8632254093,6.250850468,0.9619018043,0.5695837837,0.945551639,7.499998603,144,49.798263
65,12000,0.2,0.8717494676,3.827391473,0.8903776784,6.817075242,0.9790783044,0.5614418702,0.9690896181,8.075649137,146,51.10717672
65,14000,0.01,0.900483836,7.757108975,0.8932439284,10.09363939,1.008105185,0.768514574,0.979546621,12.13829982,79,23.5338861
65,14000,0.02,0.8645727292,4.999540465,0.876680212,7.360166711,0.9861893966,0.6792700032,0.9629366312,8.87974838,96,33.46274713
65,14000,0.05,0.8722618254,3.533754772,0.9024256292,6.24943419,0.9665747483,0.5654519536,0.9886190733,7.500251512,116,22.08848809
65,14000,0.1,0.9046807786,3.475352411,0.926633062,6.343830889,0.9763096264,0.5478318183,1.012759092,7.577890317,127,36.35286143
65,14000,0.2,0.9259669535,3.660302377,0.9448995491,6.82495763,0.9799633774,0.53631137,1.030914693,8.124078938,134,42.96500454
66,6000,0.01,0.6503133945,3.88228926,0.6457688912,5.950083064,1.007037352,0.6524764811,0.6464105309,5.961913011,65,22.94311789
66,6000,0.02,0.5015953527,3.379321012,0.4835763701,5.171047143,1.037261917,0.653508065,0.4841497395,5.183316881,66,23.21914949
66,6000,0.05,0.3186070817,2.939223772,0.2684688798,4.734602191,1.186756103,0.6207963528,0.2689864928,4.752876592,67,23.51172394
66,6000,0.1,0.2190429208,2.863043889,0.1597121015,4.666206142,1.37148606,0.6135699543,0.1602038707,4.694985794,67,13.13492569
66,6000,0.2,0.1384155243,2.863132176,0.09352521042,4.637934404,1.479980892,0.6173291656,0.09399786583,4.684931018,67,19.0498343
66,8000,0.01,0.7501159121,5.422827482,0.7409345029,7.927937986,1.012391661,0.6840148715,0.7420233422,7.951256089,101,35.04893271
66,8000,0.02,0.6127268151,4.339387614,0.6045826945,6.700476595,1.013470648,0.6476237253,0.6056419395,6.72397599,103,30.23197999
66,8000,0.05,0.4249667237,3.599560415,0.3979454689,5.980152173,1.067901904,0.6019178627,0.3989819752,6.011345081,104,20.06647192
66,8000,0.1,0.3339757059,3.356074116,0.2893469267,5.838837789,1.154239686,0.5747846125,0.2903707107,5.880229514,105,28.01028811
66,8000,0.2,0.2813070181,3.356729874,0.2341297301,5.798901981,1.20150063,0.5788561154,0.2351406646,5.849087546,105,36.39714839
66,10000,0.01,0.8109270648,6.605812185,0.8039040481,8.979862491,1.008736138,0.7356250936,0.8516219153,10.07754887,116,40.12428327
66,10000,0.02,0.7117477195,5.071530793,0.7132981432,7.291588599,0.9978264016,0.6955316697,0.7480034804,8.018390584,131,46.03547596
66,10000,0.05,0.6250869708,3.758572552,0.6554490972,6.432014649,0.9536773694,0.5843538544,0.6750347321,6.822150933,141,50.17763317
66,10000,0.1,0.6446587205,3.615958514,0.6773296253,6.605064737,0.9517651325,0.5474523956,0.6886707402,6.828105121,140,26.43051691
66,10000,0.2,0.6840138551,3.776437553,0.6933023476,6.895257864,0.986602537,0.5476861964,0.6997806913,7.02472101,137,33.54748374
66,12000,0.01,0.8613428141,7.306837986,0.8536857017,9.406784024,1.008969475,0.7767625968,0.9394763429,11.39244275,100,18.90619154
66,12000,0.02,0.8019724379,5.08095823,0.8094997039,7.063771935,0.9907013357,0.7192981706,0.894910915,8.633022853,118,40.93687636
66,12000,0.05,0.7953986746,3.512598933,0.8276147658,6.024207912,0.9610735664,0.5830806281,0.9118643994,7.313142101,136,47.07254334
66,12000,0.1,0.830071917,3.54467272,0.8629487057,6.223268326,0.9619018043,0.5695837837,0.9452755108,7.467330561,144,45.22831309
66,12000,0.2,0.871515666,3.810744702,0.8901388807,6.787425207,0.9790783044,0.5614418702,0.9688517051,8.040890178,146,50.58481597
66,14000,0.01,0.8999490353,7.731717136,0.8927134276,10.06059924,1.008105185,0.768514574,0.9790161414,12.0998342,80,23.64371732
66,14000,0.02,0.8641661881,4.976235514,0.8762679777,7.325857892,0.9861893966,0.6792700032,0.9625244114,8.839101344,97,32.81556315
66,14000,0.05,0.8720527973,3.517590727,0.9022093726,6.220848127,0.9665747483,0.5654519536,0.9884028256,7.466256167,116,40.52824157
66,14000,0.1,0.9045325841,3.459979887,0.9264812716,6.315770227,0.9763096264,0.5478318183,1.01260731,7.544581406,127,25.68699442
66,14000,0.2,0.9258529803,3.644473535,0.9447832456,6.795443354,0.9799633774,0.53631137,1.030798401,8.089113013,134,46.23295432
67,6000,0.01,0.6482823331,3.864670645,0.6437520233,5.923080383,1.007037352,0.6524764811,0.6443939414,5.934898686,65,12.51604676
67,6000,0.02,0.4990343439,3.362701423,0.4811073613,5.145615798,1.037261917,0.653508065,0.4816811825,5.157897565,66,18.9436029
67,6000,0.05,0.3167512652,2.926709088,0.2669051074,4.71444311,1.186756103,0.6207963528,0.2674232168,4.732763988,67,18.67958439
67,6000,0.1,0.2178246614,2.851582754,0.1588238246,4.647526715,1.37148606,0.6135699543,0.1593160492,4.676378455,67,23.74753704
67,6000,0.2,0.1376675825,2.851708641,0.09301983782,4.619429633,1.479980892,0.6173291656,0.09349291244,4.66653554,67,18.6644151
67,8000,0.01,0.7484526836,5.402975096,0.7392916323,7.89891466,1.012391661,0.6840148715,0.7403805551,7.92220085,101,23.08466791
67,8000,0.02,0.6104866394,4.318032269,0.6023722944,6.667501669,1.013470648,0.6476237253,0.6034316402,6.690973534,103,35.87163215
67,8000,0.05,0.4228383488,3.583008554,0.3959524254,5.952653635,1.067901904,0.6019178627,0.3969890446,5.983863003,105,26.72912353
67,8000,0.1,0.3326228315,3.342263674,0.2881748353,5.81481063,1.154239686,0.5747846125,0.2891987026,5.856203356,105,35.49037748
67,8000,0.2,0.2804190952,3.343099517,0.2333907185,5.775354925,1.20150063,0.5788561154,0.2344017137,5.82549833,105,33.44566424
67,10000,0.01,0.8096137853,6.584214235,0.8026021422,8.950502495,1.008736138,0.7356250936,0.8503378833,10.04684829,117,27.12035986
67,10000,0.02,0.7102174987,5.045740997,0.711764589,7.254509345,0.9978264016,0.6955316697,0.7464942688,7.979730878,131,45.32269369
67,10000,0.05,0.6241154287,3.741229731,0.6544303648,6.402336021,0.9536773694,0.5843538544,0.6740293307,6.791554203,141,36.46860897
67,10000,0.1,0.6440161812,3.601124188,0.6766545224,6.577967723,0.9517651325,0.5474523956,0.6880010247,6.800423051,141,48.74546738
67,10000,0.2,0.6833839992,3.761059454,0.6926639388,6.867179562,0.986602537,0.5476861964,0.69914509,6.9962911,137,47.64277436
67,12000,0.01,0.8604504238,7.278041702,0.8528012445,9.369711842,1.008969475,0.7767625968,0.9385920898,11.34969951,100,29.36508322
67,12000,0.02,0.8011603844,5.054566602,0.8086800285,7.027081132,0.9907013357,0.7192981706,0.894091628,8.589850175,118,23.08153011
67,12000,0.05,0.7950189329,3.497115697,0.8272196433,5.997653717,0.9610735664,0.5830806281,0.9114697228,7.281556167,136,26.82012135
67,12000,0.1,0.8298228816,3.53050986,0.8626898066,6.198403046,0.9619018043,0.5695837837,0.9450171504,7.437891862,144,35.68827242
67,12000,0.2,0.8713054248,3.796059118,0.8899241469,6.761268299,0.9790783044,0.5614418702,0.9686377671,8.010229963,146,28.60664762
67,14000,0.01,0.8993467576,7.699020165,0.8921159922,10.01805356,1.008105185,0.768514574,0.9784187299,12.05008792,80,28.89288987
67,14000,0.02,0.8637362392,4.951230851,0.8758320077,7.289046811,0.9861893966,0.6792700032,0.9620884567,8.795471423,97,26.238013
67,14000,0.05,0.8718534955,3.502570455,0.9020031788,6.194284825,0.9665747483,0.5654519536,0.9881966403,7.434671449,116,33.67778873
67,14000,0.1,0.9043981125,3.446264658,0.9263435371,6.290734753,0.9763096264,0.5478318183,1.012469584,7.514865163,127,43.97189034
67,14000,0.2,0.9257516265,3.630565356,0.9446798195,6.769510324,0.9799633774,0.53631137,1.030694986,8.058390438,134,38.66830324
68,6000,0.01,0.6479347046,3.859186059,0.6434068241,5.914674584,1.007037352,0.6524764811,0.64404879,5.926483329,65,22.89697832
68,6000,0.02,0.4984747796,3.354724899,0.4805678984,5.133410097,1.037261917,0.653508065,0.4811418188,5.145678614,66,19.28950381
68,6000,0.05,0.3159643508,2.916643839,0.2662420272,4.698229663,1.186756103,0.6207963528,0.2667603485,4.716540541,67,14.75324954
68,6000,0.1,0.2172207437,2.841351348,0.1583834864,4.630851507,1.37148606,0.6135699543,0.1588759382,4.659693104,67,23.74958404
68,6000,0.2,0.1373062942,2.841444513,0.09277572094,4.602802964,1.479980892,0.6173291656,0.0932489993,4.649883459,67,24.8295588
68,8000,0.01,0.7481214858,5.399001781,0.7389644883,7.893105846,1.012391661,0.6840148715,0.7400534278,7.916385577,101,35.13211711
68,8000,0.02,0.6100209459,4.309819891,0.6019127907,6.654820882,1.013470648,0.6476237253,0.6029721575,6.678266473,103,35.95739627
68,8000,0.05,0.4220551448,3.571519024,0.395219021,5.933565433,1.067901904,0.6019178627,0.3962556819,5.964733783,105,36.49211397
68,8000,0.1,0.3318712164,3.330264056,0.2875236576,5.793933908,1.154239686,0.5747846125,0.2885475714,5.835273478,105,36.61415305
68,8000,0.2,0.2798158964,3.330972846,0.2328886806,5.754405555,1.20150063,0.5788561154,0.2338997173,5.804477062,105,19.91691144
68,10000,0.01,0.8093287911,6.58092491,0.8023196162,8.946031026,1.008736138,0.7356250936,0.8500592331,10.0423177,117,37.57113833
68,10000,0.02,0.7097978099,5.036552586,0.7113439861,7.241298715,0.9978264016,0.6955316697,0.7460803564,7.965780699,131,45.4093331
68,10000,0.05,0.6236671737,3.7294348,0.6539603368,6.382151452,0.9536773694,0.5843538544,0.673565465,6.770549415,141,46.60800194
68,10000,0.1,0.6435571236,3.588642191,0.6761722,6.555167573,0.9517651325,0.5474523956,0.6875225566,6.77708727,141,40.3687185
68,10000,0.2,0.6828518282,3.747572421,0.6921245412,6.842554086,0.986602537,0.5476861964,0.6986080696,6.971350805,137,47.25187487
68,12000,0.01,0.8602163984,7.2733199,0.8525692996,9.36363302,1.008969475,0.7767625968,0.9383601985,11.34290152,100,36.10440038
68,12000,0.02,0.8008546564,5.043381263,0.8083714309,7.01153078,0.9907013357,0.7192981706,0.8937831768,8.571469492,118,24.80637718
68,12000,0.05,0.7947817464,3.485894458,0.8269728501,5.978408971,0.9610735664,0.5830806281,0.9112232082,7.258596622,136,35.90720517
68,12000,0.1,0.8296293909,3.518695621,0.8624886524,6.177661165,0.9619018043,0.5695837837,0.9448164148,7.413310053,144,41.17357932
68,12000,0.2,0.8711273305,3.783328841,0.889742247,6.738594042,0.9790783044,0.5614418702,0.9684565415,7.983643629,146,41.36609036
68,14000,0.01,0.8991698196,7.692007324,0.8919404767,10.00892837,1.008105185,0.768514574,0.9782432214,12.03952991,80,20.70847126
68,14000,0.02,0.8635349265,4.938801102,0.8756278758,7.270748125,0.9861893966,0.6792700032,0.961884332,8.773757835,97,18.47079844
68,14000,0.05,0.8717090535,3.491121111,0.9018537418,6.174036696,0.9665747483,0.5654519536,0.9880472094,7.41058299,116,42.10119171
68,14000,0.1,0.9042874133,3.434705988,0.9262301517,6.269635814,0.9763096264,0.5478318183,1.012356206,7.489816614,127,44.20880214
68,14000,0.2,0.9256644681,3.61850694,0.944590879,6.74702634,0.9799633774,0.53631137,1.030606055,8.031751984,134,25.55649235
69,6000,0.01,0.6455683061,3.839263103,0.6410569624,5.884140217,1.007037352,0.6524764811,0.6416992546,5.89593708,65,22.85898115
69,6000,0.02,0.495601288,3.336910443,0.4777976322,5.106150363,1.037261917,0.653508065,0.4783720647,5.118435488,66,23.41253565
69,6000,0.05,0.3138316386,2.903057937,0.2644449333,4.676345027,1.186756103,0.6207963528,0.2649638329,4.694715083,67,19.64845877
69,6000,0.1,0.2157589308,2.828662525,0.1573176258,4.610171188,1.37148606,0.6135699543,0.1578106316,4.639111396,67,24.52567005
69,6000,0.2,0.136393839,2.828767973,0.09215918921,4.582268473,1.479980892,0.6173291656,0.09263298579,4.629505084,67,13.05947472
69,8000,0.01,0.7461058796,5.376749603,0.7369735531,7.860574129,1.012391661,0.6840148715,0.7380625944,7.883822765,102,35.66156836
69,8000,0.02,0.6074477875,4.286309199,0.5993738337,6.618517869,1.013470648,0.6476237253,0.6004333173,6.641937006,103,35.90463991
69,8000,0.05,0.4196734128,3.553760213,0.39298873,5.904061723,1.067901904,0.6019178627,0.3940255185,5.935255175,105,29.98374571
69,8000,0.1,0.3302858465,3.314994987,0.2861501388,5.767369055,1.154239686,0.5747846125,0.2871741512,5.808720947,105,21.9084875
69,8000,0.2,0.27877562,3.315789096,0.2320228664,5.728174943,1.20150063,0.5788561154,0.2330339747,5.778208159,105,30.28113127
69,10000,0.01,0.8078272378,6.552353004,0.800831067,8.907190716,1.008736138,0.7356250936,0.8485911235,10.00128712,117,40.58104264
69,10000,0.02,0.7080061552,5.007375217,0.7095484285,7.199348979,0.9978264016,0.6955316697,0.7443134186,7.922109448,131,25.05881544
69,10000,0.05,0.6225708336,3.710386825,0.6528107446,6.349554805,0.9536773694,0.5843538544,0.6724309747,6.736962181,141,49.09050202
69,10000,0.1,0.6428330328,3.572203552,0.6754114128,6.525140049,0.9517651325,0.5474523956,0.6867678588,6.746413728,141,48.59997002
69,10000,0.2,0.6821354974,3.730367145,0.6913984831,6.811139608,0.986602537,0.5476861964,0.6978852168,6.939544021,137,25.41948397
69,12000,0.01,0.859153254,7.238535006,0.8515156062,9.318851134,1.008969475,0.7767625968,0.9373067487,11.29121399,100,34.7838503
69,12000,0.02,0.7999003722,5.013045434,0.8074081899,6.969356574,0.9907013357,0.7192981706,0.8928203928,8.521863764,118,41.19639026
69,12000,0.05,0.7943476974,3.468569184,0.8265212208,5.948695629,0.9610735664,0.5830806281,0.9107720889,7.2232585,136,46.78090993
69,12000,0.1,0.8293467313,3.50287933,0.8621947974,6.149893009,0.9619018043,0.5695837837,0.9445231715,7.380435648,144,49.83832677
69,12000,0.2,0.8708882136,3.766858881,0.8894980204,6.70925893,0.9790783044,0.5614418702,0.9682132204,7.949258095,146,41.76794004
69,14000,0.01,0.8984525115,7.65278665,0.8912289358,9.95789398,1.008105185,0.768514574,0.977531709,11.97982983,80,29.1629082
69,14000,0.02,0.8630306065,4.909989417,0.8751164934,7.228332465,0.9861893966,0.6792700032,0.9613729675,8.723488518,97,33.79351589
69,14000,0.05,0.8714806499,3.474221517,0.9016174398,6.144149817,0.9665747483,0.5654519536,0.9878109172,7.37504769,116,23.57080422
69,14000,0.1,0.9041343109,3.419329175,0.9260733342,6.241567322,0.9763096264,0.5478318183,1.012199398,7.456500479,127,23.7319272
69,14000,0.2,0.9255490026,3.60287387,0.9444730527,6.717877097,0.9799633774,0.53631137,1.03048824,7.99721905,134,46.45997112
70,6000,0.01,0.6448668591,3.83153558,0.6403604172,5.872296843,1.007037352,0.6524764811,0.6410028064,5.884084556,65,17.6345858
70,6000,0.02,0.4946557181,3.32748402,0.4768860304,5.091726021,1.037261917,0.653508065,0.4774606324,5.104003497,66,23.2311406
70,6000,0.05,0.3127854472,2.892357892,0.2635633778,4.659109029,1.186756103,0.6207963528,0.2640825633,4.677482783,67,19.54138696
70,6000,0.1,0.2149562373,2.817877221,0.156732353,4.592593235,1.37148606,0.6135699543,0.1572256655,4.621548954,67,19.58786414
70,6000,0.2,0.1358956113,2.817944834,0.0918225445,4.564736273,1.479980892,0.6173291656,0.09229662628,4.611993618,67,19.30902153
70,8000,0.01,0.7454782701,5.369763408,0.7363536255,7.850360617,1.012391661,0.6840148715,0.7374426986,7.873599285,102,29.66856936
70,8000,0.02,0.6066220477,4.275738075,0.5985590693,6.602194929,1.013470648,0.6476237253,0.5996185906,6.625588969,103,35.80815877
70,8000,0.05,0.4186037421,3.54125107,0.3919870736,5.883279579,1.067901904,0.6019178627,0.3930239197,5.9144445,105,36.6460053
70,8000,0.1,0.3293537245,3.302291825,0.2853425752,5.74526832,1.154239686,0.5747846125,0.2863666458,5.786580897,105,36.9271476
70,8000,0.2,0.2780657202,3.302952035,0.2314320221,5.705998343,1.20150063,0.5788561154,0.2324431795,5.755967805,105,20.71056514
70,10000,0.01,0.8073184588,6.544979522,0.8003266943,8.897167293,1.008736138,0.7356250936,0.8480936889,9.990904645,117,28.65003692
70,10000,0.02,0.707340613,4.994878835,0.7088814366,7.181382318,0.9978264016,0.6955316697,0.7436570852,7.903260206,131,47.26090847
70,10000,0.05,0.6220050877,3.697311288,0.6522175189,6.327178747,0.9536773694,0.5843538544,0.6718455592,6.713733306,141,48.8934699
70,10000,0.1,0.6423163891,3.55888108,0.674868586,6.500804652,0.9517651325,0.5474523956,0.6862293844,6.721517153,141,35.55605281
70,10000,0.2,0.6815554157,3.716014339,0.6908105242,6.78493335,0.986602537,0.5476861964,0.6972998582,6.913004654,137,35.70725414
70,12000,0.01,0.8587649367,7.2287706,0.851130741,9.306280491,1.008969475,0.7767625968,0.9369219725,11.27691827,100,19.86317623
70,12000,0.02,0.7994507335,4.998706151,0.806954331,6.949421472,0.9907013357,0.7192981706,0.8923667501,8.498406449,119,24.30389851
70,12000,0.05,0.794070465,3.456167151,0.8262327596,5.927425787,0.9610735664,0.5830806281,0.9104839536,7.197901457,136,36.37981217
70,12000,0.1,0.8291325455,3.490201707,0.8619721283,6.127635314,0.9619018043,0.5695837837,0.944300966,7.35406276,144,34.55544744
70,12000,0.2,0.8706941886,3.753264291,0.8892998493,6.68504522,0.9790783044,0.5614418702,0.9680157841,7.920868248,146,42.08950026
70,14000,0.01,0.8981737881,7.640291356,0.8909524533,9.94163496,1.008105185,0.768514574,0.9772552376,11.96092507,80,20.77568477
70,14000,0.02,0.8627700834,4.894569077,0.8748523219,7.205631124,0.9861893966,0.6792700032,0.9611088053,8.696562856,97,34.59684336
70,14000,0.05,0.8713174842,3.461663674,0.9014486316,6.121941311,0.9665747483,0.5654519536,0.987642116,7.34863026,116,40.58332076
70,14000,0.1,0.9040130694,3.406926038,0.9259491508,6.218926913,0.9763096264,0.5478318183,1.012075222,7.429622745,127,46.62572351
70,14000,0.2,0.9254543139,3.589984955,0.9443764279,6.693844575,0.9799633774,0.53631137,1.030391626,7.968746076,134,46.3949018
71,6000,0.01,0.6431797788,3.816735763,0.6386851266,5.849614313,1.007037352,0.6524764811,0.6393277498,5.8613916,65,23.00734292
71,6000,0.02,0.4924900007,3.312703563,0.4747981128,5.069108923,1.037261917,0.653508065,0.4753731049,5.081393985,66,17.18817515
71,6000,0.05,0.311084896,2.880071393,0.262130437,4.639317515,1.186756103,0.6207963528,0.2626500904,4.657729928,67,25.60213027
71,6000,0.1,0.2137922893,2.806276499,0.1558836765,4.573686309,1.37148606,0.6135699543,0.1563774368,4.602706429,67,16.50329727
71,6000,0.2,0.1351786945,2.806355122,0.09133813499,4.545962313,1.479980892,0.6173291656,0.09181262996,4.593316884,67,23.53497412
71,8000,0.01,0.7440837325,5.353978732,0.7349761571,7.827284106,1.012391661,0.6840148715,0.7360653009,7.850499429,102,29.83373931
71,8000,0.02,0.6046802598,4.257471292,0.5966430909,6.57398907,1.013470648,0.6476237253,0.5977027012,6.597360001,104,36.28831679
71,8000,0.05,0.4167138915,3.525557936,0.390217388,5.857207692,1.067901904,0.6019178627,0.3912543366,5.888378487,105,19.94018192
71,8000,0.1,0.328054249,3.288403612,0.2842167471,5.721105856,1.154239686,0.5747846125,0.2852408994,5.762411237,105,37.56179581
71,8000,0.2,0.2771869564,3.289131055,0.2307006336,5.682121977,1.20150063,0.5788561154,0.231711852,5.732043465,105,34.6006619
71,10000,0.01,0.8062518245,6.526793758,0.7992692975,8.872445781,1.008736138,0.7356250936,0.8470508528,9.964971497,117,40.54316142
71,10000,0.02,0.7060140769,4.97287829,0.7075520109,7.149751056,0.9978264016,0.6955316697,0.742348944,7.87028341,131,37.64696294
71,10000,0.05,0.6211132353,3.680814076,0.6512823469,6.298947201,0.9536773694,0.5843538544,0.6709227228,6.684583556,141,48.63850253
71,10000,0.1,0.6416802784,3.544047036,0.6742002376,6.473708151,0.9517651325,0.5474523956,0.6855664035,6.693825203,141,38.91039679
71,10000,0.2,0.6809070197,3.700426697,0.6901533234,6.75647245,0.986602537,0.5476861964,0.696645569,6.884186086,137,47.69048178
71,12000,0.01,0.8579617503,7.208801758,0.8503346947,9.28057271,1.008969475,0.7767625968,0.936126111,11.2476993,101,19.88719387
71,12000,0.02,0.7987275744,4.975704466,0.8062243843,6.917443517,0.9907013357,0.7192981706,0.8916371503,8.460773589,119,43.37201508
71,12000,0.05,0.7937048897,3.441219831,0.8258523774,5.901790705,0.9610735664,0.5830806281,0.9101040012,7.167389479,136,40.16231861
71,12000,0.1,0.8288812549,3.476041687,0.8617108848,6.102775019,0.9619018043,0.5695837837,0.9440402665,7.324622384,144,41.1951407
71,12000,0.2,0.8704770807,3.738399092,0.8890781021,6.658568394,0.9790783044,0.5614418702,0.9677948594,7.889830249,146,27.51117452
71,14000,0.01,0.8976552524,7.614408485,0.8904380867,9.907955871,1.008105185,0.768514574,0.9767408915,11.92162201,80,15.02108129
71,14000,0.02,0.8623770221,4.872277783,0.8744537561,7.17281458,0.9861893966,0.6792700032,0.9607102535,8.657664676,97,33.86200573
71,14000,0.05,0.8711198718,3.446998185,0.9012441856,6.09600544,0.9665747483,0.5654519536,0.9874376784,7.317787332,116,30.00800996
71,14000,0.1,0.9038756357,3.393172964,0.9258083822,6.193822357,0.9763096264,0.5478318183,1.011934462,7.39982247,127,44.09196907
71,14000,0.2,0.9253493837,3.57589967,0.9442693523,6.667581316,0.9799633774,0.53631137,1.030284561,7.937631194,134,46.38370926
72,6000,0.01,0.6408992909,3.797527504,0.6364205751,5.820175307,1.007037352,0.6524764811,0.6370635161,5.831940859,65,15.04990438
72,6000,0.02,0.489796031,3.2957423,0.4722009195,5.043154748,1.037261917,0.653508065,0.4727764004,5.055454629,66,23.40869412
72,6000,0.05,0.3090727231,2.866726697,0.2604349135,4.617821422,1.186756103,0.6207963528,0.2609551258,4.636287814,67,23.58503613
72,6000,0.1,0.2124127485,2.793757194,0.1548778035,4.55328227,1.37148606,0.6135699543,0.1553720995,4.582392459,67,17.16741884
72,6000,0.2,0.1343211829,2.7938518,0.09075872777,4.525708415,1.479980892,0.6173291656,0.09123372127,4.573203734,67,23.3643529
72,8000,0.01,0.7421690821,5.330812663,0.7330849419,7.79341632,1.012391661,0.6840148715,0.7341741833,7.816592946,102,19.53240004
72,8000,0.02,0.6022300448,4.235017118,0.5942254431,6.539317434,1.013470648,0.6476237253,0.5952851664,6.562662264,104,36.33933308
72,8000,0.05,0.4144678003,3.508300102,0.3881141132,5.828536282,1.067901904,0.6019178627,0.3891511845,5.859726509,105,30.66051719
72,8000,0.1,0.3265379816,3.273350938,0.2829030967,5.694917482,1.154239686,0.5747846125,0.2839273448,5.736228927,105,30.37358445
72,8000,0.2,0.2761819078,3.274171536,0.2298641391,5.656278734,1.20150063,0.5788561154,0.2308754276,5.706157875,106,19.9111013
72,10000,0.01,0.8047833809,6.498096532,0.7978135714,8.833435113,1.008736138,0.7356250936,0.8456152119,9.923671002,117,40.3259437
72,10000,0.02,0.704284239,4.944635468,0.7058184047,7.109144965,0.9978264016,0.6955316697,0.7406431782,7.827975664,131,45.23370432
72,10000,0.05,0.6200672704,3.662402217,0.6501855767,6.267439136,0.9536773694,0.5843538544,0.6698404569,6.652091461,141,48.66304171
72,10000,0.1,0.6409684498,3.527911618,0.6734523339,6.444234506,0.9517651325,0.5474523956,0.6848245175,6.663711889,141,38.07347967
72,10000,0.2,0.6801927936,3.683492473,0.6894293985,6.725552876,0.986602537,0.5476861964,0.6959248572,6.852879453,137,47.26561515
72,12000,0.01,0.8569201087,7.173978036,0.849302313,9.235740837,1.008969475,0.7767625968,0.9350939685,11.19586454,101,29.74749628
72,12000,0.02,0.7978000887,4.946100613,0.8052881933,6.876286936,0.9907013357,0.7192981706,0.8907014045,8.412316453,119,27.65046248
72,12000,0.05,0.7932800696,3.424323662,0.8254103508,5.872813291,0.9610735664,0.5830806281,0.9096624744,7.132913073,136,31.8534949
72,12000,0.1,0.8286000586,3.460517163,0.8614185511,6.075519111,0.9619018043,0.5695837837,0.943748542,7.292350561,145,32.83176204
72,12000,0.2,0.8702377979,3.722197597,0.8888337061,6.629711453,0.9790783044,0.5614418702,0.9675513701,7.85600336,146,50.16761571
72,14000,0.01,0.8969536447,7.575311324,0.88974212,9.857082195,1.008105185,0.768514574,0.9760449528,11.8620491,80,28.18141569
72,14000,0.02,0.8618843095,4.844098518,0.8739541436,7.13132995,0.9861893966,0.6792700032,0.9602106585,8.608476217,97,33.96159332
72,14000,0.05,0.8708934321,3.430431037,0.9010099153,6.066706491,0.9665747483,0.5654519536,0.9872034178,7.282946911,116,22.59827103
72,14000,0.1,0.9037226671,3.378048949,0.9256517018,6.166215317,0.9763096264,0.5478318183,1.011777791,7.367052456,127,24.21835422
72,14000,0.2,0.925233681,3.560511255,0.9441512839,6.638888254,0.9799633774,0.53631137,1.030166505,7.903637855,134,46.20806032
73,6000,0.01,0.6392731526,3.782995693,0.6348058005,5.79790353,1.007037352,0.6524764811,0.635448969,5.809658049,65,13.05000139
73,6000,0.02,0.4877885405,3.281566224,0.4702655447,5.021462474,1.037261917,0.653508065,0.4708413926,5.033767729,66,23.2756318
73,6000,0.05,0.3074940396,2.85456052,0.2591046625,4.598223729,1.186756103,0.6207963528,0.2596253172,4.616721984,67,24.20251243
73,6000,0.1,0.2113253432,2.782159516,0.154084937,4.534380303,1.37148606,0.6135699543,0.1545796592,4.563544214,67,19.42569004
73,6000,0.2,0.1336491626,2.782262784,0.09030465417,4.506935585,1.479980892,0.6173291656,0.09078004184,4.554511895,67,19.90866656
73,8000,0.01,0.7407886395,5.31419041,0.731721396,7.769115309,1.012391661,0.6840148715,0.7328107079,7.792264255,102,35.50668698
73,8000,0.02,0.600440978,4.217227409,0.5924601559,6.511848229,1.013470648,0.6476237253,0.5935199622,6.535166151,104,36.58666437
73,8000,0.05,0.4127127411,3.492937977,0.3864706484,5.80301432,1.067901904,0.6019178627,0.3875078163,5.834203114,105,36.73834477
73,8000,0.1,0.3252986658,3.259491695,0.2818293892,5.67080542,1.154239686,0.5747846125,0.2828537162,5.712102143,106,30.7571381
73,8000,0.2,0.2753299426,3.260367878,0.2291550548,5.632432295,1.20150063,0.5788561154,0.230166403,5.682258126,106,30.40340786
73,10000,0.01,0.8037100493,6.477752187,0.7967495354,8.805779253,1.008736138,0.7356250936,0.8445658869,9.894440195,117,30.0240035
73,10000,0.02,0.7029686456,4.923138511,0.7044999456,7.078237736,0.9978264016,0.6955316697,0.7393459974,7.795763751,132,45.93835047
73,10000,0.05,0.6192107668,3.646242085,0.6492874704,6.239784435,0.9536773694,0.5843538544,0.668954265,6.623513044,142,49.18053668
73,10000,0.1,0.6403412558,3.513161381,0.6727933541,6.417291091,0.9517651325,0.5474523956,0.6841708498,6.636169753,141,48.79820404
73,10000,0.2,0.6795420693,3.66794787,0.6887698377,6.697170559,0.986602537,0.5476861964,0.6952682294,6.824139366,137,31.33629194
73,12000,0.01,0.8561467094,7.148742404,0.848535789,9.20325262,1.008969475,0.7767625968,0.9343276221,11.15833488,101,21.24628933
73,12000,0.02,0.7970878183,4.922866501,0.8045692375,6.84398585,0.9907013357,0.7192981706,0.8899827909,8.374241365,119,26.31849955
73,12000,0.05,0.7929172585,3.409515455,0.8250328447,5.847416791,0.9610735664,0.5830806281,0.9092853956,7.102676023,137,36.81204094
73,12000,0.1,0.8283488616,3.446417621,0.8611574049,6.050764997,0.9619018043,0.5695837837,0.9434879399,7.26303123,145,31.16293254
73,12000,0.2,0.8700190252,3.707374637,0.8886102586,6.603309859,0.9790783044,0.5614418702,0.9673287518,7.825051861,146,50.10532515
73,14000,0.01,0.8964251891,7.546338588,0.8892179131,9.819382538,1.008105185,0.768514574,0.975520767,11.81791363,80,23.47752049
73,14000,0.02,0.8614914135,4.821349406,0.8735557455,7.097839421,0.9861893966,0.6792700032,0.9598122744,8.568750943,97,26.2095802
73,14000,0.05,0.8706935307,3.415783928,0.9008031011,6.040803125,0.9665747483,0.5654519536,0.9869966121,7.252141356,117,40.58123447
73,14000,0.1,0.9035836847,3.364313408,0.925509347,6.141142767,0.9763096264,0.5478318183,1.011635445,7.337289419,128,33.01764386
73,14000,0.2,0.9251277189,3.546449994,0.9440431553,6.612669789,0.9799633774,0.53631137,1.030058388,7.872575357,134,46.96686679
74,6000,0.01,0.6378845709,3.769989539,0.6334269224,5.777970009,1.007037352,0.6524764811,0.6340702859,5.789713189,65,23.03718744
74,6000,0.02,0.486089613,3.268648717,0.4686276485,5.001696064,1.037261917,0.653508065,0.4692038086,5.014002422,66,15.40160824
74,6000,0.05,0.3061259326,2.84289144,0.2579518502,4.579426776,1.186756103,0.6207963528,0.2584728912,4.59794557,67,23.56121608
74,6000,0.1,0.2103781944,2.770882885,0.1533943366,4.516001584,1.37148606,0.6135699543,0.1538894327,4.545200351,67,23.51096809
74,6000,0.2,0.1330665664,2.770985537,0.089911003,4.488667784,1.479980892,0.6173291656,0.09038673485,4.536293803,67,23.753741
74,8000,0.01,0.7395941801,5.299224479,0.7305415568,7.747235769,1.012391661,0.6840148715,0.73163093,7.770358133,102,35.56669324
74,8000,0.02,0.5989145794,4.201182925,0.5909540456,6.487073837,1.013470648,0.6476237253,0.5920139229,6.510363866,104,36.2117144
74,8000,0.05,0.4111976777,3.478458882,0.3850519194,5.778959385,1.067901904,0.6019178627,0.3860891713,5.810136013,105,30.72369432
74,8000,0.1,0.3241945115,3.246071467,0.2808727817,5.647457147,1.154239686,0.5747846125,0.2818971793,5.688727015,106,30.96808118
74,8000,0.2,0.2745439979,3.246964901,0.2285009189,5.609278048,1.20150063,0.5788561154,0.2295123224,5.659044141,106,19.92857951
74,10000,0.01,0.8027717352,6.459297899,0.7958193475,8.780692714,1.008736138,0.7356250936,0.8436485802,9.867859387,117,41.3012289
74,10000,0.02,0.7018530895,4.903513259,0.7033819594,7.050021548,0.9978264016,0.6955316697,0.7382460647,7.766230484,132,38.1677401
74,10000,0.05,0.6184483003,3.631017077,0.6484879689,6.213730002,0.9536773694,0.5843538544,0.6681653857,6.596544226,142,49.11504272
74,10000,0.1,0.6397491843,3.498937255,0.6721712768,6.391308693,0.9517651325,0.5474523956,0.6835537957,6.609601739,141,40.35535684
74,10000,0.2,0.6789134978,3.652896853,0.6881327307,6.669689463,0.986602537,0.5476861964,0.6946339606,6.796310428,137,47.2109298
74,12000,0.01,0.8554638387,7.12576412,0.8478589889,9.1736705,1.008969475,0.7767625968,0.933650979,11.12410279,101,35.15264404
74,12000,0.02,0.7964504909,4.901575262,0.8039259282,6.814385832,0.9907013357,0.7192981706,0.889339788,8.339309521,119,22.10889307
74,12000,0.05,0.7925810209,3.395434918,0.8246829885,5.823268265,0.9610735664,0.5830806281,0.9089359352,7.073905813,137,40.4086076
74,12000,0.1,0.8281079197,3.432823129,0.86090692,6.026897583,0.9619018043,0.5695837837,0.9432379772,7.234757363,145,49.99485909
74,12000,0.2,0.8698069829,3.69303951,0.8883936851,6.577777159,0.9790783044,0.5614418702,0.9671129822,7.795117341,146,43.61376206
74,14000,0.01,0.8959555814,7.519833324,0.8887520811,9.784893583,1.008105185,0.768514574,0.9750549537,11.77749779,80,15.34865965
74,14000,0.02,0.8611326744,4.80022862,0.8731919826,7.066746062,0.9861893966,0.6792700032,0.9594485243,8.531853017,97,18.63848613
74,14000,0.05,0.8705050875,3.401766101,0.9006081413,6.016012641,0.9665747483,0.5654519536,0.9868016604,7.222652929,117,40.89266903
74,14000,0.1,0.9034498414,3.351050447,0.9253722559,6.116932852,0.9763096264,0.5478318183,1.011498362,7.308548472,128,44.64346961
74,14000,0.2,0.925024806,3.532848857,0.9439381382,6.587309267,0.9799633774,0.53631137,1.029953381,7.842528801,134,35.23411092
75,6000,0.01,0.6367744608,3.758822255,0.6323245699,5.76085478,1.007037352,0.6524764811,0.6329680898,5.772586448,65,19.18309332
75,6000,0.02,0.4847399031,3.257159954,0.4673264246,4.984115925,1.037261917,0.653508065,0.4679028341,4.996418518,66,23.43063147
75,6000,0.05,0.3049336337,2.831510716,0.2569471797,4.561094316,1.186756103,0.6207963528,0.2574685594,4.579623219,67,23.68353811
75,6000,0.1,0.2095304514,2.759690972,0.1527762166,4.497760936,1.37148606,0.6135699543,0.1532716495,4.526979514,67,12.96645015
75,6000,0.2,0.132547446,2.759782943,0.08956024146,4.47052091,1.479980892,0.6173291656,0.09003628192,4.518171625,67,23.44614564
75,8000,0.01,0.7385998912,5.286087809,0.7295594379,7.728030529,1.012391661,0.6840148715,0.7306488623,7.751127732,102,37.35465267
75,8000,0.02,0.5976931333,4.187312998,0.5897488344,6.465657193,1.013470648,0.6476237253,0.5908087689,6.488919067,104,20.1184832
75,8000,0.05,0.4099002231,3.464691756,0.3838369626,5.756087284,1.067901904,0.6019178627,0.3848742868,5.78724112,105,36.95924032
75,8000,0.1,0.3231861517,3.232813147,0.2799991679,5.624390557,1.154239686,0.5747846125,0.2810236302,5.665622945,106,20.09231154
75,8000,0.2,0.2737991918,3.233671477,0.2278810223,5.58631306,1.20150063,0.5788561154,0.2288924784,5.636013113,106,36.76037347
75,10000,0.01,0.8019179433,6.444633775,0.7949729498,8.760758478,1.008736138,0.7356250936,0.8428139653,9.846920943,118,34.69384113
75,10000,0.02,0.70091437,4.88636264,0.7024411951,7.025363262,0.9978264016,0.6955316697,0.7373205238,7.740365793,132,47.63868106
75,10000,0.05,0.6177692334,3.616596572,0.647775918,6.18905231,0.9536773694,0.5843538544,0.6674628132,6.570958217,142,26.87417033
75,10000,0.1,0.6391803714,3.484952512,0.6715736368,6.365763562,0.9517651325,0.5474523956,0.6829609894,6.583472424,141,41.05599953
75,10000,0.2,0.6782924638,3.638001333,0.6875032634,6.642492284,0.986602537,0.5476861964,0.6940073023,6.768767719,137,47.35854442
75,12000,0.01,0.8548649989,7.104820201,0.8472654725,9.146707412,1.008969475,0.7767625968,0.9330576005,11.09283823,101,19.12498165
75,12000,0.02,0.7958829943,4.882182736,0.8033531051,6.787425487,0.9907013357,0.7192981706,0.8887672379,8.307458794,119,41.55371583
75,12000,0.05,0.7922643623,3.381901699,0.8243535043,5.800058408,0.9610735664,0.5830806281,0.9086068239,7.04623914,137,34.29050271
75,12000,0.1,0.8278729917,3.419472009,0.8606626872,6.003457449,0.9619018043,0.5695837837,0.9429942535,7.206984349,145,50.13476011
75,12000,0.2,0.8695971615,3.678874771,0.8881793802,6.552547942,0.9790783044,0.5614418702,0.9668994729,7.765536784,146,39.43636383
75,14000,0.01,0.8955060265,7.497841501,0.8883061406,9.75627757,1.008105185,0.768514574,0.9746090312,11.74409842,81,28.43562408
75,14000,0.02,0.8608013981,4.780465187,0.8728560671,7.037650955,0.9861893966,0.6792700032,0.9591126207,8.497313962,97,28.20359522
75,14000,0.05,0.8703224421,3.38813009,0.9004191799,5.9918974,0.9665747483,0.5654519536,0.9866127068,7.193964703,117,42.06326805
75,14000,0.1,0.9033178708,3.337985531,0.925237083,6.093084447,0.9763096264,0.5478318183,1.011363197,7.280235494,128,46.01061155
75,14000,0.2,0.9249226877,3.519402227,0.943833932,6.562236835,0.9799633774,0.53631137,1.029849186,7.812823027,134,24.91315199
76,6000,0.01,0.6348283636,3.741972406,0.6303920724,5.735030326,1.007037352,0.6524764811,0.6310358672,5.746750232,65,20.17851626
76,6000,0.02,0.4823791093,3.241195476,0.4650504385,4.959687033,1.037261917,0.653508065,0.4656272866,4.971998646,66,23.27480664
76,6000,0.05,0.303144894,2.818378404,0.2554399284,4.539940338,1.186756103,0.6207963528,0.2559618203,4.558510484,67,14.8484461
76,6000,0.1,0.2083043908,2.747269367,0.1518822515,4.47751613,1.37148606,0.6135699543,0.1523781754,4.506803714,67,23.74951908
76,6000,0.2,0.1317859021,2.747383699,0.08904567814,4.450435606,1.479980892,0.6173291656,0.08952217469,4.498192916,67,19.83302791
76,8000,0.01,0.7369014371,5.267402669,0.7278817729,7.700713667,1.012391661,0.6840148715,0.7289712851,7.723784175,103,29.95025657
76,8000,0.02,0.5955657035,4.166902447,0.5876496817,6.434141128,1.013470648,0.6476237253,0.5887097162,6.457374573,104,25.67561365
76,8000,0.05,0.4078719103,3.447882878,0.3819376189,5.728161751,1.067901904,0.6019178627,0.3829750569,5.75932225,106,30.32379935
76,8000,0.1,0.3218045195,3.217922076,0.2788021616,5.598483338,1.154239686,0.5747846125,0.2798267131,5.639705931,106,37.02115939
76,8000,0.2,0.2728571039,3.218874545,0.2270969296,5.560750693,1.20150063,0.5788561154,0.2281084523,5.610397797,106,20.90042277
76,10000,0.01,0.8006326786,6.419815268,0.7936988162,8.727020494,1.008736138,0.7356250936,0.8415575304,9.811200517,118,41.20807445
76,10000,0.02,0.6994063503,4.861346775,0.7009298903,6.989396725,0.9978264016,0.6955316697,0.7358337339,7.702823015,132,45.70167131
76,10000,0.05,0.6168022925,3.598874552,0.6467620102,6.15872476,0.9536773694,0.5843538544,0.6664624313,6.539629396,142,46.27356558
76,10000,0.1,0.6384846151,3.469042261,0.67084262,6.336701216,0.9517651325,0.5474523956,0.6822358956,6.553768083,141,40.68208447
76,10000,0.2,0.6775781214,3.621283466,0.6867792206,6.611967747,0.986602537,0.5476861964,0.6932864966,6.737858963,137,47.30268094
76,12000,0.01,0.8539368698,7.073753699,0.8463455943,9.106712563,1.008969475,0.7767625968,0.932137936,11.04654637,101,35.85541772
76,12000,0.02,0.7950578224,4.855732142,0.8025201882,6.750652706,0.9907013357,0.7192981706,0.8879347183,8.264106544,119,22.62210426
76,12000,0.05,0.7918604369,3.36569777,0.8239332186,5.772268203,0.9610735664,0.5830806281,0.9081870141,7.013148777,137,47.40223919
76,12000,0.1,0.8275947443,3.404219792,0.8603734192,5.976679619,0.9619018043,0.5695837837,0.9427055887,7.175268719,145,50.26088693
76,12000,0.2,0.869355941,3.662887193,0.8879330051,6.524072014,0.9790783044,0.5614418702,0.9666540127,7.732153441,146,30.86089851
76,14000,0.01,0.8948707852,7.462226866,0.8876760067,9.709935398,1.008105185,0.768514574,0.9739789227,11.68978423,81,28.62065917
76,14000,0.02,0.8603499516,4.754682294,0.8723982985,6.999694189,0.9861893966,0.6792700032,0.9586548682,8.452282631,97,28.26315217
76,14000,0.05,0.8701022904,3.372140832,0.900191415,5.963620446,0.9665747483,0.5654519536,0.9863849514,7.160331631,117,34.57262541
76,14000,0.1,0.9031650151,3.323119026,0.9250805182,6.065947459,0.9763096264,0.5478318183,1.011206642,7.248020306,128,23.71232048
76,14000,0.2,0.9248059769,3.504219383,0.9437148348,6.533927078,0.9799633774,0.53631137,1.029730101,7.77928237,134,38.26424938
77,6000,0.01,0.6339247748,3.732576967,0.6294947981,5.720630666,1.007037352,0.6524764811,0.630138721,5.732340148,65,22.87778633
77,6000,0.02,0.4811682471,3.230010205,0.4638830744,4.942571298,1.037261917,0.653508065,0.4644601488,4.954876145,66,23.42881684
77,6000,0.05,0.3019191733,2.80651332,0.2544070955,4.520827656,1.186756103,0.6207963528,0.254929341,4.539407367,67,20.8149646
77,6000,0.1,0.2073799168,2.735462507,0.1512081842,4.458273239,1.37148606,0.6135699543,0.1517044812,4.487587242,67,23.65997164
77,6000,0.2,0.1312099406,2.735560824,0.08865650989,4.431283951,1.479980892,0.6173291656,0.08913335405,4.479079977,67,12.76313583
77,8000,0.01,0.7360813425,5.257870997,0.7270717162,7.686778777,1.012391661,0.6840148715,0.728161271,7.709834113,103,29.59017178
77,8000,0.02,0.5945058531,4.154161178,0.5866039184,6.414467253,1.013470648,0.6476237253,0.5876640029,6.437672083,104,36.13789534
77,8000,0.05,0.4065800717,3.43372134,0.3807279211,5.70463439,1.067901904,0.6019178627,0.3817654321,5.735767829,106,30.68125646
77,8000,0.1,0.3207287538,3.203949833,0.2778701491,5.57417468,1.154239686,0.5747846125,0.2788947705,5.615359015,106,23.80057322
77,8000,0.2,0.2720519374,3.204824388,0.2264267955,5.536478414,1.20150063,0.5788561154,0.2274383755,5.586058245,106,37.41654188
77,10000,0.01,0.7999336101,6.407343761,0.7930058019,8.710066877,1.008736138,0.7356250936,0.8408741588,9.793338649,118,23.66435179
77,10000,0.02,0.6985822266,4.846282617,0.7001039715,6.967738246,0.9978264016,0.6955316697,0.7350212442,7.680093866,132,45.65874465
77,10000,0.05,0.6161221901,3.584072597,0.6460488734,6.133394295,0.9536773694,0.5843538544,0.6657588289,6.513343864,142,48.9639945
77,10000,0.1,0.6378826783,3.454304705,0.6702101774,6.309780966,0.9517651325,0.5474523956,0.6816085866,6.526229655,141,48.66776693
77,10000,0.2,0.6769122808,3.605515899,0.6861043383,6.583178329,0.986602537,0.5476861964,0.6926146374,6.708703836,137,27.98831138
77,12000,0.01,0.8533785891,7.055469393,0.8457922766,9.083173446,1.008969475,0.7767625968,0.931584747,11.01932305,101,21.07633303
77,12000,0.02,0.7945363554,4.838111182,0.8019938268,6.726155272,0.9907013357,0.7192981706,0.887408608,8.235161342,119,41.40222684
77,12000,0.05,0.7915372486,3.351805587,0.8235969401,5.748442711,0.9610735664,0.5830806281,0.9078511166,6.984736433,137,43.84375565
77,12000,0.1,0.8273460638,3.390173593,0.8601148892,5.952019159,0.9619018043,0.5695837837,0.942447598,7.14604609,145,50.04092261
77,12000,0.2,0.8691310122,3.647887951,0.8877032698,6.497356441,0.9790783044,0.5614418702,0.9664251308,7.700829055,146,41.99643201
77,14000,0.01,0.8944566459,7.438416676,0.8872651971,9.678953306,1.008105185,0.768514574,0.9735681297,11.65344145,81,28.47602473
77,14000,0.02,0.8600289629,4.7356901,0.8720728147,6.971734476,0.9861893966,0.6792700032,0.9583293958,8.419086303,97,33.99794726
77,14000,0.05,0.8699131337,3.35806693,0.8999957171,5.938730794,0.9665747483,0.5654519536,0.9861892615,7.130718498,117,26.67034187
77,14000,0.1,0.9030248294,3.309366948,0.9249369309,6.040844723,0.9763096264,0.5478318183,1.011063063,7.218216793,128,44.54395864
77,14000,0.2,0.924696486,3.489976007,0.9436031052,6.507369044,0.9799633774,0.53631137,1.029618383,7.747815856,134,38.09280653
78,6000,0.01,0.6314601108,3.712641677,0.6270473576,5.690077396,1.007037352,0.6524764811,0.6276916311,5.701776193,65,15.24463316
78,6000,0.02,0.4782915733,3.212853344,0.4611097403,4.916317818,1.037261917,0.653508065,0.4616873556,4.928642515,66,23.34159098
78,6000,0.05,0.2999346461,2.794049722,0.2527348672,4.500750866,1.186756103,0.6207963528,0.25325769,4.519391183,67,20.08644968
78,6000,0.1,0.206060757,2.723956216,0.1502463372,4.439520216,1.37148606,0.6135699543,0.150743171,4.468929928,67,12.8066366
78,6000,0.2,0.1303904685,2.724081297,0.0881028054,4.41268848,1.479980892,0.6173291656,0.08858014816,4.460634083,67,19.43689711
78,8000,0.01,0.7340162002,5.233505046,0.7250318513,7.651156815,1.012391661,0.6840148715,0.7261215134,7.674172192,103,21.21005567
78,8000,0.02,0.5918299529,4.131175661,0.5839635851,6.378975166,1.013470648,0.6476237253,0.5850237969,6.402158818,105,36.6194546
78,8000,0.05,0.4043078222,3.417230661,0.3786001513,5.677237498,1.067901904,0.6019178627,0.3796377913,5.708399671,106,30.53541624
78,8000,0.1,0.3192748533,3.190082949,0.2766105316,5.550049322,1.154239686,0.5747846125,0.2776352479,5.59124631,106,30.53965842
78,8000,0.2,0.2711078595,3.191104488,0.2256410466,5.512776669,1.20150063,0.5788561154,0.2266526939,5.562319853,106,37.16846488
78,10000,0.01,0.7983611573,6.376725331,0.7914469673,8.668444547,1.008736138,0.7356250936,0.8393370497,9.749230192,118,40.9058841
78,10000,0.02,0.6967519271,4.81744116,0.698269685,6.926271469,0.9978264016,0.6955316697,0.7332168607,7.636916114,132,45.88466755
78,10000,0.05,0.6150653259,3.566474996,0.6449406745,6.103279663,0.9536773694,0.5843538544,0.6646654801,6.482312796,142,50.91387404
78,10000,0.1,0.6371922414,3.439374725,0.6694847496,6.282509224,0.9517651325,0.5474523956,0.6808890579,6.498370486,141,29.32851373
78,10000,0.2,0.6762317,3.589967463,0.6854145157,6.554789014,0.986602537,0.5476861964,0.6919279106,6.679959361,137,40.44292787
78,12000,0.01,0.8522735918,7.018594645,0.8446971024,9.035701094,1.008969475,0.7767625968,0.9304898276,10.96435545,101,19.02633999
78,12000,0.02,0.793583171,4.80861393,0.8010316958,6.685146893,0.9907013357,0.7192981706,0.8864469366,8.186853891,119,41.16972639
78,12000,0.05,0.7911189964,3.335879158,0.8231617474,5.721128429,0.9610735664,0.5830806281,0.907416417,6.952237512,137,49.6927594
78,12000,0.1,0.827074523,3.37580582,0.8598325935,5.92679412,0.9619018043,0.5695837837,0.9421658913,7.116177778,145,42.70654628
78,12000,0.2,0.8689010707,3.632987985,0.8874684148,6.470817689,0.9790783044,0.5614418702,0.9661911484,7.669719167,146,31.90591362
78,14000,0.01,0.8937187329,7.397553698,0.8865332169,9.625781928,1.008105185,0.768514574,0.972836179,11.59112048,81,15.52548559
78,14000,0.02,0.8595193129,4.708294566,0.8715560276,6.93140363,0.9861893966,0.6792700032,0.957812627,8.371276451,98,34.33444955
78,14000,0.05,0.8696934227,3.34258204,0.8997684082,5.911345816,0.9665747483,0.5654519536,0.9859619621,7.098150546,117,40.86384826
78,14000,0.1,0.9028779456,3.295410915,0.9247864829,6.01536969,0.9763096264,0.5478318183,1.010912625,7.187975977,128,23.8507943
78,14000,0.2,0.9245858014,3.475841016,0.9434901576,6.481013103,0.9799633774,0.53631137,1.029505447,7.716590415,134,46.08773431
79,6000,0.01,0.6300752525,3.70074957,0.6256721769,5.671851288,1.007037352,0.6524764811,0.6263166484,5.683541848,65,20.26547659
79,6000,0.02,0.4765412801,3.200563268,0.4594223236,4.897511507,1.037261917,0.653508065,0.4600002703,4.909841257,66,12.82783812
79,6000,0.05,0.2985608777,2.78342997,0.2515772844,4.483644206,1.186756103,0.6207963528,0.2521005103,4.502313605,67,23.80417673
79,6000,0.1,0.2051127048,2.713848897,0.1495550781,4.423047247,1.37148606,0.6135699543,0.1500523011,4.452506581,67,23.77084985
79,6000,0.2,0.1298047981,2.71397948,0.08770707703,4.396324735,1.479980892,0.6173291656,0.08818477909,4.444344865,67,23.61290072
79,8000,0.01,0.7328515195,5.220992924,0.7238814262,7.632864638,1.012391661,0.6840148715,0.7249711491,7.65586279,103,30.77548099
79,8000,0.02,0.5902796318,4.116106048,0.5824338703,6.355706079,1.013470648,0.6476237253,0.5834941562,6.378867505,105,29.83580131
79,8000,0.05,0.4027754923,3.40383236,0.3771652537,5.654978147,1.067901904,0.6019178627,0.3782029814,5.686139028,106,30.75399646
79,8000,0.1,0.3182013868,3.178035767,0.2756805112,5.52908985,1.154239686,0.5747846125,0.276705298,5.570272809,106,37.15181059
79,8000,0.2,0.2703634163,3.179106066,0.225021452,5.492048854,1.20150063,0.5788561154,0.2260331527,5.541544584,106,20.87064413
79,10000,0.01,0.797463521,6.362203795,0.790557105,8.648704144,1.008736138,0.7356250936,0.8384596145,9.728566387,118,33.55230518
79,10000,0.02,0.6956529754,4.799512963,0.6971683393,6.900495222,0.9978264016,0.6955316697,0.7321335231,7.610015352,132,49.51067996
79,10000,0.05,0.6143189966,3.552530633,0.6441580941,6.079416788,0.9536773694,0.5843538544,0.6638934116,6.457638056,142,49.05830524
79,10000,0.1,0.6366307827,3.426560773,0.6688948366,6.25910271,0.9517651325,0.5474523956,0.6803039511,6.474442495,142,30.13432615
79,10000,0.2,0.6756483465,3.576474769,0.6848232406,6.530153202,0.986602537,0.5476861964,0.6913392937,6.655012456,137,47.22066487
79,12000,0.01,0.851589062,7.002683754,0.8440186579,9.015217497,1.008969475,0.7767625968,0.9298115417,10.941125,102,26.22758839
79,12000,0.02,0.7929563137,4.78992444,0.8003989549,6.659163941,0.9907013357,0.7192981706,0.8858144989,8.156282321,120,22.65344673
79,12000,0.05,0.7908020598,3.323207121,0.822831974,5.699395523,0.9610735664,0.5830806281,0.9070870174,6.926349158,137,32.78718934
79,12000,0.1,0.8268497664,3.363615676,0.8595989349,5.905392275,0.9619018043,0.5695837837,0.9419327204,7.090825228,145,50.05680219
79,12000,0.2,0.8687039452,3.620146622,0.8872670769,6.447945574,0.9790783044,0.5614418702,0.9659905588,7.642903795,146,42.27815128
79,14000,0.01,0.8932802479,7.376409342,0.8860982573,9.598268649,1.008105185,0.768514574,0.972401237,11.55899675,81,21.40156292
79,14000,0.02,0.8591854692,4.689848494,0.8712175087,6.904247901,0.9861893966,0.6792700032,0.9574741201,8.33906339,98,35.33337262
79,14000,0.05,0.8695186359,3.330083588,0.8995875771,5.889242343,0.9665747483,0.5654519536,0.9857811384,7.071858066,117,40.70634039
79,14000,0.1,0.9027541472,3.283569154,0.9246596806,5.993754004,0.9763096264,0.5478318183,1.01078583,7.162314103,128,44.48566249
79,14000,0.2,0.9244906557,3.463690228,0.9433930665,6.458356882,0.9799633774,0.53631137,1.029408366,7.689747276,134,43.79864969
80,6000,0.01,0.6292797079,3.692360235,0.6248821917,5.658993606,1.007037352,0.6524764811,0.6255267772,5.670674484,65,22.93726156
80,6000,0.02,0.4755812006,3.191505115,0.4584967334,4.883650694,1.037261917,0.653508065,0.4590748627,4.89597428,66,23.39653957
80,6000,0.05,0.2976086156,2.773503242,0.2507748768,4.467653892,1.186756103,0.6207963528,0.2512983838,4.486326331,67,23.82953959
80,6000,0.1,0.2044116194,2.703862172,0.1490438914,4.406770822,1.37148606,0.6135699543,0.1495414039,4.436239762,67,14.01067411
80,6000,0.2,0.1293761035,2.703962343,0.08741741478,4.380098161,1.479980892,0.6173291656,0.08789538139,4.42812667,67,25.47571489
80,8000,0.01,0.7321334945,5.211935916,0.7231721898,7.619623685,1.012391661,0.6840148715,0.7242619503,7.642605268,103,25.93111974
80,8000,0.02,0.5893922387,4.105376592,0.5815582721,6.339138656,1.013470648,0.6476237253,0.5826186005,6.36227545,105,36.4375454
80,8000,0.05,0.40176654,3.392180815,0.376220455,5.635620781,1.067901904,0.6019178627,0.3772582408,5.666754834,106,27.66181016
80,8000,0.1,0.3173523944,3.166285322,0.2749449687,5.508646636,1.154239686,0.5747846125,0.2759698114,5.549789548,106,30.88219129
80,8000,0.2,0.2697151533,3.167249883,0.2244819076,5.471566765,1.20150063,0.5788561154,0.225493655,5.520998973,106,39.72510632
80,10000,0.01,0.7968824977,6.351459328,0.7899811136,8.634098243,1.008736138,0.7356250936,0.8378916773,9.7131327,118,28.20376393
80,10000,0.02,0.6949310872,4.78633489,0.6964448786,6.881548459,0.9978264016,0.6955316697,0.7314219142,7.590119447,132,26.22131672
80,10000,0.05,0.6137633964,3.540263696,0.6435755069,6.058424479,0.9536773694,0.5843538544,0.6633186636,6.435838211,142,28.86380684
80,10000,0.1,0.6361271925,3.414225074,0.6683657247,6.236569793,0.9517651325,0.5474523956,0.679779156,6.451387581,142,33.32394333
80,10000,0.2,0.675082508,3.563218134,0.6842497183,6.505948402,0.986602537,0.5476861964,0.6907683541,6.630499189,138,49.20612239
80,12000,0.01,0.8511497401,6.989155582,0.8435832415,8.997801402,1.008969475,0.7767625968,0.9293762268,10.92103087,102,26.61518884
80,12000,0.02,0.7925055923,4.774784735,0.7999440031,6.638116056,0.9907013357,0.7192981706,0.8853597646,8.131398214,120,41.68524087
80,12000,0.05,0.7905266078,3.311529358,0.8225453653,5.679367824,0.9610735664,0.5830806281,0.9068007338,6.902461662,137,47.43302789
80,12000,0.1,0.8266382025,3.35184647,0.8593789915,5.884729456,0.9619018043,0.5695837837,0.9417132362,7.066337651,145,33.57559175
80,12000,0.2,0.8685120798,3.607572482,0.8870711116,6.425549418,0.9790783044,0.5614418702,0.9657953218,7.616642829,146,50.23237948
80,14000,0.01,0.8929700225,7.360211094,0.8857905261,9.577191303,1.008105185,0.768514574,0.9720935182,11.53432529,81,28.46536574
80,14000,0.02,0.858916467,4.674200899,0.8709447394,6.881212002,0.9861893966,0.6792700032,0.9572013604,8.311709422,98,34.2542776
80,14000,0.05,0.8693567501,3.318279501,0.8994200931,5.868366851,0.9665747483,0.5654519536,0.9856136614,7.047020149,117,37.19813595
80,14000,0.1,0.9026344456,3.272051656,0.9245370743,5.972730219,0.9763096264,0.5478318183,1.010663231,7.137352859,128,44.51496879
80,14000,0.2,0.9243972722,3.451767857,0.9432977737,6.436126568,0.9799633774,0.53631137,1.029313083,7.663407913,134,30.18231566
81,6000,0.01,0.6274507042,3.67737205,0.6230659695,5.63602238,1.007037352,0.6524764811,0.6237108177,5.64769453,65,23.06455333
81,6000,0.02,0.4733860439,3.17739309,0.456380434,4.862056431,1.037261917,0.653508065,0.456958983,4.874391407,66,19.45544166
81,6000,0.05,0.2959725388,2.762041686,0.2493962643,4.449191226,1.186756103,0.6207963528,0.2499202575,4.467906783,67,23.77295249
81,6000,0.1,0.2032867718,2.692995884,0.1482237244,4.38906088,1.37148606,0.6135699543,0.1487217047,4.418601863,67,17.18710468
81,6000,0.2,0.1286768661,2.693102143,0.086944951,4.362505926,1.479980892,0.6173291656,0.08742335199,4.410646017,67,19.14726691
81,8000,0.01,0.7305913289,5.194845674,0.7216489004,7.594638494,1.012391661,0.6840148715,0.7227387417,7.617594813,103,28.02240103
81,8000,0.02,0.5873975273,4.087222311,0.5795900735,6.311106513,1.013470648,0.6476237253,0.5806504981,6.334221383,105,28.00815525
81,8000,0.05,0.3999294311,3.377526113,0.3745001575,5.611274099,1.067901904,0.6019178627,0.3755380497,5.642419439,106,21.03120488
81,8000,0.1,0.3160969417,3.153289026,0.2738572806,5.486035913,1.154239686,0.5747846125,0.2748822066,5.527176338,106,30.96280723
81,8000,0.2,0.2688673882,3.15430945,0.223776319,5.449211584,1.20150063,0.5788561154,0.2247881275,5.498600398,106,36.90292296
81,10000,0.01,0.795699909,6.330666371,0.7888087668,8.605832544,1.008736138,0.7356250936,0.8367357441,9.683359988,118,39.91423991
81,10000,0.02,0.693521557,4.764125924,0.6950322781,6.84961754,0.9978264016,0.6955316697,0.730032503,7.556849399,132,39.70504757
81,10000,0.05,0.6128826281,3.524743745,0.6426519573,6.031865313,0.9536773694,0.5843538544,0.6624075647,6.408413598,142,48.94839591
81,10000,0.1,0.6354990639,3.400333649,0.6677057629,6.211195121,0.9517651325,0.5474523956,0.679124587,6.425454183,142,49.01165874
81,10000,0.2,0.67443911,3.548603156,0.6835975833,6.479263454,0.986602537,0.5476861964,0.6901191606,6.603478565,138,35.21852888
81,12000,0.01,0.8503095713,6.963718264,0.8427505415,8.965053535,1.008969475,0.7767625968,0.928543721,10.88327296,102,35.40831141
81,12000,0.02,0.791749193,4.7516259,0.7991805043,6.605919623,0.9907013357,0.7192981706,0.8845966312,8.093457409,120,22.70650635
81,12000,0.05,0.7901609735,3.297375381,0.8221649217,5.655093348,0.9610735664,0.5830806281,0.9064207218,6.87355706,137,39.14939748
81,12000,0.1,0.8263872107,3.338543465,0.8591180586,5.861373796,0.9619018043,0.5695837837,0.9414528482,7.038674303,145,27.51879076
81,12000,0.2,0.8682942366,3.59361453,0.8868486133,6.400688514,0.9790783044,0.5614418702,0.9655736508,7.587496825,146,42.36786821
81,14000,0.01,0.8924040097,7.331320809,0.8852290641,9.539598932,1.008105185,0.768514574,0.9715320789,11.49034524,81,23.80502645
81,14000,0.02,0.8585103273,4.652002092,0.8705329121,6.848531615,0.9861893966,0.6792700032,0.9567895477,8.272940853,98,34.1324628
81,14000,0.05,0.8691585174,3.304375679,0.8992150053,5.843777986,0.9665747483,0.5654519536,0.985408582,7.017772703,117,34.34358694
81,14000,0.1,0.9024969705,3.259116549,0.9243962634,5.949118764,0.9763096264,0.5478318183,1.010522429,7.109322095,128,44.23241848
81,14000,0.2,0.9242922302,3.438540638,0.943190584,6.411463248,0.9799633774,0.53631137,1.029205905,7.6341868,134,46.00441699
82,6000,0.01,0.6258551965,3.663667725,0.6214816114,5.615018826,1.007037352,0.6524764811,0.6221266898,5.626681302,65,22.95644497
82,6000,0.02,0.4714947796,3.164445804,0.4545571103,4.842244456,1.037261917,0.653508065,0.4551360232,4.854586241,66,23.25409558
82,6000,0.05,0.2945543717,2.751101696,0.2482012697,4.431568717,1.186756103,0.6207963528,0.2487256877,4.450315192,67,13.1805076
82,6000,0.1,0.2023262353,2.682566152,0.1475233626,4.372062441,1.37148606,0.6135699543,0.1480217454,4.401652894,67,23.9879367
82,6000,0.2,0.1280869398,2.68267885,0.08654634698,4.345621428,1.479980892,0.6173291656,0.08702511727,4.393833958,67,15.69564777
82,8000,0.01,0.7292344906,5.178873114,0.7203086697,7.571287306,1.012391661,0.6840148715,0.7213985825,7.59421716,103,30.2672492
82,8000,0.02,0.585664791,4.070681662,0.5778803681,6.28556599,1.013470648,0.6476237253,0.5789408766,6.308657318,105,37.28880346
82,8000,0.05,0.3983276083,3.363708753,0.3730001857,5.588318542,1.067901904,0.6019178627,0.3740381712,5.61946418,106,36.85319554
82,8000,0.1,0.3149838642,3.140848377,0.2728929424,5.464391894,1.154239686,0.5747846125,0.2739179425,5.505518069,107,23.58964507
82,8000,0.2,0.2681016978,3.141923556,0.2231390406,5.427814396,1.20150063,0.5788561154,0.2241509046,5.477152807,107,30.77536967
82,10000,0.01,0.7946523217,6.311130635,0.787770252,8.579275897,1.008736138,0.7356250936,0.8357117953,9.655272701,118,22.58318773
82,10000,0.02,0.6922403957,4.744033898,0.6937483259,6.820730248,0.9978264016,0.6955316697,0.7287697255,7.526752292,133,25.80755045
82,10000,0.05,0.6120916079,3.510213584,0.6418225152,6.006999966,0.9536773694,0.5843538544,0.6615893295,6.382704192,142,49.07664989
82,10000,0.1,0.6349118063,3.387101007,0.6670887434,6.187023812,0.9517651325,0.5474523956,0.678512618,6.400743438,142,48.82180132
82,10000,0.2,0.6738271576,3.534662345,0.682977321,6.453809441,0.986602537,0.5476861964,0.6895017009,6.577702943,138,39.25589381
82,12000,0.01,0.8495605004,6.93995454,0.8420081297,8.934460244,1.008969475,0.7767625968,0.9278014824,10.84790506,102,35.50728596
82,12000,0.02,0.7910687814,4.73025183,0.7984937063,6.57620445,0.9907013357,0.7192981706,0.8839101622,8.058395266,120,37.12289863
82,12000,0.05,0.7898216815,3.284040832,0.8218118873,5.632224214,0.9610735664,0.5830806281,0.906068088,6.84631326,137,25.824432
82,12000,0.1,0.8261495112,3.325890361,0.8588709445,5.839159148,0.9619018043,0.5695837837,0.9412062502,7.012358252,145,41.85637167
82,12000,0.2,0.8680862867,3.580321127,0.8866362198,6.377011258,0.9790783044,0.5614418702,0.9653620471,7.559737018,146,50.03875409
82,14000,0.01,0.891897509,7.304388206,0.8847266357,9.504553919,1.008105185,0.768514574,0.9710296708,11.44928945,81,28.46145384
82,14000,0.02,0.8581399417,4.631365398,0.8701573396,6.818150921,0.9861893966,0.6792700032,0.9564139884,8.236882553,98,27.30060595
82,14000,0.05,0.8689717335,3.291214942,0.8990217622,5.820503264,0.9665747483,0.5654519536,0.985215347,6.990085125,117,40.65306939
82,14000,0.1,0.9023659048,3.246799977,0.9242620174,5.926636367,0.9763096264,0.5478318183,1.010388191,7.082630625,128,44.45739075
82,14000,0.2,0.9241917827,3.425942616,0.9430880827,6.387973121,0.9799633774,0.53631137,1.029103414,7.606355234,134,47.84050129
83,6000,0.01,0.6243676814,3.651129018,0.6200044913,5.595801725,1.007037352,0.6524764811,0.620649785,5.607455882,65,22.82210648
83,6000,0.02,0.4696641968,3.151920242,0.4527922881,4.823077802,1.037261917,0.653508065,0.4533715554,4.835426237,66,12.60221004
83,6000,0.05,0.2931454762,2.740377559,0.2470140877,4.414293909,1.186756103,0.6207963528,0.2475389308,4.433072378,67,19.47591417
83,6000,0.1,0.2013523184,2.672297563,0.1468132446,4.355326633,1.37148606,0.6135699543,0.1473120387,4.384971117,67,16.52832192
83,6000,0.2,0.1274847305,2.67241014,0.08613944357,4.328987335,1.479980892,0.6173291656,0.08661859351,4.377281192,67,23.38530745
83,8000,0.01,0.7279831779,5.165375211,0.7190726731,7.551553959,1.012391661,0.6840148715,0.720162652,7.57446478,103,35.85632458
83,8000,0.02,0.5840147995,4.055011728,0.5762523076,6.261369943,1.013470648,0.6476237253,0.5773128965,6.284439179,105,27.39697679
83,8000,0.05,0.3967507354,3.350204557,0.3715235773,5.565883262,1.067901904,0.6019178627,0.3725616552,5.597030101,106,26.89059042
83,8000,0.1,0.3138783235,3.128617995,0.2719351337,5.443113694,1.154239686,0.5747846125,0.2729602079,5.48422726,107,29.6978062
83,8000,0.2,0.2673358486,3.129721107,0.2225016301,5.406734115,1.20150063,0.5788561154,0.2235135498,5.456024739,107,29.22629045
83,10000,0.01,0.7936448845,6.297094609,0.7867715397,8.56019549,1.008736138,0.7356250936,0.8347271586,9.635527327,119,41.18258408
83,10000,0.02,0.6910649136,4.725251678,0.6925702832,6.793726129,0.9978264016,0.6955316697,0.7276111231,7.498579301,133,38.09425135
83,10000,0.05,0.6113155713,3.49601261,0.6410087844,5.982697955,0.9536773694,0.5843538544,0.6607866163,6.357576453,142,37.73268217
83,10000,0.1,0.6343305327,3.374078976,0.6664780113,6.163237211,0.9517651325,0.5474523956,0.6779068931,6.376426117,142,49.47687822
83,10000,0.2,0.6732201101,3.520920857,0.6823620302,6.428719366,0.986602537,0.5476861964,0.688889195,6.552296002,138,47.57530353
83,12000,0.01,0.8488760018,6.920485571,0.8413297161,8.909395998,1.008969475,0.7767625968,0.9271232273,10.81908988,102,35.4261648
83,12000,0.02,0.7904276425,4.710591116,0.7978465497,6.548871259,0.9907013357,0.7192981706,0.8832633158,8.026165252,120,23.56316389
83,12000,0.05,0.7894902548,3.271079348,0.8214670369,5.609994897,0.9610735664,0.5830806281,0.905723629,6.819830487,137,26.41399515
83,12000,0.1,0.8259147748,3.31346068,0.8586269109,5.817336755,0.9619018043,0.5695837837,0.9409627264,6.986506286,145,41.6186186
83,12000,0.2,0.8678801306,3.567224031,0.8864256584,6.35368365,0.9790783044,0.5614418702,0.9651522689,7.53238695,146,33.4440392
83,14000,0.01,0.8914334991,7.281936542,0.8842663564,9.475339555,1.008105185,0.768514574,0.9705694103,11.41515407,81,28.51800998
83,14000,0.02,0.8577893332,4.612293196,0.8698018213,6.790073424,0.9861893966,0.6792700032,0.9560584827,8.203567642,98,32.16950842
83,14000,0.05,0.8687891122,3.278439411,0.8988328257,5.797909779,0.9665747483,0.5654519536,0.9850264183,6.963207875,117,41.09936688
83,14000,0.1,0.9022365944,3.2347187,0.9241295692,5.904583473,0.9763096264,0.5478318183,1.010255751,7.056448825,128,44.26265324
83,14000,0.2,0.9240923276,3.413542747,0.9429865941,6.364852468,0.9799633774,0.53631137,1.029001936,7.578961272,134,46.6673941
84,6000,0.01,0.6233096786,3.641339084,0.618953882,5.580797454,1.007037352,0.6524764811,0.6195993293,5.592442873,65,16.72429467
84,6000,0.02,0.4683738095,3.141599063,0.4515482558,4.807284303,1.037261917,0.653508065,0.4521277741,4.819631584,66,19.41633756
84,6000,0.05,0.2919981341,2.730026475,0.2460472993,4.397620029,1.186756103,0.6207963528,0.2465724909,4.416413638,67,14.42645699
84,6000,0.1,0.2005250771,2.66206426,0.1462100731,4.338648334,1.37148606,0.6135699543,0.1467092189,4.368322275,67,13.39912322
84,6000,0.2,0.1269739279,2.66215751,0.08579430218,4.312379292,1.479980892,0.6173291656,0.08627377629,4.360714716,67,24.15839282
84,8000,0.01,0.7270624077,5.154962779,0.7181631731,7.536331436,1.012391661,0.6840148715,0.7192532008,7.559226078,103,36.54984427
84,8000,0.02,0.5828342831,4.042540357,0.5750874822,6.242112818,1.013470648,0.6476237253,0.5761481287,6.265158983,105,37.8723718
84,8000,0.05,0.3955063365,3.337741433,0.3703583027,5.545177572,1.067901904,0.6019178627,0.371396454,5.576308515,106,32.88272507
84,8000,0.1,0.3129074428,3.116519485,0.2710939907,5.422064923,1.154239686,0.5747846125,0.2721191302,5.463149436,107,39.26763932
84,8000,0.2,0.2666245258,3.117562089,0.2219096015,5.385728865,1.20150063,0.5788561154,0.222921573,5.434961811,107,24.51691073
84,10000,0.01,0.7929198177,6.284973915,0.7860527523,8.543718764,1.008736138,0.7356250936,0.834018484,9.618224514,119,23.75534125
84,10000,0.02,0.6901631335,4.710071496,0.6916665388,6.771900837,0.9978264016,0.6955316697,0.7267223243,7.475737805,133,47.94295563
84,10000,0.05,0.6106575167,3.482891073,0.6403187664,5.960243175,0.9536773694,0.5843538544,0.6601059659,6.334303006,143,32.88028025
84,10000,0.1,0.6337817064,3.361303401,0.6659013708,6.139900799,0.9517651325,0.5474523956,0.677334988,6.35255679,142,43.20542527
84,10000,0.2,0.6726203626,3.507271591,0.6817541385,6.403797675,0.986602537,0.5476861964,0.6882840595,6.52705781,138,37.076741
84,12000,0.01,0.8483429688,6.905362981,0.8408014217,8.889927257,1.008969475,0.7767625968,0.9265950563,10.79670637,102,32.14852364
84,12000,0.02,0.7898987222,4.693813357,0.797312665,6.525546079,0.9907013357,0.7192981706,0.8827296871,7.998618816,120,24.29200701
84,12000,0.05,0.7891862566,3.258789305,0.8211507257,5.58891712,0.9610735664,0.5830806281,0.9054076771,6.794699469,137,35.72443165
84,12000,0.1,0.8256876592,3.301268799,0.8583907999,5.79593186,0.9619018043,0.5695837837,0.9407271089,6.961141808,145,50.71414289
84,12000,0.2,0.8676761247,3.554245843,0.8862172932,6.330567832,0.9790783044,0.5614418702,0.9649446789,7.505282729,146,52.64358449
84,14000,0.01,0.8910643697,7.264020785,0.8839001949,9.452027367,1.008105185,0.768514574,0.9702032635,11.38790862,81,30.00343849
84,14000,0.02,0.8574849845,4.595392259,0.8694932104,6.765192394,0.9861893966,0.6792700032,0.9557498828,8.174030776,98,23.78291239
84,14000,0.05,0.8686146325,3.266128278,0.8986523123,5.776137578,0.9665747483,0.5654519536,0.9848459123,6.937303743,117,29.63325268
84,14000,0.1,0.9021093441,3.222813866,0.9239992312,5.882852653,0.9763096264,0.5478318183,1.010125421,7.030647961,128,44.49230117
84,14000,0.2,0.9239934289,3.401241409,0.9428856733,6.341915534,0.9799633774,0.53631137,1.028901026,7.551784355,134,33.53528088
85,6000,0.01,0.6219008442,3.629431474,0.6175548928,5.562547585,1.007037352,0.6524764811,0.6182005452,5.57418493,65,13.33296897
85,6000,0.02,0.466630254,3.129428109,0.4498673346,4.788660274,1.037261917,0.653508065,0.4504471938,4.801012973,66,23.07355582
85,6000,0.05,0.2906246241,2.7192967,0.2448899342,4.380336141,1.186756103,0.6207963528,0.2454155459,4.399159509,67,25.64063693
85,6000,0.1,0.1995587175,2.651720212,0.1455054654,4.321789543,1.37148606,0.6135699543,0.1460050249,4.351516219,67,19.39917126
85,6000,0.2,0.126373721,2.651808355,0.08538875181,4.295614889,1.479980892,0.6173291656,0.08586860938,4.344030521,67,24.60054699
85,8000,0.01,0.7258147731,5.143136544,0.7169308095,7.519041995,1.012391661,0.6840148715,0.7180209037,7.541924803,104,25.81589224
85,8000,0.02,0.5812637903,4.027505153,0.5735378637,6.218896862,1.013470648,0.6476237253,0.5745985874,6.241921082,105,36.70208582
85,8000,0.05,0.3939577347,3.324308444,0.3689081679,5.522860593,1.067901904,0.6019178627,0.3699464111,5.553991057,107,37.30830387
85,8000,0.1,0.3118101039,3.104215393,0.2701432879,5.400658482,1.154239686,0.5747846125,0.2711685016,5.441728059,107,28.22643841
85,8000,0.2,0.2658555454,3.105267256,0.2212695848,5.364488986,1.20150063,0.5788561154,0.2222816127,5.413672681,107,38.13776679
85,10000,0.01,0.7919887863,6.269760903,0.7851297841,8.523038377,1.008736138,0.7356250936,0.8331085178,9.596540224,119,28.29161306
85,10000,0.02,0.6890344331,4.692036992,0.6905353797,6.745971746,0.9978264016,0.6955316697,0.7256099099,7.448675581,133,46.19504865
85,10000,0.05,0.6098946619,3.468794496,0.6395188577,5.936119819,0.9536773694,0.5843538544,0.6593169291,6.309346841,143,50.11734047
85,10000,0.1,0.6331962026,3.348210558,0.6652861941,6.115984851,0.9517651325,0.5474523956,0.6767248711,6.328104682,142,51.06170443
85,10000,0.2,0.6720034479,3.493426255,0.6811288464,6.378517988,0.986602537,0.5476861964,0.6876616072,6.501458484,138,49.62179802
85,12000,0.01,0.8476724173,6.886314455,0.8401368312,8.865404286,1.008969475,0.7767625968,0.9259306213,10.76850441,102,25.21024487
85,12000,0.02,0.7892724021,4.674653418,0.7966804663,6.498909089,0.9907013357,0.7192981706,0.8820977918,7.967197696,120,22.93649811
85,12000,0.05,0.7888555624,3.245881256,0.8208066374,5.566779447,0.9610735664,0.5830806281,0.9050639796,6.768319594,137,25.99465462
85,12000,0.1,0.8254500734,3.288776654,0.858143804,5.773999801,0.9619018043,0.5695837837,0.9404806293,6.93515756,145,50.31493077
85,12000,0.2,0.8674661577,3.541049065,0.8860028395,6.307062678,0.9790783044,0.5614418702,0.9647310233,7.477723605,146,51.8044451
85,14000,0.01,0.8905761447,7.243972427,0.8834158952,9.425940212,1.008105185,0.768514574,0.9697189836,11.35758662,82,23.63665091
85,14000,0.02,0.8571372818,4.576570632,0.8691406385,6.737483785,0.9861893966,0.6792700032,0.9553973233,8.141148186,98,28.30394821
85,14000,0.05,0.8684305001,3.253344928,0.8984618123,5.753530265,0.9665747483,0.5654519536,0.9846554203,6.910408296,117,31.23777451
85,14000,0.1,0.9019780031,3.210658702,0.9238647032,5.860664888,0.9763096264,0.5478318183,1.009990901,7.004305205,128,44.3173349
85,14000,0.2,0.9238921014,3.388744054,0.942782274,6.318613111,0.9799633774,0.53631137,1.028797637,7.524174579,134,25.19930435
86,6000,0.01,0.6194873945,3.610264452,0.6151583087,5.53317178,1.007037352,0.6524764811,0.615804314,5.544799144,65,22.85276563
86,6000,0.02,0.4639301601,3.112974195,0.4472642372,4.763482445,1.037261917,0.653508065,0.4478446282,4.775853101,66,18.96057499
86,6000,0.05,0.2887603833,2.70688016,0.2433190632,4.360335153,1.186756103,0.6207963528,0.2438452499,4.379214325,67,23.5631103
86,6000,0.1,0.198308568,2.640093537,0.1445939363,4.302840317,1.37148606,0.6135699543,0.1450940355,4.332655787,67,23.55960529
86,6000,0.2,0.1255949077,2.640202677,0.08486251979,4.276815067,1.479980892,0.6173291656,0.08534287906,4.325369417,67,19.16701841
86,8000,0.01,0.7237375304,5.118508753,0.7148789922,7.483037236,1.012391661,0.6840148715,0.7159691972,7.505878206,104,19.73134744
86,8000,0.02,0.5787230505,4.005452219,0.5710308945,6.184844782,1.013470648,0.6476237253,0.5720917436,6.207846277,105,27.4526888
86,8000,0.05,0.3918169146,3.308142202,0.3669034705,5.496002705,1.067901904,0.6019178627,0.3679418416,5.527155126,107,37.56041082
86,8000,0.1,0.3104073436,3.090254103,0.2689279768,5.37636888,1.154239686,0.5747846125,0.2699532858,5.417442688,107,20.5063756
86,8000,0.2,0.2649236364,3.091418417,0.2204939639,5.340564493,1.20150063,0.5788561154,0.2215060603,5.389704806,107,31.30606547
86,10000,0.01,0.7903789571,6.237600449,0.7835338968,8.479319838,1.008736138,0.7356250936,0.8315351562,9.550072507,119,34.87430756
86,10000,0.02,0.6872331505,4.664112557,0.6887301733,6.705823416,0.9978264016,0.6955316697,0.7238347064,7.40683549,133,46.44240252
86,10000,0.05,0.6088679797,3.451574365,0.6384423069,5.906651147,0.9536773694,0.5843538544,0.6582550449,6.278940939,143,50.01547318
86,10000,0.1,0.6324917038,3.333224945,0.6645459916,6.088611489,0.9517651325,0.5474523956,0.675990768,6.300132841,142,49.49645157
86,10000,0.2,0.6712919605,3.477738647,0.6804076975,6.349874564,0.986602537,0.5476861964,0.6869437396,6.472455152,138,47.70398613
86,12000,0.01,0.8465310766,6.847192508,0.8390056366,8.815038901,1.008969475,0.7767625968,0.9247996915,10.71000882,102,27.25669683
86,12000,0.02,0.7883205326,4.645546801,0.7957196627,6.458443788,0.9907013357,0.7192981706,0.8811374496,7.919450047,120,25.95160613
86,12000,0.05,0.7884337644,3.230127782,0.8203677553,5.539761786,0.9610735664,0.5830806281,0.9046255963,6.736148767,137,39.48890653
86,12000,0.1,0.8251679453,3.274349241,0.8578505016,5.748670054,0.9619018043,0.5695837837,0.9401879402,6.905156345,145,50.21885433
86,12000,0.2,0.8672232816,3.526009566,0.8857547734,6.2802754,0.9790783044,0.5614418702,0.9644838806,7.446318925,146,27.17040392
86,14000,0.01,0.8898132293,7.200656556,0.8826591136,9.369577103,1.008105185,0.768514574,0.9689622327,11.2913968,82,18.37932079
86,14000,0.02,0.8566336793,4.54900991,0.8686299835,6.696909755,0.9861893966,0.6792700032,0.9548866864,8.092980431,98,26.740384
86,14000,0.05,0.8682034763,3.237863737,0.8982269377,5.726151827,0.9665747483,0.5654519536,0.9844205554,6.87783979,117,33.60144936
86,14000,0.1,0.9018238569,3.196599045,0.9237068165,5.835000703,0.9763096264,0.5478318183,1.009833024,6.97383638,128,44.46412752
86,14000,0.2,0.9237750971,3.374463803,0.9426628774,6.291986319,0.9799633774,0.53631137,1.028678253,7.492626387,134,46.45006118
87,6000,0.01,0.6187432431,3.602562445,0.6144193576,5.521367512,1.007037352,0.6524764811,0.6150654721,5.532985998,65,22.6961825
87,6000,0.02,0.4629465628,3.10370557,0.446315974,4.749299567,1.037261917,0.653508065,0.4468965598,4.761663764,66,19.74230157
87,6000,0.05,0.2878446501,2.697230346,0.242547436,4.344790903,1.186756103,0.6207963528,0.2430739073,4.3636729,67,23.58115473
87,6000,0.1,0.1976613434,2.630586356,0.1441220214,4.287345457,1.37148606,0.6135699543,0.1446224021,4.317167809,67,13.13680909
87,6000,0.2,0.1252034932,2.630688214,0.08459804714,4.261402767,1.479980892,0.6173291656,0.08507866036,4.309959544,67,23.50475897
87,8000,0.01,0.7230720844,5.110777119,0.7142216913,7.471733923,1.012391661,0.6840148715,0.7153119319,7.494562143,104,35.62442446
87,8000,0.02,0.5778125689,3.995116972,0.5701325146,6.168886061,1.013470648,0.6476237253,0.5711934091,6.191865372,106,20.01931841
87,8000,0.05,0.3908085845,3.296579211,0.3659592545,5.476792458,1.067901904,0.6019178627,0.3669976862,5.50791802,107,37.25832741
87,8000,0.1,0.3096074169,3.079039729,0.2682349434,5.356858312,1.154239686,0.5747846125,0.2692603071,5.397891195,107,37.34979979
87,8000,0.2,0.2643132156,3.08018097,0.2199859152,5.321151298,1.20150063,0.5788561154,0.2209980566,5.370228507,107,37.05720805
87,10000,0.01,0.7898351487,6.228576109,0.7829947981,8.467052258,1.008736138,0.7356250936,0.8310036812,9.53718884,119,39.62720745
87,10000,0.02,0.6865566522,4.651859367,0.6880522013,6.688206403,0.9978264016,0.6955316697,0.7231680318,7.388313739,133,40.98196003
87,10000,0.05,0.6083114624,3.439679945,0.637858758,5.886296323,0.9536773694,0.5843538544,0.6576794631,6.257799391,143,27.18154336
87,10000,0.1,0.6319913098,3.321428841,0.664020238,6.06706422,0.9517651325,0.5474523956,0.6754693539,6.278085988,142,27.89572704
87,10000,0.2,0.6707366064,3.465178066,0.679844802,6.326940663,0.986602537,0.5476861964,0.6863834099,6.449228352,138,34.3072841
87,12000,0.01,0.8461183917,6.835349466,0.8385966205,8.799792232,1.008969475,0.7767625968,0.9243907711,10.69245434,102,31.64758821
87,12000,0.02,0.7878975462,4.631653405,0.7952927061,6.439128577,0.9907013357,0.7192981706,0.8807106982,7.896590956,120,42.24283283
87,12000,0.05,0.7881654117,3.2190875,0.8200885336,5.520827386,0.9610735664,0.5830806281,0.904346692,6.713555724,137,39.86003134
87,12000,0.1,0.8249589043,3.263168957,0.8576331811,5.729041189,0.9619018043,0.5695837837,0.9399710741,6.881890731,145,40.03584885
87,12000,0.2,0.8670331982,3.514091149,0.8855606281,6.259047172,0.9790783044,0.5614418702,0.9642904581,7.421426045,146,27.50071378
87,14000,0.01,0.8895204379,7.186146276,0.8823686763,9.35069616,1.008105185,0.768514574,0.9686718072,11.26930415,82,28.93690062
87,14000,0.02,0.8563776224,4.534566393,0.8683703408,6.675646461,0.9861893966,0.6792700032,0.9546270529,8.067720431,98,28.38048475
87,14000,0.05,0.8680455996,3.226740061,0.8980636015,5.70647964,0.9665747483,0.5654519536,0.984257226,6.854429379,117,40.65939568
87,14000,0.1,0.9017060866,3.185693609,0.9235861885,5.815094163,0.9763096264,0.5478318183,1.009712403,6.950199556,128,37.30204159
87,14000,0.2,0.9236830146,3.363183197,0.9425689122,6.270952631,0.9799633774,0.53631137,1.028584297,7.46770368,134,33.82400837
88,6000,0.01,0.6172475843,3.590022929,0.6129341507,5.502149171,1.007037352,0.6524764811,0.6135804852,5.51375924,65,22.92436498
88,6000,0.02,0.4611269955,3.090852568,0.4445617716,4.729631866,1.037261917,0.653508065,0.4451427194,4.742001191,66,16.56978818
88,6000,0.05,0.2864248628,2.686022954,0.2413510762,4.326737653,1.186756103,0.6207963528,0.2418779914,4.345650452,67,23.87817046
88,6000,0.1,0.1966714537,2.619813789,0.1434002571,4.269788263,1.37148606,0.6135699543,0.143901071,4.299664128,67,23.62369019
88,6000,0.2,0.1245878382,2.619919767,0.08418205861,4.243959161,1.479980892,0.6173291656,0.0846630737,4.29259757,67,23.68198103
88,8000,0.01,0.7217873656,5.09683615,0.7129526974,7.451352832,1.012391661,0.6840148715,0.714043007,7.474160778,104,36.13584783
88,8000,0.02,0.5761544891,3.979311308,0.5684964734,6.144480433,1.013470648,0.6476237253,0.5695574505,6.167436553,106,36.72352093
88,8000,0.05,0.3892135189,3.282531298,0.3644656102,5.45345387,1.067901904,0.6019178627,0.3655041383,5.484576883,107,37.12943815
88,8000,0.1,0.3084705203,3.066207942,0.2672499689,5.334533798,1.154239686,0.5747846125,0.2682754106,5.375549694,107,37.21517571
88,8000,0.2,0.2635145443,3.067381226,0.2193211871,5.299039163,1.20150063,0.5788561154,0.2203333876,5.34806377,107,28.11679016
88,10000,0.01,0.7888305272,6.211394191,0.7819988771,8.443695362,1.008736138,0.7356250936,0.8300218598,9.512602686,119,30.13179027
88,10000,0.02,0.6853640929,4.632832107,0.6868570443,6.660849978,0.9978264016,0.6955316697,0.7219928271,7.359743941,133,38.37401168
88,10000,0.05,0.6075092462,3.424950581,0.637017576,5.861090083,0.9536773694,0.5843538544,0.6568497864,6.231716562,143,49.21252526
88,10000,0.1,0.6313717981,3.30776519,0.6633693298,6.042105608,0.9517651325,0.5474523956,0.6748238269,6.252566966,142,27.10792295
88,10000,0.2,0.6700834383,3.450745483,0.6791827643,6.300588742,0.986602537,0.5476861964,0.685724395,6.422542996,138,26.64923258
88,12000,0.01,0.8453914715,6.813714506,0.8378761624,8.771939501,1.008969475,0.7767625968,0.9236704819,10.66031623,102,35.55434571
88,12000,0.02,0.787234293,4.611355442,0.7946232276,6.410909454,0.9907013357,0.7192981706,0.8800415417,7.863275243,120,41.40191842
88,12000,0.05,0.7878136601,3.205606652,0.8197225348,5.497707345,0.9610735664,0.5830806281,0.9039811098,6.68600319,138,47.50197879
88,12000,0.1,0.8247067809,3.250124157,0.8573710718,5.70613885,0.9619018043,0.5695837837,0.9397095132,6.854754891,145,49.90476437
88,12000,0.2,0.8668097851,3.500311907,0.8853324409,6.234504573,0.9790783044,0.5614418702,0.9640631207,7.392649751,146,31.8526279
88,14000,0.01,0.889023604,7.161066302,0.881875837,9.31806181,1.008105185,0.768514574,0.968178988,11.23109256,82,15.46611848
88,14000,0.02,0.856007471,4.514561142,0.8679950058,6.646195358,0.9861893966,0.6792700032,0.9542517312,8.032755776,98,34.30759808
88,14000,0.05,0.8678503176,3.213359521,0.8978615665,5.682816197,0.9665747483,0.5654519536,0.9840551994,6.826274792,117,29.89147971
88,14000,0.1,0.9015665129,3.172986194,0.923443228,5.79189833,0.9763096264,0.5478318183,1.009569451,6.922658846,128,44.39563043
88,14000,0.2,0.9235752143,3.35012215,0.9424589077,6.246599153,0.9799633774,0.53631137,1.028474304,7.438847955,134,45.99595063
89,6000,0.01,0.6155430442,3.57495725,0.6112415222,5.479059175,1.007037352,0.6524764811,0.6118881084,5.490657071,65,18.7726701
89,6000,0.02,0.4591742021,3.076518223,0.4426791291,4.707697407,1.037261917,0.653508065,0.4432604678,4.720070088,66,23.16293234
89,6000,0.05,0.28496919,2.673734471,0.2401244782,4.306942943,1.186756103,0.6207963528,0.240651852,4.325881979,67,19.54133631
89,6000,0.1,0.1956780495,2.608036459,0.1426759303,4.250593499,1.37148606,0.6135699543,0.1431771823,4.280512511,67,23.52026608
89,6000,0.2,0.1239735537,2.60816599,0.08376699618,4.224919436,1.479980892,0.6173291656,0.08424841527,4.273621231,67,24.07330005
89,8000,0.01,0.7202895348,5.07806142,0.7114732,7.423904994,1.012391661,0.6840148715,0.7125635903,7.446677901,104,30.37570786
89,8000,0.02,0.5743239786,3.961055556,0.5666902933,6.116291607,1.013470648,0.6476237253,0.5677513622,6.139217296,106,30.52479648
89,8000,0.05,0.3875489138,3.267084972,0.362906848,5.427792021,1.067901904,0.6019178627,0.3639454774,5.458904861,107,20.44049932
89,8000,0.1,0.30729388,3.052163488,0.2662305616,5.310099509,1.154239686,0.5747846125,0.2672560846,5.351087421,107,37.17916178
89,8000,0.2,0.2626752333,3.053413499,0.2186226348,5.274909286,1.20150063,0.5788561154,0.2196348977,5.32386997,107,30.15324677
89,10000,0.01,0.7876146585,6.185571863,0.7807935384,8.408592797,1.008736138,0.7356250936,0.8288336154,9.475139519,119,41.15724936
89,10000,0.02,0.6840260015,4.610355208,0.685516038,6.628533838,0.9978264016,0.6955316697,0.7206742653,7.325887854,133,33.87066943
89,10000,0.05,0.6066462897,3.408727972,0.6361127035,5.833328464,0.9536773694,0.5843538544,0.6559573178,6.202966801,143,29.15408493
89,10000,0.1,0.6307001084,3.292822352,0.6626635993,6.014810381,0.9517651325,0.5474523956,0.6741239415,6.22465396,142,26.95296776
89,10000,0.2,0.6693709512,3.435014308,0.678460602,6.27186577,0.986602537,0.5476861964,0.6850055364,6.393455569,138,47.57559176
89,12000,0.01,0.8444340538,6.781676158,0.8369272559,8.730693504,1.008969475,0.7767625968,0.9227217986,10.61243102,103,29.7680615
89,12000,0.02,0.7864829814,4.587087235,0.7938648643,6.377170723,0.9907013357,0.7192981706,0.8792835433,7.823350209,120,34.63958713
89,12000,0.05,0.7874300958,3.190625774,0.8193234351,5.472014709,0.9610735664,0.5830806281,0.9035824641,6.655368237,138,47.55288331
89,12000,0.1,0.8244298528,3.235799725,0.8570831753,5.680989904,0.9619018043,0.5695837837,0.9394222191,6.824954075,145,50.27760911
89,12000,0.2,0.866564609,3.48526133,0.8850820257,6.207697564,0.9790783044,0.5614418702,0.9638136382,7.361217376,146,46.03241501
89,14000,0.01,0.8883758981,7.120822226,0.8812333386,9.265695755,1.008105185,0.768514574,0.9675365158,11.16942786,82,28.69773497
89,14000,0.02,0.8555810632,4.490206838,0.8675626266,6.610341715,0.9861893966,0.6792700032,0.9538193673,7.990142296,98,28.45424147
89,14000,0.05,0.8676346858,3.198420566,0.8976384778,5.656396703,0.9665747483,0.5654519536,0.98383212,6.79483529,117,40.65700933
89,14000,0.1,0.9014126282,3.158987724,0.9232856093,5.766345836,0.9763096264,0.5478318183,1.009411842,6.892318584,128,26.7765976
89,14000,0.2,0.9234565795,3.335818666,0.9423378472,6.219929043,0.9799633774,0.53631137,1.028353256,7.40724684,134,45.91004575
90,6000,0.01,0.6140944471,3.563451666,0.6098030481,5.46142546,1.007037352,0.6524764811,0.610449849,5.473017164,65,22.50542709
90,6000,0.02,0.4574361269,3.064912681,0.4410034914,4.689938572,1.037261917,0.653508065,0.4415851802,4.702318899,66,13.26866723
90,6000,0.05,0.2835730616,2.663478157,0.2389480541,4.290421723,1.186756103,0.6207963528,0.2394758711,4.30939705,67,23.54298262
90,6000,0.1,0.1946859208,2.598111346,0.1419525334,4.23441749,1.37148606,0.6135699543,0.1424542265,4.264401203,67,23.69072043
90,6000,0.2,0.1233550255,2.598231872,0.08334906632,4.208827343,1.479980892,0.6173291656,0.08383089528,4.257629245,67,15.47132937
90,8000,0.01,0.7190442992,5.065595994,0.7102432061,7.405681082,1.012391661,0.6840148715,0.7113336636,7.428438864,104,36.04958132
90,8000,0.02,0.5727242491,3.946678323,0.5651118267,6.094091628,1.013470648,0.6476237253,0.5661729763,6.11699971,106,30.74407359
90,8000,0.05,0.3860048783,3.254308679,0.3614609891,5.406566045,1.067901904,0.6019178627,0.362499713,5.437684196,107,37.29061219
90,8000,0.1,0.3061835395,3.040365818,0.2652685946,5.289574133,1.154239686,0.5747846125,0.2662941947,5.330555047,107,37.34111167
90,8000,0.2,0.2619067827,3.041603498,0.2179830591,5.254506979,1.20150063,0.5788561154,0.2189953794,5.3034245,107,20.26722901
90,10000,0.01,0.7866476182,6.170575077,0.7798348731,8.388206344,1.008736138,0.7356250936,0.82788857,9.45382533,119,23.62898965
90,10000,0.02,0.6828656067,4.592889198,0.6843531155,6.603422098,0.9978264016,0.6955316697,0.7195308567,7.299740266,133,45.28726723
90,10000,0.05,0.6058868391,3.395247639,0.6353163644,5.81025968,0.9536773694,0.5843538544,0.6551719188,6.17911117,143,29.01893191
90,10000,0.1,0.6301176806,3.28025655,0.6620516545,5.991857148,0.9517651325,0.5474523956,0.673517074,6.201188315,142,48.94973845
90,10000,0.2,0.6687578391,3.421684029,0.6778391643,6.247526507,0.986602537,0.5476861964,0.6843869468,6.368809035,138,39.29051691
90,12000,0.01,0.8437381516,6.762926906,0.8362375401,8.706555818,1.008969475,0.7767625968,0.9220322448,10.58471789,103,35.81345082
90,12000,0.02,0.7858248562,4.568590133,0.7932005619,6.351455238,0.9907013357,0.7192981706,0.8786195615,7.793076717,121,35.07500821
90,12000,0.05,0.7871008535,3.178223439,0.8189808575,5.450744349,0.9610735664,0.5830806281,0.9032402763,6.63002096,138,40.24841171
90,12000,0.1,0.8241938427,3.223801012,0.8568378176,5.659924149,0.9619018043,0.5695837837,0.9391773749,6.799995132,145,41.22899398
90,12000,0.2,0.8663553624,3.472551056,0.8848683078,6.185058936,0.9790783044,0.5614418702,0.9636007166,7.334673551,146,27.92270855
90,14000,0.01,0.8879035426,7.099025882,0.8807647808,9.237334102,1.008105185,0.768514574,0.9670679771,11.13629627,82,24.14134254
90,14000,0.02,0.8552297079,4.471939876,0.8672063509,6.583449667,0.9861893966,0.6792700032,0.9534631043,7.958228492,98,34.17104222
90,14000,0.05,0.867451394,3.186126656,0.8974488476,5.634654962,0.9665747483,0.5654519536,0.9836424976,6.768968397,117,34.13359994
90,14000,0.1,0.9012821706,3.147307353,0.9231519861,5.745024746,0.9763096264,0.5478318183,1.009278227,6.867003931,128,44.32258046
90,14000,0.2,0.9233557894,3.323786388,0.9422349964,6.197493796,0.9799633774,0.53631137,1.028250416,7.380663871,134,38.70271645
91,6000,0.01,0.6121830986,3.548166534,0.6079050565,5.437999126,1.007037352,0.6524764811,0.6085521418,5.449582257,65,22.97670374
91,6000,0.02,0.4553401623,3.051661119,0.4389828208,4.669660992,1.037261917,0.653508065,0.4395649343,4.682053618,66,23.10850402
91,6000,0.05,0.2821224005,2.65306722,0.2377256791,4.273651429,1.186756103,0.6207963528,0.2382539602,4.292666606,67,12.84845874
91,6000,0.1,0.1937111643,2.588230774,0.1412418033,4.218314075,1.37148606,0.6135699543,0.141743933,4.248360506,67,23.69221659
91,6000,0.2,0.1227511279,2.588356539,0.08294102212,4.192830476,1.479980892,0.6173291656,0.08342325428,4.241727765,67,23.71597706
91,8000,0.01,0.7173990567,5.046360948,0.7086181014,7.377560282,1.012391661,0.6840148715,0.7097086482,7.400285543,104,19.81017096
91,8000,0.02,0.570720237,3.928973607,0.5631344512,6.066753662,1.013470648,0.6476237253,0.5641957022,6.089641323,106,36.672034
91,8000,0.05,0.3843370254,3.240977174,0.3598991856,5.384417668,1.067901904,0.6019178627,0.3609380124,5.415546106,107,30.86413932
91,8000,0.1,0.3050692276,3.028575904,0.2643031869,5.26906225,1.154239686,0.5747846125,0.2653288647,5.310036757,107,37.13317534
91,8000,0.2,0.2611477181,3.029869231,0.2173512952,5.234235504,1.20150063,0.5788561154,0.2183636724,5.283109022,107,37.01580133
91,10000,0.01,0.7853800212,6.145954995,0.7785782541,8.354738098,1.008736138,0.7356250936,0.8266498351,9.418277188,119,22.64323172
91,10000,0.02,0.6813906607,4.570798285,0.6828749566,6.571660909,0.9978264016,0.6955316697,0.718077607,7.266671731,134,48.22752346
91,10000,0.05,0.6050585885,3.381067879,0.6344478835,5.785993972,0.9536773694,0.5843538544,0.6543153944,6.154040466,143,51.39068004
91,10000,0.1,0.6295232493,3.267655257,0.6614270977,5.968839088,0.9517651325,0.5474523956,0.6728977086,6.177660012,143,27.2824213
91,10000,0.2,0.6681458116,3.408446142,0.6772188258,6.223355937,0.986602537,0.5476861964,0.6837694564,6.344333294,138,47.31957854
91,12000,0.01,0.8428413321,6.733356184,0.8353486931,8.668486628,1.008969475,0.7767625968,0.9211436065,10.54052816,103,29.4730324
91,12000,0.02,0.7850614568,4.545511943,0.7924299973,6.319370921,0.9907013357,0.7192981706,0.8778493682,7.755182719,121,43.73843727
91,12000,0.05,0.7867485272,3.165182369,0.8186142608,5.42837854,0.9610735664,0.5830806281,0.9028740971,6.603374068,138,26.59774156
91,12000,0.1,0.8239517915,3.211694501,0.8565861794,5.638669135,0.9619018043,0.5695837837,0.9389262637,6.774815314,146,50.22307294
91,12000,0.2,0.8661449937,3.459893878,0.8846534438,6.162514878,0.9790783044,0.5614418702,0.9633866533,7.308241438,147,50.34783192
91,14000,0.01,0.8873058406,7.066377891,0.8801718844,9.19485216,1.008105185,0.768514574,0.9664751049,11.08641447,82,28.67257824
91,14000,0.02,0.8548242737,4.450127571,0.866795239,6.551338274,0.9861893966,0.6792700032,0.953052007,7.920091348,98,28.23001683
91,14000,0.05,0.8672575856,3.173304112,0.8972483371,5.611978333,0.9665747483,0.5654519536,0.9834419954,6.741990885,118,37.87778108
91,14000,0.1,0.9011495062,3.135520202,0.9230161025,5.723508744,0.9763096264,0.5478318183,1.009142352,6.841457947,128,24.41961111
91,14000,0.2,0.9232545502,3.311787965,0.9421316872,6.175121675,0.9799633774,0.53631137,1.028147118,7.354155733,134,46.11713075
92,6000,0.01,0.6113340318,3.540039074,0.6070619232,5.4255428,1.007037352,0.6524764811,0.6077091351,5.437117725,65,18.88732977
92,6000,0.02,0.454311479,3.042832222,0.4379910913,4.656150988,1.037261917,0.653508065,0.4385734143,4.668540218,66,23.582976
92,6000,0.05,0.2812452144,2.644235628,0.236986533,4.259425198,1.186756103,0.6207963528,0.2375150966,4.278446428,67,25.29903528
92,6000,0.1,0.1931005007,2.579518147,0.1407965464,4.204114183,1.37148606,0.6135699543,0.1412989515,4.234170836,67,22.99844592
92,6000,0.2,0.1223820037,2.579631377,0.08269161067,4.178696749,1.479980892,0.6173291656,0.08317409077,4.227601827,67,19.15446238
92,8000,0.01,0.7166540914,5.037727,0.7078822544,7.364937825,1.012391661,0.6840148715,0.7089728418,7.387648651,104,22.51746136
92,8000,0.02,0.5697721726,3.918454856,0.5621989881,6.05051159,1.013470648,0.6476237253,0.5632602874,6.073377034,106,39.53379899
92,8000,0.05,0.3833605235,3.230353074,0.358984774,5.366767252,1.067901904,0.6019178627,0.3600236613,5.39787461,107,31.39040662
92,8000,0.1,0.3043070944,3.01830613,0.2636428967,5.251195081,1.154239686,0.5747846125,0.2646686279,5.292135252,108,20.90851574
92,8000,0.2,0.2605766909,3.019573518,0.2168760336,5.216449196,1.20150063,0.5788561154,0.2178884537,5.2652657,108,37.2721969
92,10000,0.01,0.7847409321,6.137505183,0.7779446998,8.343251523,1.008736138,0.7356250936,0.8260253571,9.406425987,120,34.59503619
92,10000,0.02,0.6806587113,4.558203897,0.6821414128,6.553553339,0.9978264016,0.6955316697,0.7173564338,7.247663165,134,29.9425514
92,10000,0.05,0.6045158643,3.370001073,0.6338787977,5.767055436,0.9536773694,0.5843538544,0.6537541579,6.13437898,143,27.29391707
92,10000,0.1,0.6290495601,3.256844598,0.6609294023,5.949091873,0.9517651325,0.5474523956,0.6724041558,6.157455883,143,40.75494356
92,10000,0.2,0.6676225445,3.396939042,0.676688453,6.202345549,0.986602537,0.5476861964,0.6832415226,6.323054576,138,47.46893707
92,12000,0.01,0.8424032331,6.720639633,0.8349144886,8.652115409,1.008969475,0.7767625968,0.9207095042,10.52164298,103,29.99836795
92,12000,0.02,0.784626349,4.531666627,0.7919908057,6.300122554,0.9907013357,0.7192981706,0.8774103884,7.73239911,121,41.76225875
92,12000,0.05,0.7864884632,3.15487958,0.8183436634,5.410708961,0.9610735664,0.5830806281,0.9026038079,6.582290555,138,47.67041863
92,12000,0.1,0.8237529327,3.201417819,0.8563794443,5.620626693,0.9619018043,0.5695837837,0.9387199616,6.753429631,146,40.43624043
92,12000,0.2,0.8659649097,3.448971428,0.8844695116,6.143060593,0.9790783044,0.5614418702,0.9632034067,7.285428241,147,28.37820133
92,14000,0.01,0.8870015254,7.051288148,0.8798700159,9.175217213,1.008105185,0.768514574,0.9661732487,11.06341836,82,28.69929981
92,14000,0.02,0.8545580451,4.436299432,0.8665252821,6.530980923,0.9861893966,0.6792700032,0.9527820598,7.895926201,99,28.38370809
92,14000,0.05,0.86710658,3.162989043,0.8970921095,5.593736165,0.9665747483,0.5654519536,0.9832857743,6.720280754,118,40.95364463
92,14000,0.1,0.9010378692,3.125507233,0.9229017566,5.705231293,0.9763096264,0.5478318183,1.009028013,6.819754756,128,36.55727405
92,14000,0.2,0.9231675019,3.301457221,0.942042859,6.155859088,0.9799633774,0.53631137,1.028058299,7.331331083,134,25.31474162
93,6000,0.01,0.6108805906,3.53516148,0.6066116507,5.41806729,1.007037352,0.6524764811,0.6072589304,5.429636063,65,22.80753107
93,6000,0.02,0.4535625679,3.035313301,0.4372690836,4.644645511,1.037261917,0.653508065,0.4378515595,4.657027801,66,17.04064575
93,6000,0.05,0.2804461458,2.635801475,0.2363132113,4.245839176,1.186756103,0.6207963528,0.2368420333,4.264863127,67,23.4619855
93,6000,0.1,0.1925070213,2.571056114,0.1403638191,4.190322711,1.37148606,0.6135699543,0.140866493,4.220389394,67,23.66690935
93,6000,0.2,0.1220205824,2.571143642,0.08244740396,4.164947625,1.479980892,0.6173291656,0.08293012794,4.213861374,67,24.06077302
93,8000,0.01,0.716283775,5.03557245,0.7075164707,7.361787967,1.012391661,0.6840148715,0.7086070782,7.384501246,104,36.21981373
93,8000,0.02,0.5691502185,3.910574695,0.5615853008,6.038343782,1.013470648,0.6476237253,0.5626466318,6.061188887,106,36.76376837
93,8000,0.05,0.3825097851,3.220442469,0.3581881293,5.350302206,1.067901904,0.6019178627,0.3592270695,5.381384787,107,31.24289233
93,8000,0.1,0.3035857976,3.0083733,0.263017986,5.233914121,1.154239686,0.5747846125,0.2640437679,5.27481873,108,37.70280794
93,8000,0.2,0.2600210269,3.009564015,0.2164135586,5.199157328,1.20150063,0.5788561154,0.2174260205,5.247918249,108,37.48920405
93,10000,0.01,0.7844514383,6.137069237,0.7776577132,8.342658904,1.008736138,0.7356250936,0.8257424656,9.406255238,120,23.15865458
93,10000,0.02,0.6801765004,4.549888773,0.6816581515,6.541598278,0.9978264016,0.6955316697,0.7168813328,7.235110175,134,25.07574396
93,10000,0.05,0.6040345515,3.359738023,0.6333741063,5.749492363,0.9536773694,0.5843538544,0.6532564371,6.11612409,143,49.62303047
93,10000,0.1,0.6285957596,3.246406929,0.6604526034,5.930025981,0.9517651325,0.5474523956,0.6719313308,6.137946051,143,40.4857812
93,10000,0.2,0.6671121899,3.385752131,0.6761711681,6.181919781,0.986602537,0.5476861964,0.6827266199,6.302367752,138,47.41897411
93,12000,0.01,0.8421762704,6.719270023,0.8346895436,8.65035218,1.008969475,0.7767625968,0.9204846121,10.52002831,103,30.07418058
93,12000,0.02,0.7843174523,4.522302015,0.7916790096,6.287103457,0.9907013357,0.7192981706,0.8770987427,7.717014624,121,41.73840622
93,12000,0.05,0.78625303,3.145421092,0.8180986944,5.394487384,0.9610735664,0.5830806281,0.902359118,6.56292747,138,39.7505776
93,12000,0.1,0.8235626986,3.191558946,0.8561816757,5.603317787,0.9619018043,0.5695837837,0.9385226072,6.732910993,146,50.45716331
93,12000,0.2,0.865789727,3.43837801,0.8842905855,6.124192357,0.9790783044,0.5614418702,0.9630251476,7.263301574,147,28.11541791
93,14000,0.01,0.8868330465,7.047865696,0.8797028916,9.170763879,1.008105185,0.768514574,0.9660061312,11.05842402,82,17.16498446
93,14000,0.02,0.8543643609,4.4262491,0.8663288856,6.516185139,0.9861893966,0.6792700032,0.9525856702,7.878361654,99,34.47343904
93,14000,0.05,0.8669673676,3.153510709,0.896948083,5.576973762,0.9665747483,0.5654519536,0.9831417538,6.700331207,118,33.70934632
93,14000,0.1,0.9009308466,3.115931953,0.9227921371,5.68775279,0.9763096264,0.5478318183,1.0089184,6.798999773,128,44.35702738
93,14000,0.2,0.9230829498,3.29146087,0.9419565782,6.137220007,0.9799633774,0.53631137,1.027972027,7.309244996,134,45.85931875
94,6000,0.01,0.6094347703,3.523634183,0.605175934,5.400400298,1.007037352,0.6524764811,0.6058234303,5.411962588,65,20.74890051
94,6000,0.02,0.451922927,3.024233059,0.435688344,4.627690492,1.037261917,0.653508065,0.4362711562,4.640079523,66,23.57630672
94,6000,0.05,0.2791142403,2.625597087,0.2351909036,4.229401598,1.186756103,0.6207963528,0.2357201589,4.248458047,67,20.99664093
94,6000,0.1,0.1915511139,2.561075051,0.1396668326,4.174055514,1.37148606,0.6135699543,0.140169942,4.204181338,67,19.31920184
94,6000,0.2,0.1214218127,2.56114734,0.08204282462,4.148754802,1.479980892,0.6173291656,0.08252595504,4.197760705,67,16.90557425
94,8000,0.01,0.7149626769,5.022939366,0.7062115428,7.343318947,1.012391661,0.6840148715,0.7073022227,7.366018646,105,36.26235599
94,8000,0.02,0.567599656,3.896586143,0.5600553477,6.016743968,1.013470648,0.6476237253,0.5611167581,6.039571305,106,37.03264392
94,8000,0.05,0.381040541,3.207895179,0.3568123062,5.329456687,1.067901904,0.6019178627,0.3578513383,5.360540476,107,20.67131237
94,8000,0.1,0.3025034081,2.996537283,0.2620802348,5.21332203,1.154239686,0.5747846125,0.2631060932,5.254214828,108,20.292845
94,8000,0.2,0.2592588861,2.997686882,0.2157792345,5.178639047,1.20150063,0.5788561154,0.2167917541,5.227353424,108,37.9349417
94,10000,0.01,0.7834486346,6.120010588,0.7766635942,8.319469579,1.008736138,0.7356250936,0.8247625425,9.381830862,120,34.67359112
94,10000,0.02,0.6790150115,4.532273808,0.6804941324,6.516272379,0.9978264016,0.6955316697,0.7157370009,7.208707403,134,25.26755377
94,10000,0.05,0.6032938804,3.346435782,0.6325974588,5.726728346,0.9536773694,0.5843538544,0.652490534,6.092564385,143,49.20904141
94,10000,0.1,0.6280091275,3.233821832,0.6598362411,5.907037503,0.9517651325,0.5474523956,0.6713201132,6.114440397,143,49.23156246
94,10000,0.2,0.6664859457,3.372352009,0.6755364199,6.157452994,0.986602537,0.5476861964,0.6820947995,6.277591419,138,38.97985379
94,12000,0.01,0.8414505434,6.698059358,0.8339702681,8.623045684,1.008969475,0.7767625968,0.9197655059,10.48850978,103,29.12652037
94,12000,0.02,0.7836676083,4.503108315,0.7910230663,6.26041953,0.9907013357,0.7192981706,0.876443116,7.685508559,121,23.96993164
94,12000,0.05,0.7859202488,3.132988264,0.8177524346,5.373164728,0.9610735664,0.5830806281,0.9020132527,6.53750901,138,47.50035825
94,12000,0.1,0.8233219717,3.179511836,0.8559314142,5.582167062,0.9619018043,0.5695837837,0.9382728701,6.707848043,146,50.72545418
94,12000,0.2,0.8655749447,3.425596998,0.8840712136,6.101427735,0.9790783044,0.5614418702,0.9628065937,7.236608606,147,50.52854668
94,14000,0.01,0.886340493,7.023546366,0.8792142982,9.139119288,1.008105185,0.768514574,0.9655175577,11.02136063,82,23.74333661
94,14000,0.02,0.8540038885,4.407384308,0.8659633651,6.488412983,0.9861893966,0.6792700032,0.9522201627,7.845383761,99,31.2313933
94,14000,0.05,0.8667796677,3.141104106,0.8967538922,5.555032724,0.9665747483,0.5654519536,0.9829475711,6.674224159,118,42.19666503
94,14000,0.1,0.900796926,3.104169007,0.922654967,5.666280972,0.9763096264,0.5478318183,1.008781238,6.773504925,128,27.04625768
94,14000,0.2,0.9229793406,3.279347291,0.9418508506,6.114633168,0.9799633774,0.53631137,1.02786631,7.282481709,134,46.15830141
95,6000,0.01,0.6067931142,3.504076558,0.6025527383,5.370425846,1.007037352,0.6524764811,0.6032006322,5.38198114,65,18.69119669
95,6000,0.02,0.4489598943,3.007526458,0.4328317534,4.602126001,1.037261917,0.653508065,0.4334151779,4.614540998,66,19.53244452
95,6000,0.05,0.2772256208,2.614337184,0.2335994903,4.211263763,1.186756103,0.6207963528,0.2341293654,4.230390299,67,13.16670196
95,6000,0.1,0.1903157763,2.550819364,0.1387661033,4.157340734,1.37148606,0.6135699543,0.1392697807,4.187575189,67,15.14427576
95,6000,0.2,0.1206544076,2.55092431,0.08152430094,4.132194706,1.479980892,0.6173291656,0.08200795674,4.181369942,67,23.42411046
95,8000,0.01,0.7127383948,4.998814335,0.7040144859,7.3080492,1.012391661,0.6840148715,0.7051052878,7.330712966,105,26.10059552
95,8000,0.02,0.5647981988,3.873937903,0.5572911263,5.981772673,1.013470648,0.6476237253,0.558352681,6.00458311,106,36.78033167
95,8000,0.05,0.3788031703,3.192704638,0.3547171974,5.304219788,1.067901904,0.6019178627,0.3557563706,5.335343606,108,20.66489093
95,8000,0.1,0.3011411235,2.98417452,0.2608999907,5.191813516,1.154239686,0.5747846125,0.2619259458,5.232726056,108,37.47198758
95,8000,0.2,0.2583845558,2.9854997,0.2150515359,5.157585141,1.20150063,0.5788561154,0.2160641218,5.206269222,108,37.51302624
95,10000,0.01,0.7817669885,6.089578865,0.774996512,8.278101058,1.008736138,0.7356250936,0.8231193157,9.338063319,120,41.96002819
95,10000,0.02,0.6770913932,4.504399479,0.6785663239,6.476196089,0.9978264016,0.6955316697,0.7138418996,7.167033862,134,39.33723658
95,10000,0.05,0.602239552,3.330356056,0.6314919189,5.699211241,0.9536773694,0.5843538544,0.6514003323,6.064222275,144,38.56473676
95,10000,0.1,0.6273337358,3.220459494,0.659126621,5.882629284,0.9517651325,0.5474523956,0.6706164268,6.089507228,143,28.78607
95,10000,0.2,0.6658241686,3.358514106,0.6748656563,6.132186877,0.986602537,0.5476861964,0.6814271355,6.252008705,139,31.05890682
95,12000,0.01,0.840285226,6.661892667,0.8328153101,8.57648488,1.008969475,0.7767625968,0.9186108198,10.43458157,103,29.42877048
95,12000,0.02,0.7827042146,4.475549758,0.7900506302,6.22210641,0.9907013357,0.7192981706,0.8754711497,7.640314998,121,41.8869805
95,12000,0.05,0.7855091756,3.11865356,0.8173247116,5.348580298,0.9610735664,0.5830806281,0.9015860174,6.508240539,138,40.4178627
95,12000,0.1,0.8230541177,3.166667759,0.8556529513,5.559617126,0.9619018043,0.5695837837,0.9379949907,6.681140686,146,40.34696223
95,12000,0.2,0.8653469607,3.412309028,0.8838383578,6.077760155,0.9790783044,0.5614418702,0.9625746064,7.20886126,147,51.93253911
95,14000,0.01,0.8855761524,6.984103824,0.8784561029,9.087796198,1.008105185,0.768514574,0.9647593935,10.96115911,82,23.66875411
95,14000,0.02,0.8535125303,4.382165436,0.865465126,6.45128655,0.9861893966,0.6792700032,0.9517219414,7.801306681,99,28.42670195
95,14000,0.05,0.8665644621,3.127254962,0.8965312446,5.530540556,0.9665747483,0.5654519536,0.9827249327,6.645087006,118,40.91785517
95,14000,0.1,0.9006525944,3.091729173,0.9225071331,5.643573575,0.9763096264,0.5478318183,1.008633414,6.746545099,128,44.53986288
95,14000,0.2,0.9228703149,3.266764792,0.9417395958,6.091171984,0.9799633774,0.53631137,1.027755067,7.254683221,134,30.48367344
96,6000,0.01,0.6051692761,3.490901421,0.6009402479,5.350233338,1.007037352,0.6524764811,0.6015883874,5.361780469,65,18.67281971
96,6000,0.02,0.4472266755,2.995728931,0.4311607977,4.58407339,1.037261917,0.653508065,0.4317445824,4.596495317,67,12.97824972
96,6000,0.05,0.2759639367,2.60442895,0.2325363535,4.19530324,1.186756103,0.6207963528,0.2330666462,4.214459605,67,13.04872974
96,6000,0.1,0.1894629723,2.541294824,0.1381442931,4.141817581,1.37148606,0.6135699543,0.1386483659,4.172098766,67,23.3831779
96,6000,0.2,0.1201277864,2.541399357,0.08116847124,4.116765413,1.479980892,0.6173291656,0.08165249053,4.166009532,67,23.28130031
96,8000,0.01,0.7113315832,4.982470113,0.7026248937,7.284154659,1.012391661,0.6840148715,0.7037157732,7.306790644,105,36.44014171
96,8000,0.02,0.5630514509,3.858548425,0.5555675955,5.95800968,1.013470648,0.6476237253,0.556629241,5.980802003,107,37.26200409
96,8000,0.05,0.3773555167,3.180267101,0.3533615919,5.283556608,1.067901904,0.6019178627,0.354400857,5.314681047,108,20.9336411
96,8000,0.1,0.3001413203,2.972857911,0.26003379,5.172125083,1.154239686,0.5747846125,0.2610598165,5.213021361,108,37.61700049
96,8000,0.2,0.2576832169,2.974207414,0.2144678168,5.13807721,1.20150063,0.5788561154,0.2154804561,5.186712036,108,37.53008081
96,10000,0.01,0.7806796723,6.068896397,0.7739186125,8.249985556,1.008736138,0.7356250936,0.8220568755,9.308213531,120,34.64841646
96,10000,0.02,0.6758407918,4.484972308,0.6773129983,6.448264692,0.9978264016,0.6955316697,0.7126099081,7.137855452,134,46.40829698
96,10000,0.05,0.6014941791,3.317192542,0.6307103412,5.676684627,0.9536773694,0.5843538544,0.6506296198,6.040912216,144,42.361892
96,10000,0.1,0.6267669233,3.208416679,0.6585310828,5.860631362,0.9517651325,0.5474523956,0.6700258772,6.067014035,143,38.59707972
96,10000,0.2,0.66522591,3.345801114,0.6742592737,6.108974694,0.986602537,0.5476861964,0.68082356,6.228502193,139,47.93679917
96,12000,0.01,0.8395122937,6.637103064,0.8320492489,8.544570879,1.008969475,0.7767625968,0.9178449393,10.39754542,103,29.99137715
96,12000,0.02,0.7820301778,4.455242251,0.7893702669,6.19387402,0.9907013357,0.7192981706,0.8747911154,7.606932581,121,30.26151114
96,12000,0.05,0.7851789759,3.106465124,0.8169811379,5.327676781,0.9610735664,0.5830806281,0.9012428355,6.483320034,138,25.72993434
96,12000,0.1,0.8228200254,3.155119939,0.8554095872,5.539342988,0.9619018043,0.5695837837,0.9377521368,6.657116464,146,42.0123753
96,12000,0.2,0.8651402231,3.400170564,0.8836272024,6.056139993,0.9790783044,0.5614418702,0.9623642389,7.183510059,147,50.56775461
96,14000,0.01,0.8850290713,6.958522431,0.8779134204,9.054509396,1.008105185,0.768514574,0.9642167333,10.92221889,83,29.08853292
96,14000,0.02,0.8531480886,4.362769412,0.8650955805,6.422732332,0.9861893966,0.6792700032,0.9513524091,7.767378721,99,18.89929545
96,14000,0.05,0.8663809111,3.115202129,0.8963413462,5.509225159,0.9665747483,0.5654519536,0.9825350422,6.619722121,118,40.96630544
96,14000,0.1,0.9005230334,3.080476364,0.9223744282,5.623032947,0.9763096264,0.5478318183,1.008500717,6.722155312,128,36.90705118
96,14000,0.2,0.9227707035,3.255261392,0.9416379477,6.069722877,0.9799633774,0.53631137,1.02765343,7.229267763,134,45.98874708
97,6000,0.01,0.6045168054,3.484280863,0.6002923367,5.340086522,1.007037352,0.6524764811,0.6009405752,5.351625963,65,22.85161367
97,6000,0.02,0.4463700453,2.987609868,0.4303349404,4.571649576,1.037261917,0.653508065,0.4309189043,4.584065439,67,19.42978553
97,6000,0.05,0.2751667013,2.595778933,0.2318645765,4.181369497,1.186756103,0.6207963528,0.2323951346,4.200527212,67,14.38617889
97,6000,0.1,0.1888984214,2.532712015,0.1377326587,4.127829267,1.37148606,0.6135699543,0.1382369947,4.158114377,67,23.55016559
97,6000,0.2,0.1197876534,2.5328031,0.08093864868,4.102840495,1.479980892,0.6173291656,0.08142290402,4.152081891,67,23.43143427
97,8000,0.01,0.7107475725,4.976120328,0.7020480312,7.274871549,1.012391661,0.6840148715,0.703138943,7.297497946,105,19.90745319
97,8000,0.02,0.5622844929,3.849422122,0.5548108316,5.943917697,1.013470648,0.6476237253,0.5558725171,5.966688014,107,37.541073
97,8000,0.05,0.3764730378,3.169974807,0.352535225,5.266457441,1.067901904,0.6019178627,0.3535745464,5.297555669,108,37.39843455
97,8000,0.1,0.2994282202,2.962762837,0.2594159806,5.154561852,1.154239686,0.5747846125,0.2604420583,5.195418555,108,38.33939632
97,8000,0.2,0.2571323252,2.964077182,0.2140093138,5.120576777,1.20150063,0.5788561154,0.2150219952,5.169152063,108,32.27626431
97,10000,0.01,0.7802018759,6.061721453,0.773444954,8.240232023,1.008736138,0.7356250936,0.82159002,9.298029716,120,22.68289337
97,10000,0.02,0.6752317525,4.47430422,0.6767026322,6.432926659,0.9978264016,0.6955316697,0.7120099523,7.121721672,134,26.38186007
97,10000,0.05,0.6009858267,3.306576219,0.6301772969,5.658516999,0.9536773694,0.5843538544,0.6501039981,6.022028311,144,49.76027877
97,10000,0.1,0.6262971464,3.197803999,0.658037498,5.841245786,0.9517651325,0.5474523956,0.669536433,6.047176219,143,40.65844607
97,10000,0.2,0.6647003844,3.334484524,0.6737266118,6.08831215,0.986602537,0.5476861964,0.6802933679,6.207575078,139,47.7097201
97,12000,0.01,0.8391471844,6.627569961,0.8316873854,8.532298013,1.008969475,0.7767625968,0.9174831611,10.38345755,103,31.63797949
97,12000,0.02,0.7816474811,4.443140351,0.7889839783,6.177049426,0.9907013357,0.7192981706,0.8744050136,7.58699829,121,25.06822576
97,12000,0.05,0.7849282727,3.096595466,0.8167202805,5.310750034,0.9610735664,0.5830806281,0.9009822757,6.463111908,138,39.48506781
97,12000,0.1,0.822621722,3.145068865,0.8552034296,5.521696641,0.9619018043,0.5695837837,0.9375464114,6.636196345,146,51.81114142
97,12000,0.2,0.86495844,3.389435847,0.8834415349,6.037020085,0.9790783044,0.5614418702,0.9621792641,7.161087491,147,50.48333771
97,14000,0.01,0.8847695094,6.946564071,0.8776559454,9.038949041,1.008105185,0.768514574,0.9639592688,10.90402169,83,29.06158093
97,14000,0.02,0.8529150978,4.350180975,0.864859327,6.40420003,0.9861893966,0.6792700032,0.951116164,7.745350336,99,34.59407906
97,14000,0.05,0.866232504,3.105263774,0.896187807,5.491649209,0.9665747483,0.5654519536,0.9823815094,6.598801815,118,40.86733829
97,14000,0.1,0.9004112123,3.07068258,0.9222598938,5.605155592,0.9763096264,0.5478318183,1.008386189,6.700925735,128,29.77128798
97,14000,0.2,0.9226829238,3.245115026,0.9415483732,6.05080408,0.9799633774,0.53631137,1.027563864,7.20684967,134,46.1018814
98,6000,0.01,0.602958802,3.471878814,0.5987452209,5.321078866,1.007037352,0.6524764811,0.5993936963,5.332611174,65,18.74113701
98,6000,0.02,0.4446503755,2.976146043,0.4286770469,4.554107597,1.037261917,0.653508065,0.429261372,4.56653137,67,19.96858202
98,6000,0.05,0.2738598527,2.58565116,0.2307633826,4.165055334,1.186756103,0.6207963528,0.2312943783,4.184245304,67,23.51263117
98,6000,0.1,0.1879833765,2.522852945,0.1370654664,4.111760895,1.37148606,0.6135699543,0.1375702316,4.142101074,67,19.62981067
98,6000,0.2,0.1192178976,2.522933938,0.08055367352,4.086853624,1.479980892,0.6173291656,0.08103832656,4.136178861,67,23.32183695
98,8000,0.01,0.7093871239,4.961199623,0.7007042345,7.253058127,1.012391661,0.6840148715,0.7017952216,7.275661539,105,20.93248536
98,8000,0.02,0.5606284633,3.834591697,0.5531768133,5.921017941,1.013470648,0.6476237253,0.5542385854,5.943769456,107,20.79482119
98,8000,0.05,0.375003557,3.157430674,0.3511591802,5.245617167,1.067901904,0.6019178627,0.3521985959,5.276716715,108,20.54696252
98,8000,0.1,0.2983728075,2.951066588,0.2585016015,5.134212928,1.154239686,0.5747846125,0.2595277553,5.175055604,108,20.58874212
98,8000,0.2,0.2563894367,2.952363158,0.2133910132,5.100340273,1.20150063,0.5788561154,0.2144037516,5.148866848,108,38.02654123
98,10000,0.01,0.7791423514,6.042925227,0.7723946054,8.214680657,1.008736138,0.7356250936,0.8205547733,9.271016919,120,33.37026693
98,10000,0.02,0.6740029684,4.455709931,0.6754711714,6.406192738,0.9978264016,0.6955316697,0.7107995334,7.093827638,134,46.19992001
98,10000,0.05,0.6002296494,3.293234247,0.6293843899,5.635684991,0.9536773694,0.5843538544,0.6493221514,5.998397103,144,41.53896457
98,10000,0.1,0.6257068165,3.185357769,0.6574172505,5.818510969,0.9517651325,0.5474523956,0.6689213967,6.023928962,143,50.76373234
98,10000,0.2,0.6640716725,3.321271931,0.6730893623,6.064187765,0.986602537,0.5476861964,0.679659078,6.183144984,139,39.60021995
98,12000,0.01,0.838348542,6.606563989,0.8308958426,8.505255036,1.008969475,0.7767625968,0.9166918058,10.35239579,104,31.56294595
98,12000,0.02,0.7809749502,4.4233638,0.788305135,6.149555193,0.9907013357,0.7192981706,0.8737264989,7.554504904,121,41.92529691
98,12000,0.05,0.7845890182,3.0841691,0.8163672851,5.28943846,0.9610735664,0.5830806281,0.9006296831,6.4377024,138,49.24445064
98,12000,0.1,0.8223776095,3.133132805,0.8549496485,5.500740882,0.9619018043,0.5695837837,0.9372931625,6.611363094,146,50.93672731
98,12000,0.2,0.8647412062,3.376817953,0.883219659,6.014545998,0.9790783044,0.5614418702,0.9619582164,7.134734442,147,51.65457565
98,14000,0.01,0.8842582255,6.920790837,0.8771487722,9.005412611,1.008105185,0.768514574,0.9634521164,10.86469069,83,24.09260336
98,14000,0.02,0.8525466673,4.331028358,0.864485737,6.376004148,0.9861893966,0.6792700032,0.9507425873,7.711854415,99,23.53636079
98,14000,0.05,0.8660422517,3.092919531,0.8959909756,5.469818454,0.9665747483,0.5654519536,0.9821846862,6.572823315,118,29.31226762
98,14000,0.1,0.9002757155,3.059038605,0.9221211091,5.58390094,0.9763096264,0.5478318183,1.008247413,6.67568768,128,44.25322829
98,14000,0.2,0.9225782438,3.233154879,0.9414415528,6.028503328,0.9799633774,0.53631137,1.027457055,7.180424765,134,47.44344772
99,6000,0.01,0.6011373334,3.457778252,0.5969364811,5.29946803,1.007037352,0.6524764811,0.5975852345,5.310993264,65,12.64704437
99,6000,0.02,0.4426119911,2.963212243,0.4267118881,4.534316258,1.037261917,0.653508065,0.427296644,4.546752213,67,13.05516678
99,6000,0.05,0.2724213698,2.575212793,0.2295512693,4.148240854,1.186756103,0.6207963528,0.2300827504,4.167471973,67,23.73564028
99,6000,0.1,0.1869999166,2.512884123,0.1363483903,4.095513649,1.37148606,0.6135699543,0.1368536203,4.125921197,67,22.90768937
99,6000,0.2,0.1186071685,2.512967324,0.08014101339,4.070708893,1.479980892,0.6173291656,0.08062609594,4.120136916,67,14.40212579
99,8000,0.01,0.7077961287,4.943774491,0.6991327131,7.227583342,1.012391661,0.6840148715,0.7002237887,7.250159866,105,23.75221357
99,8000,0.02,0.558686746,3.817811494,0.5512609046,5.895107521,1.013470648,0.6476237253,0.5523227788,5.917840466,107,37.23308526
99,8000,0.05,0.3733517148,3.144145896,0.3496123695,5.223546419,1.067901904,0.6019178627,0.3506518917,5.254655533,108,37.92617453
99,8000,0.1,0.297248421,2.939187128,0.2575274654,5.113545256,1.154239686,0.5747846125,0.2585537006,5.154380945,108,37.79279533
99,8000,0.2,0.2556170811,2.940527522,0.2127481874,5.07989368,1.20150063,0.5788561154,0.2137609853,5.128374954,108,20.57820829
99,10000,0.01,0.7778971105,6.020260745,0.771160149,8.18387083,1.008736138,0.7356250936,0.8193380985,9.238381835,120,22.62423153
99,10000,0.02,0.672606481,4.434909978,0.6740716421,6.376287624,0.9978264016,0.6955316697,0.7094239822,7.06264727,134,46.664076
99,10000,0.05,0.5993962533,3.2791714,0.6285105136,5.611619355,0.9536773694,0.5843538544,0.6484604909,5.973517663,144,49.81011879
99,10000,0.1,0.6250902558,3.172657859,0.6567694429,5.79531277,0.9517651325,0.5474523956,0.6682790412,6.000213231,143,48.90909061
99,10000,0.2,0.6634297405,3.307902515,0.6724387133,6.039777041,0.986602537,0.5476861964,0.6790114562,6.15842552,139,25.90311706
99,12000,0.01,0.8374580775,6.578668905,0.8300132942,8.469343056,1.008969475,0.7767625968,0.9158094659,10.31074115,104,29.96411307
99,12000,0.02,0.780226326,4.401563685,0.7875494842,6.119247712,0.9907013357,0.7192981706,0.8729712141,7.51868998,121,26.72101641
99,12000,0.05,0.7842311785,3.07129582,0.8159949518,5.267360416,0.9610735664,0.5830806281,0.9002577749,6.411384949,138,31.93248244
99,12000,0.1,0.8221254433,3.120963086,0.8546874947,5.479374897,0.9619018043,0.5695837837,0.9370315587,6.586045886,146,44.98304458
99,12000,0.2,0.864518894,3.36402651,0.8829925963,5.991762796,0.9790783044,0.5614418702,0.9617320013,7.108019692,147,48.71970481
99,14000,0.01,0.8836614912,6.889563074,0.8765568357,8.964778688,1.008105185,0.768514574,0.9628602042,10.81697649,83,19.86072143
99,14000,0.02,0.8521414633,4.310076839,0.8640748585,6.345159978,0.9861893966,0.6792700032,0.9503317235,7.675210448,99,34.43386869
99,14000,0.05,0.865844374,3.080191465,0.895786255,5.44730891,0.9665747483,0.5654519536,0.9819799741,6.546037334,118,34.33819948
99,14000,0.1,0.9001367867,3.047189345,0.9219788092,5.562271565,0.9763096264,0.5478318183,1.008105122,6.650004702,128,36.0536097
99,14000,0.2,0.9224712844,3.221036427,0.9413324065,6.005907403,0.9799633774,0.53631137,1.02734792,7.153650264,135,37.69637147
100,6000,0.01,0.6000286633,3.448414345,0.5958355585,5.285116697,1.007037352,0.6524764811,0.5964844818,5.296634986,65,19.0288881
100,6000,0.02,0.4412926166,2.953322476,0.4254399099,4.519182906,1.037261917,0.653508065,0.4260249463,4.531620405,67,23.59056932
100,6000,0.05,0.2713543869,2.565840705,0.2286521941,4.133143975,1.186756103,0.6207963528,0.2291840378,4.152393672,67,17.68037289
100,6000,0.1,0.1862499513,2.503717563,0.1358015635,4.080573936,1.37148606,0.6135699543,0.1363071505,4.111014317,67,23.80194255
100,6000,0.2,0.118144244,2.503791665,0.07982822257,4.055845414,1.479980892,0.6173291656,0.08031363293,4.105320023,67,13.02587685
100,8000,0.01,0.7068319368,4.933662164,0.6981803229,7.21279956,1.012391661,0.6840148715,0.6992714524,7.235361777,105,33.21008454
100,8000,0.02,0.5574570134,3.805819353,0.550047517,5.876590378,1.013470648,0.6476237253,0.5511094562,5.899303346,107,33.30945225
100,8000,0.05,0.372151894,3.132691037,0.3484888385,5.204515816,1.067901904,0.6019178627,0.3495284387,5.235614007,108,36.67286977
100,8000,0.1,0.296355873,2.928348146,0.2567541876,5.094687789,1.154239686,0.5747846125,0.2577804877,5.135498252,108,21.12062528
100,8000,0.2,0.2549664052,2.929671577,0.2122066347,5.061139545,1.20150063,0.5788561154,0.2132194828,5.109567805,108,20.16586834
100,10000,0.01,0.7771407294,6.008198946,0.7704103185,8.167474164,1.008736138,0.7356250936,0.8185990871,9.221171504,120,34.32359837
100,10000,0.02,0.6716860549,4.420455168,0.673149211,6.355505236,0.9978264016,0.6955316697,0.7085173935,7.040904133,134,34.98948143
100,10000,0.05,0.598753611,3.267199441,0.6278366565,5.591131839,0.9536773694,0.5843538544,0.6477960725,5.952275402,144,35.60510724
100,10000,0.1,0.6245534991,3.161171453,0.6562054837,5.774331208,0.9517651325,0.5474523956,0.6677198361,5.978751962,143,41.07056169
100,10000,0.2,0.662847792,3.295702029,0.6718488623,6.017500626,0.986602537,0.5476861964,0.6784243543,6.135865511,139,39.93177362
100,12000,0.01,0.8369075343,6.563623398,0.8294676451,8.449973551,1.008969475,0.7767625968,0.9152639458,10.28843123,104,22.85258153
100,12000,0.02,0.7797020938,4.385972579,0.7870203316,6.097572271,0.9907013357,0.7192981706,0.872442318,7.493047722,121,32.56874801
100,12000,0.05,0.783933885,3.060220866,0.815685617,5.248366553,0.9610735664,0.5830806281,0.8999487933,6.38872432,138,30.51916593
100,12000,0.1,0.8219019151,3.110021868,0.8544551133,5.46016575,0.9619018043,0.5695837837,0.9367996648,6.563277603,146,31.54500832
100,12000,0.2,0.8643171692,3.352404133,0.8827865609,5.971061852,0.9790783044,0.5614418702,0.9615267352,7.083744238,147,32.13965541
100,14000,0.01,0.8832848552,6.871977084,0.8761832277,8.941895595,1.008105185,0.768514574,0.9624866117,10.79019065,83,20.36197856
100,14000,0.02,0.8518428849,4.294595929,0.8637720988,6.322369468,0.9861893966,0.6792700032,0.9500289746,7.648129455,99,18.14870934
100,14000,0.05,0.8656740115,3.069144523,0.8956100013,5.427772427,0.9665747483,0.5654519536,0.9818037277,6.52278576,118,25.71278016
100,14000,0.1,0.9000120366,3.036530899,0.921851032,5.542815875,0.9763096264,0.5478318183,1.007977353,6.626901395,128,32.51317204
100,14000,0.2,0.9223741183,3.210037195,0.9412332537,5.985398361,0.9799633774,0.53631137,1.027248778,7.129347799,135,31.61090744
